{
"type": "FeatureCollection",
"name": "wi_tracts",
"crs": { "type": "name", "properties": { "name": "urn:ogc:def:crs:OGC:1.3:CRS84" } },
"xy_coordinate_resolution": 0.0001,
"features": [
{ "type": "Feature", "properties": { "GEOID": "55139002800", "county": "Census Tract 28" }, "geometry": { "type": "Polygon", "coordinates": [ [ [ -88.4405, 44.2 ], [ -88.4401, 44.209 ], [ -88.4332, 44.2154 ], [ -88.415, 44.2156 ], [ -88.4042, 44.2185 ], [ -88.4045, 44.201 ], [ -88.4283, 44.202 ], [ -88.4405, 44.2 ] ] ] } },
{ "type": "Feature", "properties": { "GEOID": "55139001100", "county": "Census Tract 11" }, "geometry": { "type": "Polygon", "coordinates": [ [ [ -88.5821, 44.0108 ], [ -88.5818, 44.0258 ], [ -88.5606, 44.0255 ], [ -88.5574, 44.0214 ], [ -88.5644, 44.0179 ], [ -88.5624, 44.0179 ], [ -88.5625, 44.0105 ], [ -88.5821, 44.0108 ] ] ] } },
{ "type": "Feature", "properties": { "GEOID": "55015020100", "county": "Census Tract 201" }, "geometry": { "type": "Polygon", "coordinates": [ [ [ -88.164, 44.1545 ], [ -88.1629, 44.2414 ], [ -88.0432, 44.241 ], [ -88.0436, 44.1535 ], [ -88.164, 44.1545 ] ] ] } },
{ "type": "Feature", "properties": { "GEOID": "55015020600", "county": "Census Tract 206" }, "geometry": { "type": "Polygon", "coordinates": [ [ [ -88.1623, 43.8915 ], [ -88.1616, 43.9377 ], [ -88.1509, 43.9376 ], [ -88.1508, 43.9789 ], [ -88.0421, 43.9792 ], [ -88.0418, 43.8917 ], [ -88.1623, 43.8915 ] ] ] } },
{ "type": "Feature", "properties": { "GEOID": "55087011501", "county": "Census Tract 115.01" }, "geometry": { "type": "Polygon", "coordinates": [ [ [ -88.3971, 44.2703 ], [ -88.3957, 44.2841 ], [ -88.3749, 44.2842 ], [ -88.3749, 44.2768 ], [ -88.3971, 44.2703 ] ] ] } },
{ "type": "Feature", "properties": { "GEOID": "55069960900", "county": "Census Tract 9609" }, "geometry": { "type": "Polygon", "coordinates": [ [ [ -89.7087, 45.1924 ], [ -89.6934, 45.1924 ], [ -89.6934, 45.1904 ], [ -89.6883, 45.1944 ], [ -89.6883, 45.1851 ], [ -89.6831, 45.185 ], [ -89.683, 45.1795 ], [ -89.7, 45.1796 ], [ -89.7021, 45.1768 ], [ -89.7054, 45.1768 ], [ -89.7042, 45.1824 ], [ -89.7084, 45.1824 ], [ -89.7087, 45.1924 ] ] ] } },
{ "type": "Feature", "properties": { "GEOID": "55075960200", "county": "Census Tract 9602" }, "geometry": { "type": "Polygon", "coordinates": [ [ [ -88.4281, 45.377 ], [ -88.4256, 45.4635 ], [ -88.4253, 45.7224 ], [ -88.1988, 45.7186 ], [ -88.0593, 45.7131 ], [ -88.0593, 45.7099 ], [ -88.0444, 45.704 ], [ -88.044, 45.7008 ], [ -88.0362, 45.696 ], [ -88.035, 45.6913 ], [ -88.027, 45.6852 ], [ -88.0202, 45.6873 ], [ -88.0186, 45.6851 ], [ -88.0064, 45.6828 ], [ -88.0019, 45.6873 ], [ -87.9966, 45.6878 ], [ -87.9867, 45.6966 ], [ -87.9741, 45.6976 ], [ -87.9657, 45.7032 ], [ -87.9517, 45.7002 ], [ -87.9616, 45.6783 ], [ -87.9612, 45.6602 ], [ -87.9651, 45.6477 ], [ -87.9692, 45.6439 ], [ -87.9902, 45.6353 ], [ -87.9959, 45.6251 ], [ -87.9944, 45.5903 ], [ -87.9512, 45.5898 ], [ -87.9342, 45.5826 ], [ -87.8448, 45.5809 ], [ -87.8318, 45.575 ], [ -87.815, 45.5714 ], [ -87.8084, 45.574 ], [ -87.7961, 45.574 ], [ -87.7928, 45.5791 ], [ -87.7875, 45.5795 ], [ -87.7888, 45.5659 ], [ -87.7947, 45.5624 ], [ -87.8317, 45.568 ], [ -87.833, 45.5595 ], [ -87.8137, 45.5486 ], [ -87.8034, 45.5383 ], [ -87.8022, 45.5131 ], [ -87.7988, 45.5063 ], [ -87.7932, 45.505 ], [ -87.7928, 45.5 ], [ -87.7979, 45.494 ], [ -87.799, 45.4851 ], [ -87.8069, 45.4791 ], [ -87.8058, 45.4731 ], [ -87.813, 45.4642 ], [ -87.8312, 45.4572 ], [ -87.836, 45.4509 ], [ -87.8448, 45.4484 ], [ -87.8474, 45.4442 ], [ -87.8553, 45.4414 ], [ -87.8617, 45.4345 ], [ -87.8572, 45.4179 ], [ -87.864, 45.4211 ], [ -87.8744, 45.4177 ], [ -87.8741, 45.4239 ], [ -87.8825, 45.4261 ], [ -87.8842, 45.4358 ], [ -87.8985, 45.4433 ], [ -87.9024, 45.4491 ], [ -87.9088, 45.4529 ], [ -88.037, 45.4543 ], [ -88.0373, 45.4402 ], [ -88.057, 45.4401 ], [ -88.0575, 45.4258 ], [ -88.0955, 45.4269 ], [ -88.0957, 45.4239 ], [ -88.0983, 45.4238 ], [ -88.0993, 45.3989 ], [ -88.2504, 45.4028 ], [ -88.2598, 45.3957 ], [ -88.2935, 45.3958 ], [ -88.2963, 45.3903 ], [ -88.3049, 45.3876 ], [ -88.3055, 45.3832 ], [ -88.3005, 45.3802 ], [ -88.3048, 45.3749 ], [ -88.4281, 45.377 ] ] ] } },
{ "type": "Feature", "properties": { "GEOID": "55089650102", "county": "Census Tract 6501.02" }, "geometry": { "type": "Polygon", "coordinates": [ [ [ -88.0043, 43.2935 ], [ -88.0046, 43.3206 ], [ -87.9901, 43.3026 ], [ -87.9864, 43.2938 ], [ -88.0043, 43.2935 ] ] ] } },
{ "type": "Feature", "properties": { "GEOID": "55105001700", "county": "Census Tract 17" }, "geometry": { "type": "Polygon", "coordinates": [ [ [ -89.0564, 42.5181 ], [ -89.0516, 42.518 ], [ -89.0541, 42.5253 ], [ -89.0378, 42.5271 ], [ -89.0339, 42.5079 ], [ -89.0564, 42.5072 ], [ -89.0564, 42.5181 ] ] ] } },
{ "type": "Feature", "properties": { "GEOID": "55105000400", "county": "Census Tract 4" }, "geometry": { "type": "Polygon", "coordinates": [ [ [ -89.052, 42.6865 ], [ -89.0284, 42.6869 ], [ -89.0321, 42.6793 ], [ -89.0316, 42.6695 ], [ -89.0499, 42.6652 ], [ -89.052, 42.6865 ] ] ] } },
{ "type": "Feature", "properties": { "GEOID": "55105000800", "county": "Census Tract 8" }, "geometry": { "type": "Polygon", "coordinates": [ [ [ -89.0186, 42.6853 ], [ -89.009, 42.7008 ], [ -88.9842, 42.7003 ], [ -88.9841, 42.6967 ], [ -89.0186, 42.6853 ] ] ] } },
{ "type": "Feature", "properties": { "GEOID": "55117011200", "county": "Census Tract 112" }, "geometry": { "type": "Polygon", "coordinates": [ [ [ -88.0405, 43.5424 ], [ -88.0399, 43.6306 ], [ -87.9208, 43.6311 ], [ -87.921, 43.5434 ], [ -88.0405, 43.5424 ] ] ] } },
{ "type": "Feature", "properties": { "GEOID": "55131420300", "county": "Census Tract 4203" }, "geometry": { "type": "Polygon", "coordinates": [ [ [ -88.181, 43.3977 ], [ -88.1811, 43.4195 ], [ -88.1761, 43.418 ], [ -88.1761, 43.4267 ], [ -88.1614, 43.4268 ], [ -88.161, 43.3977 ], [ -88.181, 43.3977 ] ] ] } },
{ "type": "Feature", "properties": { "GEOID": "55133202600", "county": "Census Tract 2026" }, "geometry": { "type": "Polygon", "coordinates": [ [ [ -88.2437, 43.0028 ], [ -88.2375, 43.0097 ], [ -88.2266, 43.0088 ], [ -88.2266, 43.0119 ], [ -88.2216, 43.0119 ], [ -88.2218, 43.003 ], [ -88.2437, 43.0028 ] ] ] } },
{ "type": "Feature", "properties": { "GEOID": "55133201102", "county": "Census Tract 2011.02" }, "geometry": { "type": "Polygon", "coordinates": [ [ [ -88.1069, 43.0243 ], [ -88.087, 43.026 ], [ -88.0868, 43.0361 ], [ -88.0669, 43.0364 ], [ -88.0673, 43.0164 ], [ -88.107, 43.0167 ], [ -88.1069, 43.0243 ] ] ] } },
{ "type": "Feature", "properties": { "GEOID": "55133200700", "county": "Census Tract 2007" }, "geometry": { "type": "Polygon", "coordinates": [ [ [ -88.1256, 43.1047 ], [ -88.0761, 43.1046 ], [ -88.0763, 43.0966 ], [ -88.0661, 43.0983 ], [ -88.0663, 43.0888 ], [ -88.1256, 43.0899 ], [ -88.1256, 43.1047 ] ] ] } },
{ "type": "Feature", "properties": { "GEOID": "55133202700", "county": "Census Tract 2027" }, "geometry": { "type": "Polygon", "coordinates": [ [ [ -88.2384, 43.0112 ], [ -88.2316, 43.0168 ], [ -88.227, 43.0138 ], [ -88.2266, 43.0088 ], [ -88.2366, 43.0087 ], [ -88.2384, 43.0112 ] ] ] } },
{ "type": "Feature", "properties": { "GEOID": "55049950100", "county": "Census Tract 9501" }, "geometry": { "type": "Polygon", "coordinates": [ [ [ -90.2014, 43.0337 ], [ -90.2012, 43.0457 ], [ -90.1892, 43.0465 ], [ -90.182, 43.0506 ], [ -90.182, 43.0547 ], [ -90.177, 43.0553 ], [ -90.1756, 43.0622 ], [ -90.162, 43.0609 ], [ -90.1574, 43.0622 ], [ -90.1524, 43.0605 ], [ -90.1525, 43.0677 ], [ -90.157, 43.072 ], [ -90.163, 43.0728 ], [ -90.1651, 43.0826 ], [ -90.1621, 43.1004 ], [ -90.1573, 43.1027 ], [ -90.1598, 43.1104 ], [ -90.1576, 43.1208 ], [ -90.1537, 43.124 ], [ -90.1564, 43.1271 ], [ -90.155, 43.1308 ], [ -90.1479, 43.1419 ], [ -90.1436, 43.1422 ], [ -90.138, 43.1477 ], [ -90.1392, 43.1549 ], [ -90.1512, 43.1633 ], [ -90.1492, 43.1667 ], [ -90.1351, 43.1657 ], [ -90.1133, 43.1604 ], [ -90.0879, 43.1624 ], [ -90.0824, 43.1611 ], [ -90.0587, 43.1453 ], [ -90.0518, 43.1493 ], [ -90.0486, 43.1669 ], [ -90.035, 43.1729 ], [ -90.0249, 43.1833 ], [ -90.0001, 43.1946 ], [ -89.9827, 43.1956 ], [ -89.9679, 43.1921 ], [ -89.9498, 43.1934 ], [ -89.9053, 43.188 ], [ -89.8764, 43.1965 ], [ -89.8661, 43.1947 ], [ -89.8589, 43.1956 ], [ -89.842, 43.2025 ], [ -89.8381, 43.2061 ], [ -89.8383, 43.0295 ], [ -89.8407, 43.0294 ], [ -89.8397, 43.0361 ], [ -89.8439, 43.0412 ], [ -89.847, 43.0532 ], [ -89.8554, 43.0617 ], [ -89.8734, 43.0414 ], [ -89.8872, 43.0316 ], [ -89.8923, 43.0329 ], [ -89.8874, 43.04 ], [ -89.8879, 43.0457 ], [ -89.9133, 43.0472 ], [ -89.9387, 43.0443 ], [ -89.9432, 43.0463 ], [ -89.9377, 43.035 ], [ -89.9378, 43.0265 ], [ -89.9428, 43.0183 ], [ -89.9469, 43.0167 ], [ -89.9522, 43.0166 ], [ -89.9522, 43.0231 ], [ -89.972, 43.03 ], [ -89.9796, 43.0394 ], [ -89.9881, 43.0388 ], [ -89.997, 43.0439 ], [ -90.0148, 43.0424 ], [ -90.0126, 43.035 ], [ -90.0202, 43.0318 ], [ -90.0229, 43.0281 ], [ -90.0299, 43.0278 ], [ -90.0301, 43.0234 ], [ -90.0369, 43.0195 ], [ -90.035, 43.0145 ], [ -90.0402, 43.0149 ], [ -90.045, 43.0119 ], [ -90.0418, 42.9947 ], [ -90.0458, 42.986 ], [ -90.0419, 42.9796 ], [ -90.0455, 42.9708 ], [ -90.0578, 42.9791 ], [ -90.0997, 42.9817 ], [ -90.0963, 42.9956 ], [ -90.1024, 42.9943 ], [ -90.1082, 42.9854 ], [ -90.1328, 42.976 ], [ -90.1353, 42.9804 ], [ -90.1395, 42.9817 ], [ -90.1756, 42.9824 ], [ -90.183, 42.995 ], [ -90.1897, 42.9993 ], [ -90.1915, 43.0194 ], [ -90.1888, 43.0236 ], [ -90.2014, 43.0337 ] ] ] } },
{ "type": "Feature", "properties": { "GEOID": "55059000400", "county": "Census Tract 4" }, "geometry": { "type": "Polygon", "coordinates": [ [ [ -87.8458, 42.6136 ], [ -87.8259, 42.6133 ], [ -87.826, 42.5989 ], [ -87.8457, 42.6028 ], [ -87.8458, 42.6136 ] ] ] } },
{ "type": "Feature", "properties": { "GEOID": "55059001100", "county": "Census Tract 11" }, "geometry": { "type": "Polygon", "coordinates": [ [ [ -87.8455, 42.5782 ], [ -87.8337, 42.584 ], [ -87.8261, 42.5842 ], [ -87.8259, 42.5777 ], [ -87.8455, 42.5782 ] ] ] } },
{ "type": "Feature", "properties": { "GEOID": "55059001700", "county": "Census Tract 17" }, "geometry": { "type": "Polygon", "coordinates": [ [ [ -87.8454, 42.5718 ], [ -87.8429, 42.5731 ], [ -87.8415, 42.571 ], [ -87.8332, 42.5711 ], [ -87.8332, 42.5732 ], [ -87.8308, 42.5731 ], [ -87.8308, 42.5715 ], [ -87.8254, 42.5715 ], [ -87.8238, 42.5658 ], [ -87.8452, 42.566 ], [ -87.8454, 42.5718 ] ] ] } },
{ "type": "Feature", "properties": { "GEOID": "55067960600", "county": "Census Tract 9606" }, "geometry": { "type": "Polygon", "coordinates": [ [ [ -89.1789, 45.1595 ], [ -89.1726, 45.1605 ], [ -89.1705, 45.166 ], [ -89.162, 45.1717 ], [ -89.1573, 45.1802 ], [ -89.1451, 45.1843 ], [ -89.1464, 45.1728 ], [ -89.1536, 45.1727 ], [ -89.154, 45.1481 ], [ -89.152, 45.148 ], [ -89.1541, 45.1184 ], [ -89.1783, 45.1184 ], [ -89.1789, 45.1595 ] ] ] } },
{ "type": "Feature", "properties": { "GEOID": "55073000800", "county": "Census Tract 8" }, "geometry": { "type": "Polygon", "coordinates": [ [ [ -89.6461, 44.9321 ], [ -89.641, 44.9335 ], [ -89.6365, 44.9383 ], [ -89.6197, 44.9432 ], [ -89.6104, 44.9414 ], [ -89.6029, 44.9359 ], [ -89.6009, 44.9308 ], [ -89.6175, 44.9307 ], [ -89.6143, 44.9294 ], [ -89.6194, 44.925 ], [ -89.62, 44.9184 ], [ -89.6328, 44.9187 ], [ -89.6338, 44.9235 ], [ -89.6461, 44.9321 ] ] ] } },
{ "type": "Feature", "properties": { "GEOID": "55079014800", "county": "Census Tract 148" }, "geometry": { "type": "Polygon", "coordinates": [ [ [ -87.9429, 43.0387 ], [ -87.9429, 43.0459 ], [ -87.9378, 43.0458 ], [ -87.9367, 43.0387 ], [ -87.9429, 43.0387 ] ] ] } },
{ "type": "Feature", "properties": { "GEOID": "55079020100", "county": "Census Tract 201" }, "geometry": { "type": "Polygon", "coordinates": [ [ [ -87.9482, 42.9813 ], [ -87.9482, 42.9959 ], [ -87.9336, 42.9956 ], [ -87.9339, 42.9811 ], [ -87.9482, 42.9813 ] ] ] } },
{ "type": "Feature", "properties": { "GEOID": "55079004800", "county": "Census Tract 48" }, "geometry": { "type": "Polygon", "coordinates": [ [ [ -87.9674, 43.0715 ], [ -87.9672, 43.0825 ], [ -87.9572, 43.0825 ], [ -87.9574, 43.0716 ], [ -87.9674, 43.0715 ] ] ] } },
{ "type": "Feature", "properties": { "GEOID": "55079021600", "county": "Census Tract 216" }, "geometry": { "type": "Polygon", "coordinates": [ [ [ -87.9392, 42.9448 ], [ -87.9389, 42.9593 ], [ -87.9097, 42.9592 ], [ -87.9097, 42.9478 ], [ -87.9201, 42.9447 ], [ -87.9392, 42.9448 ] ] ] } },
{ "type": "Feature", "properties": { "GEOID": "55079090200", "county": "Census Tract 902" }, "geometry": { "type": "Polygon", "coordinates": [ [ [ -88.0663, 43.0888 ], [ -88.0394, 43.0897 ], [ -88.0387, 43.0789 ], [ -88.0342, 43.0781 ], [ -88.0339, 43.0761 ], [ -88.0666, 43.0745 ], [ -88.0663, 43.0888 ] ] ] } },
{ "type": "Feature", "properties": { "GEOID": "55079009900", "county": "Census Tract 99" }, "geometry": { "type": "Polygon", "coordinates": [ [ [ -87.95, 43.0564 ], [ -87.9499, 43.0642 ], [ -87.9425, 43.0642 ], [ -87.9427, 43.0563 ], [ -87.95, 43.0564 ] ] ] } },
{ "type": "Feature", "properties": { "GEOID": "55079011000", "county": "Census Tract 110" }, "geometry": { "type": "Polygon", "coordinates": [ [ [ -87.8997, 43.0457 ], [ -87.8995, 43.053 ], [ -87.8923, 43.0529 ], [ -87.8976, 43.0457 ], [ -87.8997, 43.0457 ] ] ] } },
{ "type": "Feature", "properties": { "GEOID": "55079000700", "county": "Census Tract 7" }, "geometry": { "type": "Polygon", "coordinates": [ [ [ -88.0053, 43.1487 ], [ -88.0046, 43.1633 ], [ -87.9749, 43.1631 ], [ -87.9753, 43.1486 ], [ -88.0053, 43.1487 ] ] ] } },
{ "type": "Feature", "properties": { "GEOID": "55079070300", "county": "Census Tract 703" }, "geometry": { "type": "Polygon", "coordinates": [ [ [ -87.9119, 43.1113 ], [ -87.8995, 43.1122 ], [ -87.8972, 43.1002 ], [ -87.9071, 43.1003 ], [ -87.9071, 43.104 ], [ -87.912, 43.1061 ], [ -87.9119, 43.1113 ] ] ] } },
{ "type": "Feature", "properties": { "GEOID": "55079012700", "county": "Census Tract 127" }, "geometry": { "type": "Polygon", "coordinates": [ [ [ -88.0173, 43.0239 ], [ -88.0161, 43.036 ], [ -88.0073, 43.0352 ], [ -88.0072, 43.0241 ], [ -88.0173, 43.0239 ] ] ] } },
{ "type": "Feature", "properties": { "GEOID": "55079001600", "county": "Census Tract 16" }, "geometry": { "type": "Polygon", "coordinates": [ [ [ -88.0259, 43.1195 ], [ -88.006, 43.1195 ], [ -88.0061, 43.1123 ], [ -88.0246, 43.1116 ], [ -88.0259, 43.1195 ] ] ] } },
{ "type": "Feature", "properties": { "GEOID": "55079001000", "county": "Census Tract 10" }, "geometry": { "type": "Polygon", "coordinates": [ [ [ -87.9633, 43.1266 ], [ -87.9519, 43.1265 ], [ -87.9534, 43.1354 ], [ -87.9484, 43.1338 ], [ -87.9454, 43.1191 ], [ -87.9635, 43.1192 ], [ -87.9633, 43.1266 ] ] ] } },
{ "type": "Feature", "properties": { "GEOID": "55079013000", "county": "Census Tract 130" }, "geometry": { "type": "Polygon", "coordinates": [ [ [ -87.9924, 43.0241 ], [ -87.9924, 43.0314 ], [ -87.9826, 43.0304 ], [ -87.9825, 43.0241 ], [ -87.9924, 43.0241 ] ] ] } },
{ "type": "Feature", "properties": { "GEOID": "55079012200", "county": "Census Tract 122" }, "geometry": { "type": "Polygon", "coordinates": [ [ [ -87.9577, 43.0459 ], [ -87.9576, 43.0515 ], [ -87.9477, 43.0514 ], [ -87.9478, 43.0459 ], [ -87.9577, 43.0459 ] ] ] } },
{ "type": "Feature", "properties": { "GEOID": "55079170200", "county": "Census Tract 1702" }, "geometry": { "type": "Polygon", "coordinates": [ [ [ -87.8814, 42.93 ], [ -87.8636, 42.9301 ], [ -87.8644, 42.9152 ], [ -87.8812, 42.9154 ], [ -87.8814, 42.93 ] ] ] } },
{ "type": "Feature", "properties": { "GEOID": "55079000502", "county": "Census Tract 5.02" }, "geometry": { "type": "Polygon", "coordinates": [ [ [ -88.042, 43.1246 ], [ -88.0326, 43.134 ], [ -88.0254, 43.1341 ], [ -88.0259, 43.1126 ], [ -88.042, 43.1246 ] ] ] } },
{ "type": "Feature", "properties": { "GEOID": "55079001500", "county": "Census Tract 15" }, "geometry": { "type": "Polygon", "coordinates": [ [ [ -88.0257, 43.1262 ], [ -88.0059, 43.1295 ], [ -88.006, 43.1195 ], [ -88.0259, 43.1195 ], [ -88.0257, 43.1262 ] ] ] } },
{ "type": "Feature", "properties": { "GEOID": "55079120201", "county": "Census Tract 1202.01" }, "geometry": { "type": "Polygon", "coordinates": [ [ [ -88.028, 42.9619 ], [ -88.0277, 42.9737 ], [ -88.0148, 42.9737 ], [ -88.0148, 42.9699 ], [ -88.0081, 42.9699 ], [ -88.0083, 42.9619 ], [ -88.028, 42.9619 ] ] ] } },
{ "type": "Feature", "properties": { "GEOID": "55079185500", "county": "Census Tract 1855" }, "geometry": { "type": "Polygon", "coordinates": [ [ [ -87.9326, 43.0641 ], [ -87.9199, 43.0639 ], [ -87.9185, 43.0565 ], [ -87.9315, 43.0553 ], [ -87.9326, 43.0641 ] ] ] } },
{ "type": "Feature", "properties": { "GEOID": "55079017900", "county": "Census Tract 179" }, "geometry": { "type": "Polygon", "coordinates": [ [ [ -87.9106, 42.9952 ], [ -87.909, 43.0029 ], [ -87.9055, 43.0045 ], [ -87.8968, 42.996 ], [ -87.9106, 42.9952 ] ] ] } },
{ "type": "Feature", "properties": { "GEOID": "55079180500", "county": "Census Tract 1805" }, "geometry": { "type": "Polygon", "coordinates": [ [ [ -87.8853, 42.9446 ], [ -87.8626, 42.9446 ], [ -87.8636, 42.9301 ], [ -87.8878, 42.93 ], [ -87.8853, 42.9446 ] ] ] } },
{ "type": "Feature", "properties": { "GEOID": "55079180400", "county": "Census Tract 1804" }, "geometry": { "type": "Polygon", "coordinates": [ [ [ -87.8636, 42.9301 ], [ -87.8619, 42.9435 ], [ -87.8499, 42.9446 ], [ -87.8507, 42.9301 ], [ -87.8636, 42.9301 ] ] ] } },
{ "type": "Feature", "properties": { "GEOID": "55079019300", "county": "Census Tract 193" }, "geometry": { "type": "Polygon", "coordinates": [ [ [ -88.0019, 42.999 ], [ -87.9895, 42.9989 ], [ -87.9876, 42.9975 ], [ -87.9939, 42.9906 ], [ -88.002, 42.9903 ], [ -88.0019, 42.999 ] ] ] } },
{ "type": "Feature", "properties": { "GEOID": "55141010200", "county": "Census Tract 102" }, "geometry": { "type": "Polygon", "coordinates": [ [ [ -90.1666, 44.6771 ], [ -90.1607, 44.6852 ], [ -90.0794, 44.6852 ], [ -90.0798, 44.5972 ], [ -90.1402, 44.5977 ], [ -90.14, 44.6553 ], [ -90.1616, 44.6635 ], [ -90.1565, 44.6698 ], [ -90.1576, 44.6734 ], [ -90.1602, 44.6735 ], [ -90.1601, 44.677 ], [ -90.1666, 44.6771 ] ] ] } },
{ "type": "Feature", "properties": { "GEOID": "55009000500", "county": "Census Tract 5" }, "geometry": { "type": "Polygon", "coordinates": [ [ [ -88.0436, 44.5212 ], [ -88.0402, 44.5263 ], [ -88.0235, 44.5205 ], [ -88.0281, 44.5134 ], [ -88.0436, 44.5212 ] ] ] } },
{ "type": "Feature", "properties": { "GEOID": "55009000900", "county": "Census Tract 9" }, "geometry": { "type": "Polygon", "coordinates": [ [ [ -88.0078, 44.5334 ], [ -87.981, 44.5245 ], [ -87.9828, 44.5123 ], [ -88.0043, 44.5187 ], [ -88.0065, 44.5176 ], [ -88.0113, 44.5217 ], [ -88.0078, 44.5334 ] ] ] } },
{ "type": "Feature", "properties": { "GEOID": "55101001602", "county": "Census Tract 16.02" }, "geometry": { "type": "Polygon", "coordinates": [ [ [ -87.8783, 42.7849 ], [ -87.836, 42.7857 ], [ -87.8364, 42.7548 ], [ -87.8778, 42.7559 ], [ -87.8783, 42.7849 ] ] ] } },
{ "type": "Feature", "properties": { "GEOID": "55101000700", "county": "Census Tract 7" }, "geometry": { "type": "Polygon", "coordinates": [ [ [ -87.8161, 42.7079 ], [ -87.7965, 42.7111 ], [ -87.7963, 42.697 ], [ -87.8161, 42.6969 ], [ -87.8161, 42.7079 ] ] ] } },
{ "type": "Feature", "properties": { "GEOID": "55127000400", "county": "Census Tract 4" }, "geometry": { "type": "Polygon", "coordinates": [ [ [ -88.7378, 42.8166 ], [ -88.736, 42.8423 ], [ -88.6981, 42.8426 ], [ -88.7001, 42.8172 ], [ -88.7378, 42.8166 ] ] ] } },
{ "type": "Feature", "properties": { "GEOID": "55045960500", "county": "Census Tract 9605" }, "geometry": { "type": "Polygon", "coordinates": [ [ [ -89.6914, 42.5931 ], [ -89.6878, 42.5993 ], [ -89.68, 42.6033 ], [ -89.6374, 42.6029 ], [ -89.6374, 42.6002 ], [ -89.6416, 42.6002 ], [ -89.6416, 42.5891 ], [ -89.6378, 42.589 ], [ -89.6377, 42.5847 ], [ -89.6467, 42.5774 ], [ -89.6467, 42.5629 ], [ -89.6762, 42.5632 ], [ -89.6747, 42.589 ], [ -89.6818, 42.5922 ], [ -89.6914, 42.5931 ] ] ] } },
{ "type": "Feature", "properties": { "GEOID": "55001950100", "county": "Census Tract 9501" }, "geometry": { "type": "Polygon", "coordinates": [ [ [ -89.9263, 44.1952 ], [ -89.9195, 44.1985 ], [ -89.9099, 44.1982 ], [ -89.905, 44.2016 ], [ -89.9064, 44.2057 ], [ -89.9205, 44.2089 ], [ -89.9247, 44.2132 ], [ -89.9194, 44.2186 ], [ -89.908, 44.2205 ], [ -89.9081, 44.2289 ], [ -89.8978, 44.2279 ], [ -89.9034, 44.2414 ], [ -89.9028, 44.2495 ], [ -89.598, 44.2457 ], [ -89.5977, 44.1561 ], [ -89.6984, 44.1558 ], [ -89.6984, 44.164 ], [ -89.7052, 44.1639 ], [ -89.7173, 44.1558 ], [ -89.893, 44.1554 ], [ -89.8932, 44.1735 ], [ -89.9017, 44.1733 ], [ -89.9089, 44.1763 ], [ -89.9035, 44.1778 ], [ -89.9013, 44.1808 ], [ -89.9002, 44.1843 ], [ -89.9036, 44.1914 ], [ -89.9238, 44.1906 ], [ -89.9263, 44.1952 ] ] ] } },
{ "type": "Feature", "properties": { "GEOID": "55003950800", "county": "Census Tract 9508" }, "geometry": { "type": "MultiPolygon", "coordinates": [ [ [ [ -90.4653, 47.0028 ], [ -90.4574, 47.0128 ], [ -90.4552, 47.024 ], [ -90.4564, 47.0453 ], [ -90.4483, 47.0653 ], [ -90.436, 47.0735 ], [ -90.4172, 47.0769 ], [ -90.4076, 47.0735 ], [ -90.4015, 47.0768 ], [ -90.3951, 47.077 ], [ -90.3949, 47.059 ], [ -90.3992, 47.0537 ], [ -90.4012, 47.0452 ], [ -90.4076, 47.0379 ], [ -90.4041, 47.0247 ], [ -90.4104, 47.0169 ], [ -90.4141, 47.0137 ], [ -90.4212, 47.0129 ], [ -90.4307, 47.0055 ], [ -90.4315, 47.0019 ], [ -90.4417, 46.9986 ], [ -90.451, 46.9995 ], [ -90.4566, 46.997 ], [ -90.4652, 46.9976 ], [ -90.4653, 47.0028 ] ] ], [ [ [ -90.5145, 46.8775 ], [ -90.497, 46.886 ], [ -90.4858, 46.8875 ], [ -90.4585, 46.8973 ], [ -90.4513, 46.8989 ], [ -90.4489, 46.8965 ], [ -90.4506, 46.8929 ], [ -90.4612, 46.8878 ], [ -90.4655, 46.883 ], [ -90.473, 46.8814 ], [ -90.4756, 46.8751 ], [ -90.4992, 46.8714 ], [ -90.5143, 46.8743 ], [ -90.5145, 46.8775 ] ] ], [ [ [ -90.5755, 47.0339 ], [ -90.5698, 47.0388 ], [ -90.5622, 47.0399 ], [ -90.5663, 47.031 ], [ -90.5449, 47.0174 ], [ -90.5465, 47.0053 ], [ -90.5587, 46.9962 ], [ -90.5633, 46.9966 ], [ -90.5679, 47.0096 ], [ -90.5698, 47.0271 ], [ -90.5751, 47.0293 ], [ -90.5755, 47.0339 ] ] ], [ [ [ -90.5894, 47.0589 ], [ -90.5896, 47.0724 ], [ -90.5865, 47.0757 ], [ -90.5829, 47.0691 ], [ -90.5847, 47.0626 ], [ -90.5894, 47.0589 ] ] ], [ [ [ -90.6272, 47.0026 ], [ -90.6182, 47.008 ], [ -90.606, 47.007 ], [ -90.6026, 47.0025 ], [ -90.6032, 46.9954 ], [ -90.6097, 46.9912 ], [ -90.6174, 46.9894 ], [ -90.6272, 47.0026 ] ] ], [ [ [ -90.6514, 47.0301 ], [ -90.645, 47.0402 ], [ -90.6377, 47.0382 ], [ -90.6412, 47.0256 ], [ -90.6445, 47.0253 ], [ -90.6514, 47.0301 ] ] ], [ [ [ -90.6543, 46.9223 ], [ -90.6371, 46.9419 ], [ -90.6288, 46.9444 ], [ -90.6179, 46.9446 ], [ -90.6012, 46.9525 ], [ -90.5765, 46.9585 ], [ -90.558, 46.9597 ], [ -90.5288, 46.9685 ], [ -90.5116, 46.9614 ], [ -90.5086, 46.9577 ], [ -90.5094, 46.9546 ], [ -90.5233, 46.9439 ], [ -90.525, 46.9339 ], [ -90.5292, 46.9322 ], [ -90.5395, 46.9342 ], [ -90.5455, 46.9316 ], [ -90.5477, 46.9241 ], [ -90.5397, 46.9102 ], [ -90.5502, 46.908 ], [ -90.5498, 46.9166 ], [ -90.559, 46.9232 ], [ -90.5685, 46.9251 ], [ -90.5857, 46.9162 ], [ -90.5959, 46.9156 ], [ -90.6017, 46.9202 ], [ -90.6071, 46.9212 ], [ -90.611, 46.9197 ], [ -90.6176, 46.911 ], [ -90.6391, 46.9065 ], [ -90.6508, 46.9142 ], [ -90.6543, 46.9223 ] ] ], [ [ [ -90.6784, 46.9564 ], [ -90.6727, 46.9601 ], [ -90.6687, 46.967 ], [ -90.6584, 46.9726 ], [ -90.6549, 46.9769 ], [ -90.643, 46.981 ], [ -90.6341, 46.9796 ], [ -90.6341, 46.971 ], [ -90.6612, 46.9532 ], [ -90.6716, 46.949 ], [ -90.6784, 46.9564 ] ] ], [ [ [ -90.6928, 47.0234 ], [ -90.6887, 47.0432 ], [ -90.6834, 47.0453 ], [ -90.6716, 47.0444 ], [ -90.6594, 47.0487 ], [ -90.657, 47.0529 ], [ -90.6504, 47.0547 ], [ -90.6487, 47.0531 ], [ -90.6601, 47.0444 ], [ -90.6705, 47.0411 ], [ -90.6803, 47.0189 ], [ -90.6928, 47.0234 ] ] ], [ [ [ -90.7027, 46.887 ], [ -90.6779, 46.8959 ], [ -90.6711, 46.8945 ], [ -90.6674, 46.8914 ], [ -90.6732, 46.8833 ], [ -90.6897, 46.879 ], [ -90.6968, 46.8798 ], [ -90.7026, 46.884 ], [ -90.7027, 46.887 ] ] ], [ [ [ -90.712, 46.9853 ], [ -90.7055, 47.0007 ], [ -90.6966, 47.0085 ], [ -90.6805, 47.0073 ], [ -90.6692, 47.0001 ], [ -90.6948, 46.9829 ], [ -90.7073, 46.9829 ], [ -90.712, 46.9853 ] ] ], [ [ [ -90.7309, 47.08 ], [ -90.724, 47.0779 ], [ -90.7208, 47.0733 ], [ -90.722, 47.0632 ], [ -90.7267, 47.0621 ], [ -90.73, 47.0656 ], [ -90.7309, 47.08 ] ] ], [ [ [ -90.7635, 46.8324 ], [ -90.7579, 46.8504 ], [ -90.7495, 46.8625 ], [ -90.736, 46.8728 ], [ -90.7266, 46.8723 ], [ -90.7205, 46.8657 ], [ -90.7328, 46.8476 ], [ -90.7517, 46.8332 ], [ -90.7599, 46.8309 ], [ -90.7635, 46.8324 ] ] ], [ [ [ -90.7653, 46.947 ], [ -90.7405, 46.9642 ], [ -90.7342, 46.9597 ], [ -90.7156, 46.9584 ], [ -90.7055, 46.9445 ], [ -90.6945, 46.9367 ], [ -90.689, 46.9175 ], [ -90.7367, 46.9134 ], [ -90.7485, 46.9273 ], [ -90.7542, 46.9299 ], [ -90.7553, 46.937 ], [ -90.7626, 46.9417 ], [ -90.7653, 46.947 ] ] ], [ [ [ -90.7749, 47.0245 ], [ -90.7694, 47.0301 ], [ -90.7589, 47.0347 ], [ -90.7473, 47.0258 ], [ -90.739, 47.0137 ], [ -90.7401, 47.01 ], [ -90.7506, 47.0004 ], [ -90.7554, 46.9993 ], [ -90.7708, 47.005 ], [ -90.7749, 47.0245 ] ] ], [ [ [ -90.7916, 46.785 ], [ -90.7862, 46.7882 ], [ -90.7671, 46.7915 ], [ -90.7524, 46.7981 ], [ -90.733, 46.8002 ], [ -90.7285, 46.8044 ], [ -90.7278, 46.8104 ], [ -90.7209, 46.8159 ], [ -90.7124, 46.8207 ], [ -90.6754, 46.8339 ], [ -90.6569, 46.8435 ], [ -90.622, 46.8729 ], [ -90.6165, 46.8745 ], [ -90.6025, 46.8727 ], [ -90.5874, 46.8581 ], [ -90.57, 46.8497 ], [ -90.5689, 46.8472 ], [ -90.5845, 46.8398 ], [ -90.6138, 46.8379 ], [ -90.6426, 46.8278 ], [ -90.6739, 46.8197 ], [ -90.6768, 46.8126 ], [ -90.6753, 46.8054 ], [ -90.6701, 46.7995 ], [ -90.6529, 46.7978 ], [ -90.6522, 46.7945 ], [ -90.6572, 46.7888 ], [ -90.6965, 46.782 ], [ -90.7165, 46.7854 ], [ -90.7239, 46.7817 ], [ -90.7394, 46.768 ], [ -90.7486, 46.7659 ], [ -90.7529, 46.7608 ], [ -90.7636, 46.7549 ], [ -90.7879, 46.7528 ], [ -90.7893, 46.759 ], [ -90.7821, 46.7679 ], [ -90.7916, 46.785 ] ] ], [ [ [ -90.8061, 46.7302 ], [ -90.7844, 46.7294 ], [ -90.7737, 46.723 ], [ -90.766, 46.7128 ], [ -90.7677, 46.7121 ], [ -90.7752, 46.7209 ], [ -90.7862, 46.7264 ], [ -90.8056, 46.7287 ], [ -90.8061, 46.7302 ] ] ], [ [ [ -90.8827, 46.593 ], [ -90.8803, 46.594 ], [ -90.8826, 46.5966 ], [ -90.8739, 46.6011 ], [ -90.8666, 46.602 ], [ -90.8222, 46.6194 ], [ -90.8229, 46.5594 ], [ -90.8545, 46.5594 ], [ -90.8827, 46.593 ] ] ] ] } },
{ "type": "Feature", "properties": { "GEOID": "55025000700", "county": "Census Tract 7" }, "geometry": { "type": "Polygon", "coordinates": [ [ [ -89.4586, 43.0396 ], [ -89.4572, 43.0432 ], [ -89.4433, 43.0511 ], [ -89.4363, 43.0515 ], [ -89.4392, 43.0463 ], [ -89.4337, 43.0462 ], [ -89.4329, 43.0389 ], [ -89.4436, 43.0395 ], [ -89.4436, 43.0348 ], [ -89.4586, 43.0396 ] ] ] } },
{ "type": "Feature", "properties": { "GEOID": "55025000402", "county": "Census Tract 4.02" }, "geometry": { "type": "Polygon", "coordinates": [ [ [ -89.4735, 43.0464 ], [ -89.4721, 43.0609 ], [ -89.4561, 43.0609 ], [ -89.4536, 43.0453 ], [ -89.4587, 43.0394 ], [ -89.4735, 43.0464 ] ] ] } },
{ "type": "Feature", "properties": { "GEOID": "55025012201", "county": "Census Tract 122.01" }, "geometry": { "type": "Polygon", "coordinates": [ [ [ -89.228, 42.9401 ], [ -89.1714, 42.941 ], [ -89.1712, 42.9188 ], [ -89.2235, 42.9168 ], [ -89.2225, 42.9284 ], [ -89.228, 42.9401 ] ] ] } },
{ "type": "Feature", "properties": { "GEOID": "55025002401", "county": "Census Tract 24.01" }, "geometry": { "type": "Polygon", "coordinates": [ [ [ -89.3966, 43.1457 ], [ -89.3689, 43.1483 ], [ -89.3629, 43.1473 ], [ -89.3631, 43.1408 ], [ -89.388, 43.1411 ], [ -89.3881, 43.1397 ], [ -89.3966, 43.1457 ] ] ] } },
{ "type": "Feature", "properties": { "GEOID": "55031020500", "county": "Census Tract 205" }, "geometry": { "type": "Polygon", "coordinates": [ [ [ -92.098, 46.7062 ], [ -92.0979, 46.7207 ], [ -92.082, 46.7206 ], [ -92.0822, 46.7062 ], [ -92.098, 46.7062 ] ] ] } },
{ "type": "Feature", "properties": { "GEOID": "55043960800", "county": "Census Tract 9608" }, "geometry": { "type": "Polygon", "coordinates": [ [ [ -90.786, 42.7587 ], [ -90.7814, 42.764 ], [ -90.781, 42.7703 ], [ -90.7431, 42.77 ], [ -90.737, 42.7533 ], [ -90.729, 42.762 ], [ -90.7229, 42.7605 ], [ -90.7153, 42.7641 ], [ -90.7015, 42.7619 ], [ -90.7014, 42.7698 ], [ -90.6647, 42.7706 ], [ -90.6571, 42.7697 ], [ -90.6562, 42.7671 ], [ -90.6282, 42.7589 ], [ -90.6223, 42.7515 ], [ -90.6137, 42.7579 ], [ -90.6001, 42.757 ], [ -90.5834, 42.7617 ], [ -90.5206, 42.762 ], [ -90.5183, 42.7584 ], [ -90.506, 42.7524 ], [ -90.5092, 42.7516 ], [ -90.5038, 42.7475 ], [ -90.5065, 42.7452 ], [ -90.4992, 42.7414 ], [ -90.5122, 42.739 ], [ -90.5143, 42.7469 ], [ -90.5167, 42.7485 ], [ -90.5248, 42.7478 ], [ -90.5304, 42.7426 ], [ -90.5285, 42.7367 ], [ -90.5338, 42.7356 ], [ -90.5295, 42.7318 ], [ -90.5283, 42.7231 ], [ -90.5238, 42.727 ], [ -90.5002, 42.7246 ], [ -90.5051, 42.7164 ], [ -90.505, 42.7111 ], [ -90.4853, 42.7127 ], [ -90.4845, 42.7103 ], [ -90.426, 42.711 ], [ -90.4259, 42.6674 ], [ -90.4416, 42.6674 ], [ -90.4478, 42.671 ], [ -90.4622, 42.6712 ], [ -90.4734, 42.6685 ], [ -90.479, 42.6748 ], [ -90.5093, 42.6746 ], [ -90.5181, 42.6714 ], [ -90.5298, 42.6707 ], [ -90.5372, 42.6661 ], [ -90.5485, 42.6672 ], [ -90.5543, 42.6597 ], [ -90.5777, 42.656 ], [ -90.5751, 42.6593 ], [ -90.5629, 42.6609 ], [ -90.5577, 42.666 ], [ -90.5638, 42.6707 ], [ -90.562, 42.6728 ], [ -90.5534, 42.6788 ], [ -90.5437, 42.6802 ], [ -90.5411, 42.6827 ], [ -90.5475, 42.6844 ], [ -90.5523, 42.682 ], [ -90.5553, 42.6841 ], [ -90.5584, 42.6834 ], [ -90.5718, 42.6941 ], [ -90.5745, 42.6893 ], [ -90.6124, 42.6895 ], [ -90.6197, 42.6859 ], [ -90.6424, 42.682 ], [ -90.6484, 42.6835 ], [ -90.6483, 42.6886 ], [ -90.6529, 42.6867 ], [ -90.6521, 42.6803 ], [ -90.6502, 42.6798 ], [ -90.6503, 42.6817 ], [ -90.6439, 42.6806 ], [ -90.6391, 42.6764 ], [ -90.6508, 42.6696 ], [ -90.6426, 42.6601 ], [ -90.6518, 42.6581 ], [ -90.6662, 42.6658 ], [ -90.6606, 42.6498 ], [ -90.6676, 42.6451 ], [ -90.6693, 42.6357 ], [ -90.6734, 42.6355 ], [ -90.6767, 42.6323 ], [ -90.6782, 42.625 ], [ -90.691, 42.6076 ], [ -90.7027, 42.6308 ], [ -90.7092, 42.6361 ], [ -90.7202, 42.6408 ], [ -90.7625, 42.6497 ], [ -90.7477, 42.669 ], [ -90.7584, 42.6702 ], [ -90.762, 42.6729 ], [ -90.7532, 42.6799 ], [ -90.7642, 42.6827 ], [ -90.7643, 42.694 ], [ -90.7696, 42.6922 ], [ -90.7711, 42.6934 ], [ -90.7681, 42.6967 ], [ -90.7716, 42.7021 ], [ -90.7735, 42.7033 ], [ -90.7754, 42.7017 ], [ -90.782, 42.7093 ], [ -90.7764, 42.7163 ], [ -90.7633, 42.7118 ], [ -90.7573, 42.7139 ], [ -90.7657, 42.7197 ], [ -90.7621, 42.7215 ], [ -90.7589, 42.7201 ], [ -90.7603, 42.7256 ], [ -90.7807, 42.7262 ], [ -90.7809, 42.7587 ], [ -90.786, 42.7587 ] ] ] } },
{ "type": "Feature", "properties": { "GEOID": "55011960500", "county": "Census Tract 9605" }, "geometry": { "type": "Polygon", "coordinates": [ [ [ -91.8331, 44.1805 ], [ -91.831, 44.1849 ], [ -91.8219, 44.1849 ], [ -91.8194, 44.1815 ], [ -91.8176, 44.1828 ], [ -91.8172, 44.1813 ], [ -91.8201, 44.1815 ], [ -91.8175, 44.1771 ], [ -91.8144, 44.1771 ], [ -91.8083, 44.1718 ], [ -91.8032, 44.1764 ], [ -91.7953, 44.1759 ], [ -91.779, 44.1714 ], [ -91.7715, 44.1668 ], [ -91.7746, 44.1718 ], [ -91.7653, 44.1723 ], [ -91.7738, 44.187 ], [ -91.7717, 44.1943 ], [ -91.785, 44.218 ], [ -91.7827, 44.2305 ], [ -91.7886, 44.2306 ], [ -91.7912, 44.2408 ], [ -91.7959, 44.2446 ], [ -91.7911, 44.2525 ], [ -91.7953, 44.2557 ], [ -91.7973, 44.2621 ], [ -91.7847, 44.2652 ], [ -91.7815, 44.269 ], [ -91.7632, 44.264 ], [ -91.7565, 44.2698 ], [ -91.7537, 44.2876 ], [ -91.7628, 44.3076 ], [ -91.7677, 44.3122 ], [ -91.7584, 44.3117 ], [ -91.741, 44.3192 ], [ -91.7388, 44.3232 ], [ -91.7185, 44.3262 ], [ -91.7141, 44.3363 ], [ -91.7058, 44.3345 ], [ -91.7016, 44.3381 ], [ -91.6932, 44.3371 ], [ -91.679, 44.3312 ], [ -91.6865, 44.3262 ], [ -91.6566, 44.3262 ], [ -91.6387, 44.3183 ], [ -91.6257, 44.3165 ], [ -91.6188, 44.3096 ], [ -91.6148, 44.3114 ], [ -91.6015, 44.3116 ], [ -91.598, 44.3148 ], [ -91.5981, 44.324 ], [ -91.5917, 44.3295 ], [ -91.5849, 44.3315 ], [ -91.5819, 44.3385 ], [ -91.5555, 44.3467 ], [ -91.5514, 44.3513 ], [ -91.5481, 44.349 ], [ -91.5417, 44.3486 ], [ -91.5378, 44.3453 ], [ -91.5322, 44.3307 ], [ -91.529, 44.3285 ], [ -91.5297, 44.2468 ], [ -91.5376, 44.2464 ], [ -91.5386, 44.2421 ], [ -91.5343, 44.2415 ], [ -91.5392, 44.2395 ], [ -91.5387, 44.2353 ], [ -91.5515, 44.2319 ], [ -91.5517, 44.2338 ], [ -91.5571, 44.2243 ], [ -91.5637, 44.2244 ], [ -91.5614, 44.2227 ], [ -91.568, 44.2224 ], [ -91.5662, 44.2199 ], [ -91.5716, 44.2191 ], [ -91.575, 44.2226 ], [ -91.5766, 44.2209 ], [ -91.5816, 44.2216 ], [ -91.5804, 44.218 ], [ -91.5841, 44.2157 ], [ -91.5876, 44.2181 ], [ -91.5915, 44.2156 ], [ -91.5931, 44.2172 ], [ -91.601, 44.211 ], [ -91.6029, 44.204 ], [ -91.6085, 44.2005 ], [ -91.5993, 44.1937 ], [ -91.5965, 44.1844 ], [ -91.599, 44.1808 ], [ -91.6128, 44.1735 ], [ -91.6123, 44.1688 ], [ -91.6072, 44.1645 ], [ -91.5957, 44.164 ], [ -91.5949, 44.1604 ], [ -91.5913, 44.1587 ], [ -91.5897, 44.1599 ], [ -91.5908, 44.1554 ], [ -91.5879, 44.1536 ], [ -91.5766, 44.1537 ], [ -91.5739, 44.1497 ], [ -91.5708, 44.1523 ], [ -91.5726, 44.1498 ], [ -91.5657, 44.1485 ], [ -91.5607, 44.1449 ], [ -91.5579, 44.1344 ], [ -91.553, 44.1315 ], [ -91.5488, 44.1236 ], [ -91.5526, 44.1193 ], [ -91.5476, 44.1109 ], [ -91.5486, 44.1079 ], [ -91.5436, 44.1041 ], [ -91.5394, 44.1038 ], [ -91.5408, 44.1015 ], [ -91.536, 44.0995 ], [ -91.5344, 44.0958 ], [ -91.5434, 44.0817 ], [ -91.5402, 44.0775 ], [ -91.5499, 44.0729 ], [ -91.5501, 44.0678 ], [ -91.5583, 44.0624 ], [ -91.5591, 44.0531 ], [ -91.5647, 44.0516 ], [ -91.5708, 44.0449 ], [ -91.5712, 44.0378 ], [ -91.5561, 44.0297 ], [ -91.559, 44.0253 ], [ -91.5826, 44.0274 ], [ -91.5921, 44.0314 ], [ -91.6105, 44.0493 ], [ -91.6279, 44.0558 ], [ -91.6381, 44.0633 ], [ -91.6479, 44.0641 ], [ -91.6595, 44.0742 ], [ -91.667, 44.087 ], [ -91.6815, 44.0974 ], [ -91.6953, 44.0986 ], [ -91.7075, 44.1039 ], [ -91.7106, 44.1205 ], [ -91.7215, 44.1303 ], [ -91.7517, 44.1348 ], [ -91.7745, 44.1475 ], [ -91.8081, 44.1593 ], [ -91.8173, 44.1642 ], [ -91.8331, 44.1805 ] ] ] } },
{ "type": "Feature", "properties": { "GEOID": "55023960300", "county": "Census Tract 9603" }, "geometry": { "type": "Polygon", "coordinates": [ [ [ -91.1559, 43.1433 ], [ -91.1433, 43.1564 ], [ -91.1386, 43.17 ], [ -91.1244, 43.1879 ], [ -91.1222, 43.1972 ], [ -91.0793, 43.2283 ], [ -91.0617, 43.2448 ], [ -91.0583, 43.2442 ], [ -91.0597, 43.2419 ], [ -91.0559, 43.2312 ], [ -91.0477, 43.2217 ], [ -91.0343, 43.2194 ], [ -91.0134, 43.2119 ], [ -91.0132, 43.2076 ], [ -90.9988, 43.2077 ], [ -90.9894, 43.2103 ], [ -90.9815, 43.2086 ], [ -90.9633, 43.2093 ], [ -90.9305, 43.199 ], [ -90.927, 43.2032 ], [ -90.9137, 43.207 ], [ -90.9108, 43.2121 ], [ -90.905, 43.2122 ], [ -90.9014, 43.2215 ], [ -90.9023, 43.2288 ], [ -90.8984, 43.2325 ], [ -90.8908, 43.2318 ], [ -90.9003, 43.2451 ], [ -90.9074, 43.2455 ], [ -90.9176, 43.2652 ], [ -90.9173, 43.2731 ], [ -90.9121, 43.2769 ], [ -90.9124, 43.2796 ], [ -90.9011, 43.2857 ], [ -90.8738, 43.285 ], [ -90.8533, 43.2814 ], [ -90.8369, 43.2719 ], [ -90.7841, 43.2742 ], [ -90.7746, 43.2714 ], [ -90.759, 43.2712 ], [ -90.7435, 43.2633 ], [ -90.7271, 43.263 ], [ -90.7176, 43.2675 ], [ -90.7007, 43.2692 ], [ -90.6958, 43.2717 ], [ -90.696, 43.2739 ], [ -90.6869, 43.2738 ], [ -90.6772, 43.2693 ], [ -90.6664, 43.269 ], [ -90.6668, 43.1718 ], [ -90.6899, 43.173 ], [ -90.6981, 43.1682 ], [ -90.6982, 43.1607 ], [ -90.7267, 43.1449 ], [ -90.7425, 43.1236 ], [ -90.7502, 43.124 ], [ -90.7633, 43.1156 ], [ -90.7987, 43.1088 ], [ -90.8078, 43.1032 ], [ -90.8098, 43.0972 ], [ -90.8228, 43.0881 ], [ -90.8399, 43.0852 ], [ -90.8486, 43.0766 ], [ -90.8724, 43.0724 ], [ -90.8836, 43.0757 ], [ -90.8801, 43.0792 ], [ -90.8796, 43.0843 ], [ -90.8739, 43.0875 ], [ -90.8716, 43.0854 ], [ -90.8666, 43.0896 ], [ -90.8591, 43.091 ], [ -90.8628, 43.0945 ], [ -90.8587, 43.1011 ], [ -90.8638, 43.1027 ], [ -90.8626, 43.1043 ], [ -90.8652, 43.1056 ], [ -90.8683, 43.1037 ], [ -90.8741, 43.1043 ], [ -90.8726, 43.1053 ], [ -90.8818, 43.1038 ], [ -90.8856, 43.1064 ], [ -90.8912, 43.098 ], [ -90.8982, 43.0974 ], [ -90.8981, 43.0952 ], [ -90.902, 43.0979 ], [ -90.9044, 43.1053 ], [ -90.9088, 43.106 ], [ -90.903, 43.0953 ], [ -90.8973, 43.0917 ], [ -90.912, 43.099 ], [ -90.9171, 43.0989 ], [ -90.9346, 43.1088 ], [ -90.9423, 43.109 ], [ -90.984, 43.1258 ], [ -91.0059, 43.1274 ], [ -91.0313, 43.1256 ], [ -91.037, 43.1282 ], [ -91.0539, 43.1215 ], [ -91.1179, 43.1251 ], [ -91.1337, 43.1229 ], [ -91.1422, 43.124 ], [ -91.1427, 43.1408 ], [ -91.1524, 43.1378 ], [ -91.1559, 43.1433 ] ] ] } },
{ "type": "Feature", "properties": { "GEOID": "55063000800", "county": "Census Tract 8" }, "geometry": { "type": "Polygon", "coordinates": [ [ [ -91.2396, 43.8015 ], [ -91.2389, 43.8128 ], [ -91.2282, 43.8128 ], [ -91.2283, 43.8015 ], [ -91.2396, 43.8015 ] ] ] } },
{ "type": "Feature", "properties": { "GEOID": "55027962000", "county": "Census Tract 9620" }, "geometry": { "type": "Polygon", "coordinates": [ [ [ -88.7309, 43.2017 ], [ -88.7262, 43.2017 ], [ -88.7288, 43.205 ], [ -88.7152, 43.2018 ], [ -88.7069, 43.2072 ], [ -88.6996, 43.1972 ], [ -88.7308, 43.1977 ], [ -88.7309, 43.2017 ] ] ] } },
{ "type": "Feature", "properties": { "GEOID": "55009002002", "county": "Census Tract 20.02" }, "geometry": { "type": "Polygon", "coordinates": [ [ [ -87.9741, 44.4903 ], [ -87.9675, 44.4876 ], [ -87.9403, 44.4872 ], [ -87.9453, 44.4734 ], [ -87.9657, 44.4719 ], [ -87.9741, 44.4903 ] ] ] } },
{ "type": "Feature", "properties": { "GEOID": "55139001804", "county": "Census Tract 18.04" }, "geometry": { "type": "Polygon", "coordinates": [ [ [ -88.6431, 44.0331 ], [ -88.643, 44.0692 ], [ -88.582, 44.0448 ], [ -88.5825, 44.0325 ], [ -88.6001, 44.0283 ], [ -88.615, 44.0295 ], [ -88.6233, 44.0326 ], [ -88.6431, 44.0331 ] ] ] } },
{ "type": "Feature", "properties": { "GEOID": "55025001603", "county": "Census Tract 16.03" }, "geometry": { "type": "Polygon", "coordinates": [ [ [ -89.4006, 43.0733 ], [ -89.3974, 43.0732 ], [ -89.3974, 43.0749 ], [ -89.3899, 43.0748 ], [ -89.3935, 43.0723 ], [ -89.4006, 43.0733 ] ] ] } },
{ "type": "Feature", "properties": { "GEOID": "55025001605", "county": "Census Tract 16.05" }, "geometry": { "type": "Polygon", "coordinates": [ [ [ -89.3951, 43.067 ], [ -89.3889, 43.0714 ], [ -89.3845, 43.0679 ], [ -89.3894, 43.0639 ], [ -89.3951, 43.067 ] ] ] } },
{ "type": "Feature", "properties": { "GEOID": "55025013301", "county": "Census Tract 133.01" }, "geometry": { "type": "Polygon", "coordinates": [ [ [ -89.3443, 43.2671 ], [ -89.3416, 43.2639 ], [ -89.3337, 43.2625 ], [ -89.33, 43.2669 ], [ -89.2995, 43.2672 ], [ -89.2986, 43.2237 ], [ -89.3402, 43.2236 ], [ -89.3443, 43.2671 ] ] ] } },
{ "type": "Feature", "properties": { "GEOID": "55079014400", "county": "Census Tract 144" }, "geometry": { "type": "Polygon", "coordinates": [ [ [ -87.9134, 43.0457 ], [ -87.9035, 43.0457 ], [ -87.9028, 43.039 ], [ -87.9102, 43.0386 ], [ -87.9134, 43.0457 ] ] ] } },
{ "type": "Feature", "properties": { "GEOID": "55079013300", "county": "Census Tract 133" }, "geometry": { "type": "Polygon", "coordinates": [ [ [ -87.9675, 43.0335 ], [ -87.9652, 43.0388 ], [ -87.9577, 43.0388 ], [ -87.9577, 43.0311 ], [ -87.9652, 43.0315 ], [ -87.9675, 43.0335 ] ] ] } },
{ "type": "Feature", "properties": { "GEOID": "55079008800", "county": "Census Tract 88" }, "geometry": { "type": "Polygon", "coordinates": [ [ [ -87.9499, 43.0642 ], [ -87.9498, 43.0716 ], [ -87.9424, 43.0715 ], [ -87.9425, 43.0642 ], [ -87.9499, 43.0642 ] ] ] } },
{ "type": "Feature", "properties": { "GEOID": "55101002001", "county": "Census Tract 20.01" }, "geometry": { "type": "Polygon", "coordinates": [ [ [ -88.1891, 42.782 ], [ -88.188, 42.8428 ], [ -88.1374, 42.8431 ], [ -88.1559, 42.8293 ], [ -88.1674, 42.8047 ], [ -88.1891, 42.782 ] ] ] } },
{ "type": "Feature", "properties": { "GEOID": "55087012503", "county": "Census Tract 125.03" }, "geometry": { "type": "Polygon", "coordinates": [ [ [ -88.4153, 44.2987 ], [ -88.415, 44.3292 ], [ -88.3952, 44.329 ], [ -88.3955, 44.2985 ], [ -88.4153, 44.2987 ] ] ] } },
{ "type": "Feature", "properties": { "GEOID": "55131470204", "county": "Census Tract 4702.04" }, "geometry": { "type": "Polygon", "coordinates": [ [ [ -88.1032, 43.221 ], [ -88.0638, 43.2211 ], [ -88.0633, 43.1921 ], [ -88.1031, 43.1919 ], [ -88.1032, 43.221 ] ] ] } },
{ "type": "Feature", "properties": { "GEOID": "55051180200", "county": "Census Tract 1802" }, "geometry": { "type": "Polygon", "coordinates": [ [ [ -90.5522, 46.2413 ], [ -90.5489, 46.3291 ], [ -90.5497, 46.5839 ], [ -90.538, 46.5811 ], [ -90.5255, 46.5869 ], [ -90.5128, 46.59 ], [ -90.5059, 46.5896 ], [ -90.4738, 46.5742 ], [ -90.4376, 46.5615 ], [ -90.4181, 46.5661 ], [ -90.4146, 46.5573 ], [ -90.4078, 46.5545 ], [ -90.4056, 46.5476 ], [ -90.4, 46.5444 ], [ -90.3956, 46.5363 ], [ -90.3924, 46.5362 ], [ -90.3953, 46.5339 ], [ -90.3933, 46.5326 ], [ -90.3768, 46.5362 ], [ -90.3762, 46.5382 ], [ -90.3671, 46.5412 ], [ -90.3647, 46.5396 ], [ -90.3607, 46.5414 ], [ -90.3573, 46.539 ], [ -90.3503, 46.5405 ], [ -90.3458, 46.5451 ], [ -90.3468, 46.5493 ], [ -90.3423, 46.5478 ], [ -90.3394, 46.5493 ], [ -90.3443, 46.5521 ], [ -90.3369, 46.5541 ], [ -90.3319, 46.5533 ], [ -90.3326, 46.5519 ], [ -90.3273, 46.5511 ], [ -90.3267, 46.5461 ], [ -90.3207, 46.5466 ], [ -90.3184, 46.5442 ], [ -90.3152, 46.5444 ], [ -90.3163, 46.5409 ], [ -90.3109, 46.5394 ], [ -90.3106, 46.5325 ], [ -90.3178, 46.5216 ], [ -90.317, 46.5173 ], [ -90.2983, 46.5178 ], [ -90.2944, 46.5188 ], [ -90.2947, 46.5217 ], [ -90.2834, 46.5189 ], [ -90.2771, 46.5245 ], [ -90.2718, 46.5193 ], [ -90.2776, 46.515 ], [ -90.2747, 46.5154 ], [ -90.2704, 46.5117 ], [ -90.273, 46.5051 ], [ -90.2666, 46.5078 ], [ -90.2643, 46.5066 ], [ -90.2653, 46.5038 ], [ -90.2605, 46.5028 ], [ -90.2572, 46.5047 ], [ -90.2434, 46.5052 ], [ -90.2316, 46.5098 ], [ -90.2294, 46.508 ], [ -90.2303, 46.5017 ], [ -90.2205, 46.5034 ], [ -90.2166, 46.5018 ], [ -90.2018, 46.4762 ], [ -90.2032, 46.472 ], [ -90.2148, 46.4723 ], [ -90.2149, 46.4579 ], [ -90.2356, 46.4576 ], [ -90.2358, 46.4467 ], [ -90.2457, 46.4467 ], [ -90.2476, 46.4306 ], [ -90.2505, 46.4305 ], [ -90.2507, 46.4274 ], [ -90.2576, 46.4268 ], [ -90.2687, 46.4171 ], [ -90.2839, 46.4143 ], [ -90.2768, 46.4017 ], [ -90.2696, 46.4016 ], [ -90.2575, 46.4058 ], [ -90.259, 46.4133 ], [ -90.246, 46.4125 ], [ -90.2444, 46.4106 ], [ -90.2392, 46.4145 ], [ -90.2197, 46.4155 ], [ -90.215, 46.4213 ], [ -90.2064, 46.4258 ], [ -90.2067, 46.4207 ], [ -90.1965, 46.4205 ], [ -90.1969, 46.4133 ], [ -90.1822, 46.4132 ], [ -90.1758, 46.3931 ], [ -90.1551, 46.3785 ], [ -90.1557, 46.2857 ], [ -90.1505, 46.2687 ], [ -90.1451, 46.2301 ], [ -90.1581, 46.2316 ], [ -90.1722, 46.2289 ], [ -90.1835, 46.2301 ], [ -90.1909, 46.2251 ], [ -90.1995, 46.226 ], [ -90.2153, 46.22 ], [ -90.2234, 46.2192 ], [ -90.2313, 46.2131 ], [ -90.2427, 46.2152 ], [ -90.2436, 46.2189 ], [ -90.2503, 46.2219 ], [ -90.2572, 46.2203 ], [ -90.2595, 46.2225 ], [ -90.2677, 46.2202 ], [ -90.2717, 46.2093 ], [ -90.277, 46.2035 ], [ -90.2748, 46.1987 ], [ -90.2768, 46.1971 ], [ -90.2733, 46.1924 ], [ -90.2768, 46.1884 ], [ -90.2762, 46.1796 ], [ -90.2855, 46.1684 ], [ -90.2844, 46.1616 ], [ -90.2892, 46.1553 ], [ -90.2937, 46.1569 ], [ -90.3032, 46.1537 ], [ -90.4262, 46.154 ], [ -90.426, 46.2405 ], [ -90.5522, 46.2413 ] ] ] } },
{ "type": "Feature", "properties": { "GEOID": "55117010503", "county": "Census Tract 105.03" }, "geometry": { "type": "Polygon", "coordinates": [ [ [ -87.9904, 43.718 ], [ -87.9897, 43.7252 ], [ -87.9812, 43.7269 ], [ -87.9812, 43.7614 ], [ -87.9705, 43.7517 ], [ -87.9724, 43.7473 ], [ -87.9613, 43.7471 ], [ -87.9614, 43.7181 ], [ -87.9904, 43.718 ] ] ] } },
{ "type": "Feature", "properties": { "GEOID": "55109120801", "county": "Census Tract 1208.01" }, "geometry": { "type": "Polygon", "coordinates": [ [ [ -92.3952, 44.9781 ], [ -92.3595, 44.9774 ], [ -92.3594, 44.9486 ], [ -92.3677, 44.954 ], [ -92.3765, 44.9535 ], [ -92.3825, 44.9564 ], [ -92.3952, 44.9553 ], [ -92.3952, 44.9781 ] ] ] } },
{ "type": "Feature", "properties": { "GEOID": "55111000301", "county": "Census Tract 3.01" }, "geometry": { "type": "Polygon", "coordinates": [ [ [ -89.769, 43.4383 ], [ -89.7688, 43.46 ], [ -89.7525, 43.4602 ], [ -89.7461, 43.4631 ], [ -89.7445, 43.4673 ], [ -89.7258, 43.4656 ], [ -89.7207, 43.46 ], [ -89.715, 43.4598 ], [ -89.7151, 43.4527 ], [ -89.7084, 43.4454 ], [ -89.7438, 43.4454 ], [ -89.7437, 43.4382 ], [ -89.769, 43.4383 ] ] ] } },
{ "type": "Feature", "properties": { "GEOID": "55111000302", "county": "Census Tract 3.02" }, "geometry": { "type": "Polygon", "coordinates": [ [ [ -89.7689, 43.4748 ], [ -89.746, 43.4748 ], [ -89.746, 43.469 ], [ -89.769, 43.4704 ], [ -89.7689, 43.4748 ] ] ] } },
{ "type": "Feature", "properties": { "GEOID": "55037190102", "county": "Census Tract 1901.02" }, "geometry": { "type": "Polygon", "coordinates": [ [ [ -88.3675, 45.8994 ], [ -88.3665, 45.909 ], [ -88.3032, 45.9085 ], [ -88.2976, 45.9066 ], [ -88.279, 45.9082 ], [ -88.2687, 45.9114 ], [ -88.2583, 45.9221 ], [ -88.2521, 45.9186 ], [ -88.2491, 45.9091 ], [ -88.2402, 45.9032 ], [ -88.2386, 45.9066 ], [ -88.2262, 45.8974 ], [ -88.2227, 45.8961 ], [ -88.1985, 45.8977 ], [ -88.1988, 45.9085 ], [ -88.2093, 45.9093 ], [ -88.2092, 45.9205 ], [ -88.2242, 45.9207 ], [ -88.2211, 45.9248 ], [ -88.2211, 45.9321 ], [ -88.2153, 45.9361 ], [ -88.2102, 45.9477 ], [ -88.2018, 45.9485 ], [ -88.1976, 45.9531 ], [ -88.192, 45.9527 ], [ -88.178, 45.9471 ], [ -88.1701, 45.9395 ], [ -88.164, 45.9383 ], [ -88.1612, 45.9406 ], [ -88.1561, 45.9375 ], [ -88.1462, 45.9368 ], [ -88.1464, 45.9342 ], [ -88.141, 45.9306 ], [ -88.1264, 45.9256 ], [ -88.1264, 45.9215 ], [ -88.1029, 45.9219 ], [ -88.095, 45.9147 ], [ -88.102, 45.9105 ], [ -88.1066, 45.9022 ], [ -88.1018, 45.8835 ], [ -88.0965, 45.8799 ], [ -88.0818, 45.8802 ], [ -88.0699, 45.8727 ], [ -88.0756, 45.8699 ], [ -88.0748, 45.8649 ], [ -88.0826, 45.8649 ], [ -88.0888, 45.8559 ], [ -88.0983, 45.8501 ], [ -88.1066, 45.8411 ], [ -88.1219, 45.8318 ], [ -88.1408, 45.8394 ], [ -88.1448, 45.8445 ], [ -88.1539, 45.8408 ], [ -88.1574, 45.8445 ], [ -88.1621, 45.8453 ], [ -88.1802, 45.8443 ], [ -88.185, 45.8391 ], [ -88.2025, 45.8376 ], [ -88.2037, 45.8468 ], [ -88.2103, 45.8455 ], [ -88.2199, 45.8485 ], [ -88.2242, 45.8439 ], [ -88.2219, 45.8403 ], [ -88.2172, 45.8398 ], [ -88.2141, 45.8425 ], [ -88.2064, 45.8366 ], [ -88.2141, 45.8272 ], [ -88.2232, 45.8269 ], [ -88.2256, 45.8317 ], [ -88.2229, 45.8352 ], [ -88.2291, 45.8387 ], [ -88.2316, 45.8365 ], [ -88.2297, 45.832 ], [ -88.2367, 45.832 ], [ -88.2382, 45.8287 ], [ -88.2432, 45.8273 ], [ -88.2535, 45.8294 ], [ -88.2604, 45.8276 ], [ -88.2673, 45.8289 ], [ -88.2676, 45.8306 ], [ -88.2722, 45.8285 ], [ -88.2817, 45.8289 ], [ -88.2904, 45.8318 ], [ -88.3021, 45.8327 ], [ -88.3038, 45.8357 ], [ -88.3262, 45.8338 ], [ -88.3511, 45.8468 ], [ -88.3493, 45.8499 ], [ -88.3515, 45.851 ], [ -88.3469, 45.8585 ], [ -88.3416, 45.8597 ], [ -88.3419, 45.8653 ], [ -88.3293, 45.8687 ], [ -88.3285, 45.8723 ], [ -88.3504, 45.8853 ], [ -88.3503, 45.8891 ], [ -88.3571, 45.8925 ], [ -88.3551, 45.8954 ], [ -88.3675, 45.8994 ] ] ] } },
{ "type": "Feature", "properties": { "GEOID": "55063000401", "county": "Census Tract 4.01" }, "geometry": { "type": "Polygon", "coordinates": [ [ [ -91.2474, 43.8015 ], [ -91.2468, 43.8173 ], [ -91.2439, 43.8173 ], [ -91.2438, 43.8087 ], [ -91.2391, 43.8087 ], [ -91.2396, 43.8015 ], [ -91.2474, 43.8015 ] ] ] } },
{ "type": "Feature", "properties": { "GEOID": "55073001203", "county": "Census Tract 12.03" }, "geometry": { "type": "Polygon", "coordinates": [ [ [ -89.6293, 44.8583 ], [ -89.5822, 44.8583 ], [ -89.5824, 44.8335 ], [ -89.6089, 44.833 ], [ -89.6131, 44.8349 ], [ -89.6193, 44.8335 ], [ -89.6251, 44.8359 ], [ -89.6291, 44.8389 ], [ -89.6293, 44.8583 ] ] ] } },
{ "type": "Feature", "properties": { "GEOID": "55007960402", "county": "Census Tract 9604.02" }, "geometry": { "type": "Polygon", "coordinates": [ [ [ -91.3666, 46.5648 ], [ -91.3485, 46.5646 ], [ -91.3078, 46.549 ], [ -91.2851, 46.5504 ], [ -91.2315, 46.5333 ], [ -91.2179, 46.5425 ], [ -91.2185, 46.5448 ], [ -91.2259, 46.5482 ], [ -91.2195, 46.5612 ], [ -91.2196, 46.5693 ], [ -91.2059, 46.5782 ], [ -91.2056, 46.5885 ], [ -91.1971, 46.5903 ], [ -91.1949, 46.5946 ], [ -91.1881, 46.597 ], [ -91.1164, 46.5941 ], [ -91.1058, 46.5947 ], [ -91.0989, 46.5985 ], [ -91.0278, 46.5979 ], [ -91.023, 46.5943 ], [ -90.9847, 46.5944 ], [ -90.9797, 46.5926 ], [ -90.9551, 46.5943 ], [ -90.9544, 46.5874 ], [ -90.9403, 46.5883 ], [ -90.9271, 46.5852 ], [ -90.9243, 46.3516 ], [ -90.9309, 46.3529 ], [ -90.9489, 46.3449 ], [ -90.9561, 46.3455 ], [ -90.9589, 46.3426 ], [ -90.9749, 46.338 ], [ -90.981, 46.3303 ], [ -90.9963, 46.3211 ], [ -91.0023, 46.3202 ], [ -91.0073, 46.3219 ], [ -91.011, 46.3034 ], [ -91.0161, 46.3001 ], [ -91.0152, 46.2958 ], [ -91.0288, 46.2829 ], [ -91.0481, 46.2859 ], [ -91.0499, 46.2969 ], [ -91.0615, 46.2969 ], [ -91.0729, 46.3003 ], [ -91.0898, 46.3087 ], [ -91.106, 46.3086 ], [ -91.1149, 46.3045 ], [ -91.1282, 46.3029 ], [ -91.1337, 46.299 ], [ -91.1381, 46.2991 ], [ -91.1425, 46.3028 ], [ -91.1598, 46.2964 ], [ -91.176, 46.3013 ], [ -91.1821, 46.3004 ], [ -91.1881, 46.3073 ], [ -91.1962, 46.3071 ], [ -91.2066, 46.3112 ], [ -91.2046, 46.3179 ], [ -91.1991, 46.3226 ], [ -91.199, 46.3291 ], [ -91.2024, 46.3331 ], [ -91.2021, 46.3439 ], [ -91.2284, 46.3442 ], [ -91.2502, 46.3327 ], [ -91.2628, 46.3312 ], [ -91.2655, 46.3384 ], [ -91.2643, 46.345 ], [ -91.2578, 46.3568 ], [ -91.2718, 46.3753 ], [ -91.2673, 46.3927 ], [ -91.2734, 46.4071 ], [ -91.262, 46.4258 ], [ -91.2631, 46.4345 ], [ -91.273, 46.4395 ], [ -91.2703, 46.4482 ], [ -91.2699, 46.4722 ], [ -91.2913, 46.4855 ], [ -91.318, 46.4936 ], [ -91.3323, 46.4952 ], [ -91.357, 46.5063 ], [ -91.3572, 46.5143 ], [ -91.3518, 46.5256 ], [ -91.3535, 46.529 ], [ -91.3634, 46.5337 ], [ -91.3605, 46.5353 ], [ -91.3594, 46.5415 ], [ -91.3666, 46.5648 ] ] ] } },
{ "type": "Feature", "properties": { "GEOID": "55125950601", "county": "Census Tract 9506.01" }, "geometry": { "type": "Polygon", "coordinates": [ [ [ -89.9286, 46.0693 ], [ -89.9292, 46.2997 ], [ -89.7349, 46.2625 ], [ -89.7284, 46.2438 ], [ -89.7479, 46.2468 ], [ -89.7569, 46.2427 ], [ -89.7728, 46.2416 ], [ -89.7994, 46.2339 ], [ -89.8011, 46.2229 ], [ -89.7955, 46.2109 ], [ -89.7832, 46.2105 ], [ -89.7798, 46.2086 ], [ -89.7836, 46.2058 ], [ -89.7938, 46.1875 ], [ -89.7862, 46.184 ], [ -89.7837, 46.1797 ], [ -89.7684, 46.186 ], [ -89.7585, 46.1866 ], [ -89.7558, 46.1764 ], [ -89.7521, 46.1765 ], [ -89.745, 46.1812 ], [ -89.721, 46.1817 ], [ -89.7163, 46.1853 ], [ -89.7179, 46.1899 ], [ -89.7094, 46.1923 ], [ -89.7024, 46.1898 ], [ -89.6947, 46.1909 ], [ -89.6936, 46.1943 ], [ -89.6886, 46.1957 ], [ -89.6712, 46.1891 ], [ -89.6655, 46.1958 ], [ -89.6675, 46.1982 ], [ -89.6658, 46.2028 ], [ -89.6628, 46.2045 ], [ -89.6576, 46.1987 ], [ -89.6273, 46.193 ], [ -89.6174, 46.184 ], [ -89.6073, 46.1789 ], [ -89.6001, 46.1709 ], [ -89.607, 46.169 ], [ -89.6146, 46.1629 ], [ -89.6276, 46.1487 ], [ -89.6288, 46.1282 ], [ -89.6399, 46.1208 ], [ -89.6442, 46.1129 ], [ -89.6406, 46.1117 ], [ -89.6456, 46.0997 ], [ -89.6452, 46.0838 ], [ -89.6113, 46.0834 ], [ -89.5879, 46.0782 ], [ -89.584, 46.082 ], [ -89.5729, 46.0839 ], [ -89.5547, 46.0765 ], [ -89.544, 46.0756 ], [ -89.5274, 46.0679 ], [ -89.532, 46.0609 ], [ -89.5008, 46.0538 ], [ -89.4917, 46.0495 ], [ -89.4806, 46.0514 ], [ -89.4726, 46.0463 ], [ -89.4719, 46.0356 ], [ -89.4586, 46.0338 ], [ -89.4646, 46.0276 ], [ -89.4629, 46.0231 ], [ -89.4779, 45.9976 ], [ -89.4942, 45.9867 ], [ -89.5316, 45.9859 ], [ -89.5319, 45.9932 ], [ -89.5472, 45.9932 ], [ -89.5578, 45.9892 ], [ -89.572, 45.9984 ], [ -89.6119, 45.9977 ], [ -89.633, 46.0059 ], [ -89.6557, 46.0076 ], [ -89.6611, 46.0101 ], [ -89.6738, 45.9988 ], [ -89.6987, 45.9825 ], [ -89.6997, 45.9708 ], [ -89.7051, 45.9599 ], [ -89.7158, 45.9607 ], [ -89.7184, 45.9634 ], [ -89.7265, 45.9605 ], [ -89.732, 45.9612 ], [ -89.7352, 45.9532 ], [ -89.7393, 45.9523 ], [ -89.7416, 45.9555 ], [ -89.7439, 45.9518 ], [ -89.7581, 45.9472 ], [ -89.7566, 45.9821 ], [ -89.7619, 45.9823 ], [ -89.7622, 46.0695 ], [ -89.9286, 46.0693 ] ] ] } },
{ "type": "Feature", "properties": { "GEOID": "55025011508", "county": "Census Tract 115.08" }, "geometry": { "type": "Polygon", "coordinates": [ [ [ -89.264, 43.2241 ], [ -89.2111, 43.2242 ], [ -89.2108, 43.1972 ], [ -89.2259, 43.1919 ], [ -89.2259, 43.2096 ], [ -89.2637, 43.2096 ], [ -89.264, 43.2241 ] ] ] } },
{ "type": "Feature", "properties": { "GEOID": "55025001706", "county": "Census Tract 17.06" }, "geometry": { "type": "Polygon", "coordinates": [ [ [ -89.3905, 43.0795 ], [ -89.3863, 43.0806 ], [ -89.3821, 43.0761 ], [ -89.3787, 43.0785 ], [ -89.375, 43.0753 ], [ -89.3845, 43.0679 ], [ -89.3822, 43.0746 ], [ -89.3905, 43.0795 ] ] ] } },
{ "type": "Feature", "properties": { "GEOID": "55139000501", "county": "Census Tract 5.01" }, "geometry": { "type": "Polygon", "coordinates": [ [ [ -88.5511, 44.0184 ], [ -88.5452, 44.0233 ], [ -88.5451, 44.0303 ], [ -88.5426, 44.0303 ], [ -88.5426, 44.0219 ], [ -88.5384, 44.0202 ], [ -88.5364, 44.0222 ], [ -88.5353, 44.0196 ], [ -88.5315, 44.0196 ], [ -88.5336, 44.0116 ], [ -88.5511, 44.0184 ] ] ] } },
{ "type": "Feature", "properties": { "GEOID": "55087012101", "county": "Census Tract 121.01" }, "geometry": { "type": "Polygon", "coordinates": [ [ [ -88.2931, 44.2571 ], [ -88.2737, 44.2581 ], [ -88.2737, 44.2719 ], [ -88.2697, 44.2722 ], [ -88.2707, 44.2756 ], [ -88.261, 44.2734 ], [ -88.2495, 44.2743 ], [ -88.2422, 44.2715 ], [ -88.2426, 44.2587 ], [ -88.2531, 44.2597 ], [ -88.2546, 44.2429 ], [ -88.2889, 44.2432 ], [ -88.2887, 44.2503 ], [ -88.2931, 44.2505 ], [ -88.2931, 44.2571 ] ] ] } },
{ "type": "Feature", "properties": { "GEOID": "55087010501", "county": "Census Tract 105.01" }, "geometry": { "type": "Polygon", "coordinates": [ [ [ -88.3983, 44.2688 ], [ -88.3851, 44.275 ], [ -88.3749, 44.2768 ], [ -88.3747, 44.2686 ], [ -88.3778, 44.2668 ], [ -88.3836, 44.2657 ], [ -88.3855, 44.2671 ], [ -88.3908, 44.264 ], [ -88.3983, 44.264 ], [ -88.3983, 44.2688 ] ] ] } },
{ "type": "Feature", "properties": { "GEOID": "55105002901", "county": "Census Tract 29.01" }, "geometry": { "type": "Polygon", "coordinates": [ [ [ -89.3042, 42.8458 ], [ -89.2107, 42.8463 ], [ -89.2105, 42.7637 ], [ -89.2205, 42.7656 ], [ -89.2203, 42.7135 ], [ -89.2401, 42.7156 ], [ -89.2888, 42.7159 ], [ -89.287, 42.7286 ], [ -89.2988, 42.7393 ], [ -89.2991, 42.7737 ], [ -89.3012, 42.7727 ], [ -89.3012, 42.7778 ], [ -89.2991, 42.7778 ], [ -89.2987, 42.7856 ], [ -89.2991, 42.817 ], [ -89.3041, 42.8289 ], [ -89.3042, 42.8458 ] ] ] } },
{ "type": "Feature", "properties": { "GEOID": "55089640201", "county": "Census Tract 6402.01" }, "geometry": { "type": "Polygon", "coordinates": [ [ [ -87.9256, 43.3681 ], [ -87.8775, 43.3689 ], [ -87.8892, 43.3077 ], [ -87.903, 43.2803 ], [ -87.9216, 43.2802 ], [ -87.9196, 43.324 ], [ -87.9247, 43.3364 ], [ -87.9256, 43.3681 ] ] ] } },
{ "type": "Feature", "properties": { "GEOID": "55089650103", "county": "Census Tract 6501.03" }, "geometry": { "type": "Polygon", "coordinates": [ [ [ -87.9893, 43.301 ], [ -87.9811, 43.3012 ], [ -87.9648, 43.3104 ], [ -87.9646, 43.2942 ], [ -87.9862, 43.2931 ], [ -87.9893, 43.301 ] ] ] } },
{ "type": "Feature", "properties": { "GEOID": "55127000802", "county": "Census Tract 8.02" }, "geometry": { "type": "Polygon", "coordinates": [ [ [ -88.6588, 42.6164 ], [ -88.6449, 42.6123 ], [ -88.6365, 42.615 ], [ -88.6256, 42.6228 ], [ -88.6256, 42.6276 ], [ -88.5904, 42.6276 ], [ -88.5803, 42.618 ], [ -88.5802, 42.5827 ], [ -88.6584, 42.5821 ], [ -88.6588, 42.6164 ] ] ] } },
{ "type": "Feature", "properties": { "GEOID": "55101001506", "county": "Census Tract 15.06" }, "geometry": { "type": "Polygon", "coordinates": [ [ [ -87.8195, 42.7992 ], [ -87.8161, 42.7993 ], [ -87.8159, 42.8056 ], [ -87.7959, 42.8063 ], [ -87.7968, 42.77 ], [ -87.8053, 42.77 ], [ -87.8195, 42.7992 ] ] ] } },
{ "type": "Feature", "properties": { "GEOID": "55101001401", "county": "Census Tract 14.01" }, "geometry": { "type": "Polygon", "coordinates": [ [ [ -87.8051, 42.77 ], [ -87.7919, 42.77 ], [ -87.7921, 42.7555 ], [ -87.8017, 42.7555 ], [ -87.8051, 42.77 ] ] ] } },
{ "type": "Feature", "properties": { "GEOID": "55039042002", "county": "Census Tract 420.02" }, "geometry": { "type": "Polygon", "coordinates": [ [ [ -88.4035, 43.8779 ], [ -88.2825, 43.8774 ], [ -88.2812, 43.7901 ], [ -88.3416, 43.7906 ], [ -88.3614, 43.7966 ], [ -88.3613, 43.7836 ], [ -88.402, 43.7835 ], [ -88.4035, 43.8779 ] ] ] } },
{ "type": "Feature", "properties": { "GEOID": "55113940001", "county": "Census Tract 9400.01" }, "geometry": { "type": "Polygon", "coordinates": [ [ [ -91.4389, 45.7669 ], [ -91.4394, 45.8562 ], [ -91.4163, 45.8565 ], [ -91.4163, 45.8528 ], [ -91.4099, 45.8529 ], [ -91.4099, 45.8569 ], [ -91.4075, 45.8569 ], [ -91.4096, 45.8419 ], [ -91.4059, 45.84 ], [ -91.4015, 45.8566 ], [ -91.3872, 45.8786 ], [ -91.3037, 45.8769 ], [ -91.2961, 45.8794 ], [ -91.2985, 45.8878 ], [ -91.2952, 45.8943 ], [ -91.2866, 45.8954 ], [ -91.2959, 45.8948 ], [ -91.303, 45.8904 ], [ -91.3019, 45.8938 ], [ -91.3095, 45.8928 ], [ -91.3079, 45.8973 ], [ -91.3004, 45.8978 ], [ -91.2981, 45.907 ], [ -91.2981, 45.9087 ], [ -91.3031, 45.909 ], [ -91.3059, 45.9145 ], [ -91.3089, 45.914 ], [ -91.313, 45.9084 ], [ -91.321, 45.9123 ], [ -91.3265, 45.9082 ], [ -91.3629, 45.9094 ], [ -91.3781, 45.9049 ], [ -91.377, 45.9094 ], [ -91.3667, 45.9189 ], [ -91.3647, 45.9252 ], [ -91.3775, 45.9421 ], [ -91.3785, 45.977 ], [ -91.3841, 45.9839 ], [ -91.3838, 46.0027 ], [ -91.363, 46.0029 ], [ -91.363, 45.9972 ], [ -91.3427, 45.9971 ], [ -91.3292, 45.9897 ], [ -91.3154, 45.9895 ], [ -91.3082, 45.9931 ], [ -91.2838, 45.9937 ], [ -91.2692, 45.9823 ], [ -91.2477, 45.9821 ], [ -91.2399, 45.9839 ], [ -91.2348, 45.982 ], [ -91.2353, 45.9566 ], [ -91.2357, 45.954 ], [ -91.2386, 45.9533 ], [ -91.2352, 45.9513 ], [ -91.2392, 45.9421 ], [ -91.243, 45.9429 ], [ -91.2406, 45.9461 ], [ -91.2484, 45.9463 ], [ -91.2577, 45.9521 ], [ -91.2665, 45.9513 ], [ -91.254, 45.9479 ], [ -91.258, 45.9458 ], [ -91.2576, 45.9421 ], [ -91.2646, 45.9395 ], [ -91.25, 45.9314 ], [ -91.2502, 45.9235 ], [ -91.2474, 45.9229 ], [ -91.2581, 45.9156 ], [ -91.2467, 45.9145 ], [ -91.2453, 45.9115 ], [ -91.2301, 45.914 ], [ -91.2248, 45.9117 ], [ -91.2247, 45.9202 ], [ -91.1937, 45.9202 ], [ -91.1935, 45.8986 ], [ -91.1883, 45.8986 ], [ -91.1883, 45.9021 ], [ -91.1831, 45.9022 ], [ -91.1829, 45.9058 ], [ -91.1727, 45.9061 ], [ -91.1728, 45.9202 ], [ -91.1526, 45.9201 ], [ -91.1525, 45.9346 ], [ -91.1629, 45.9346 ], [ -91.1629, 45.9491 ], [ -91.1527, 45.949 ], [ -91.1526, 45.9417 ], [ -91.148, 45.9417 ], [ -91.148, 45.9458 ], [ -91.1429, 45.9456 ], [ -91.143, 45.9419 ], [ -91.138, 45.9419 ], [ -91.137, 45.963 ], [ -91.132, 45.9631 ], [ -91.1318, 45.9667 ], [ -91.1261, 45.9667 ], [ -91.132, 45.97 ], [ -91.1321, 45.9757 ], [ -91.1217, 45.9756 ], [ -91.1219, 45.9812 ], [ -91.1141, 45.9813 ], [ -91.1013, 45.9738 ], [ -91.1013, 45.9814 ], [ -91.0909, 45.9814 ], [ -91.0911, 45.9693 ], [ -91.094, 45.9691 ], [ -91.092, 45.9688 ], [ -91.0861, 45.9698 ], [ -91.0826, 45.9653 ], [ -91.0738, 45.9643 ], [ -91.0712, 45.9616 ], [ -91.0747, 45.9622 ], [ -91.0866, 45.9559 ], [ -91.0966, 45.9556 ], [ -91.097, 45.9406 ], [ -91.0617, 45.9145 ], [ -91.065, 45.9113 ], [ -91.064, 45.9029 ], [ -91.0672, 45.8999 ], [ -91.0773, 45.8978 ], [ -91.0779, 45.8913 ], [ -91.0939, 45.8985 ], [ -91.173, 45.8985 ], [ -91.1731, 45.8555 ], [ -91.2353, 45.8556 ], [ -91.235, 45.8128 ], [ -91.2762, 45.8127 ], [ -91.2763, 45.8052 ], [ -91.2864, 45.8052 ], [ -91.2867, 45.798 ], [ -91.2892, 45.798 ], [ -91.2892, 45.8016 ], [ -91.296, 45.8016 ], [ -91.296, 45.807 ], [ -91.3063, 45.8066 ], [ -91.3063, 45.8129 ], [ -91.3577, 45.8128 ], [ -91.3578, 45.7825 ], [ -91.3788, 45.7822 ], [ -91.3791, 45.7674 ], [ -91.4389, 45.7669 ] ] ] } },
{ "type": "Feature", "properties": { "GEOID": "55079050104", "county": "Census Tract 501.04" }, "geometry": { "type": "Polygon", "coordinates": [ [ [ -87.9753, 43.1486 ], [ -87.9747, 43.1704 ], [ -87.9645, 43.1704 ], [ -87.9624, 43.1736 ], [ -87.961, 43.1702 ], [ -87.9508, 43.163 ], [ -87.9603, 43.1623 ], [ -87.9575, 43.1558 ], [ -87.9652, 43.1559 ], [ -87.9655, 43.1486 ], [ -87.9753, 43.1486 ] ] ] } },
{ "type": "Feature", "properties": { "GEOID": "55009020506", "county": "Census Tract 205.06" }, "geometry": { "type": "Polygon", "coordinates": [ [ [ -88.1094, 44.5906 ], [ -88.0888, 44.5908 ], [ -88.0889, 44.5946 ], [ -88.0833, 44.5946 ], [ -88.0843, 44.5909 ], [ -88.0785, 44.5909 ], [ -88.0786, 44.5755 ], [ -88.0846, 44.5794 ], [ -88.1096, 44.5811 ], [ -88.1094, 44.5906 ] ] ] } },
{ "type": "Feature", "properties": { "GEOID": "55105002700", "county": "Census Tract 27" }, "geometry": { "type": "Polygon", "coordinates": [ [ [ -89.3667, 42.5932 ], [ -89.3315, 42.5927 ], [ -89.3265, 42.5966 ], [ -89.3069, 42.5966 ], [ -89.3069, 42.6002 ], [ -89.1295, 42.5992 ], [ -89.1299, 42.497 ], [ -89.3658, 42.5003 ], [ -89.3667, 42.5932 ] ] ] } },
{ "type": "Feature", "properties": { "GEOID": "55105001600", "county": "Census Tract 16" }, "geometry": { "type": "Polygon", "coordinates": [ [ [ -89.0564, 42.5072 ], [ -89.0391, 42.5072 ], [ -89.0391, 42.4994 ], [ -89.0421, 42.4962 ], [ -89.0564, 42.4962 ], [ -89.0564, 42.5072 ] ] ] } },
{ "type": "Feature", "properties": { "GEOID": "55105002300", "county": "Census Tract 23" }, "geometry": { "type": "Polygon", "coordinates": [ [ [ -89.04, 42.5402 ], [ -89.021, 42.5406 ], [ -89.0172, 42.525 ], [ -89.0374, 42.5252 ], [ -89.04, 42.5402 ] ] ] } },
{ "type": "Feature", "properties": { "GEOID": "55105000500", "county": "Census Tract 5" }, "geometry": { "type": "Polygon", "coordinates": [ [ [ -89.052, 42.6865 ], [ -89.0505, 42.716 ], [ -89.0376, 42.7177 ], [ -89.0384, 42.7105 ], [ -89.0339, 42.705 ], [ -89.0326, 42.6904 ], [ -89.0284, 42.6869 ], [ -89.052, 42.6865 ] ] ] } },
{ "type": "Feature", "properties": { "GEOID": "55105000200", "county": "Census Tract 2" }, "geometry": { "type": "Polygon", "coordinates": [ [ [ -89.0227, 42.681 ], [ -89.0186, 42.6853 ], [ -89.003, 42.6908 ], [ -89.0028, 42.6789 ], [ -89.0179, 42.6763 ], [ -89.0227, 42.681 ] ] ] } },
{ "type": "Feature", "properties": { "GEOID": "55117000800", "county": "Census Tract 8" }, "geometry": { "type": "Polygon", "coordinates": [ [ [ -87.7298, 43.7465 ], [ -87.7257, 43.7498 ], [ -87.7251, 43.7547 ], [ -87.7214, 43.755 ], [ -87.7146, 43.7449 ], [ -87.7111, 43.7451 ], [ -87.7087, 43.7485 ], [ -87.7031, 43.7488 ], [ -87.7083, 43.7429 ], [ -87.7098, 43.7319 ], [ -87.7231, 43.7321 ], [ -87.7229, 43.7432 ], [ -87.7292, 43.7432 ], [ -87.7298, 43.7465 ] ] ] } },
{ "type": "Feature", "properties": { "GEOID": "55117011100", "county": "Census Tract 111" }, "geometry": { "type": "Polygon", "coordinates": [ [ [ -88.1609, 43.5429 ], [ -88.1606, 43.7176 ], [ -88.0406, 43.7176 ], [ -88.0405, 43.5424 ], [ -88.1609, 43.5429 ] ] ] } },
{ "type": "Feature", "properties": { "GEOID": "55131400103", "county": "Census Tract 4001.03" }, "geometry": { "type": "Polygon", "coordinates": [ [ [ -88.1616, 43.4549 ], [ -88.1609, 43.5429 ], [ -88.0405, 43.5424 ], [ -88.0407, 43.4545 ], [ -88.1616, 43.4549 ] ] ] } },
{ "type": "Feature", "properties": { "GEOID": "55131470202", "county": "Census Tract 4702.02" }, "geometry": { "type": "Polygon", "coordinates": [ [ [ -88.1229, 43.2209 ], [ -88.1032, 43.221 ], [ -88.1031, 43.1919 ], [ -88.1179, 43.1919 ], [ -88.1227, 43.1947 ], [ -88.1229, 43.2209 ] ] ] } },
{ "type": "Feature", "properties": { "GEOID": "55133203403", "county": "Census Tract 2034.03" }, "geometry": { "type": "Polygon", "coordinates": [ [ [ -88.2436, 43.1429 ], [ -88.2435, 43.1485 ], [ -88.2237, 43.1482 ], [ -88.2232, 43.1627 ], [ -88.2132, 43.1627 ], [ -88.2124, 43.1781 ], [ -88.1829, 43.1771 ], [ -88.1845, 43.1333 ], [ -88.2436, 43.1429 ] ] ] } },
{ "type": "Feature", "properties": { "GEOID": "55133201203", "county": "Census Tract 2012.03" }, "geometry": { "type": "Polygon", "coordinates": [ [ [ -88.147, 43.0243 ], [ -88.1462, 43.054 ], [ -88.1264, 43.0536 ], [ -88.127, 43.0169 ], [ -88.1368, 43.017 ], [ -88.1369, 43.0203 ], [ -88.147, 43.0243 ] ] ] } },
{ "type": "Feature", "properties": { "GEOID": "55133201300", "county": "Census Tract 2013" }, "geometry": { "type": "Polygon", "coordinates": [ [ [ -88.2014, 42.9965 ], [ -88.1994, 43.003 ], [ -88.187, 42.9998 ], [ -88.1864, 43.014 ], [ -88.1717, 43.0143 ], [ -88.1664, 43.0172 ], [ -88.127, 43.0169 ], [ -88.1283, 42.9807 ], [ -88.1831, 42.9811 ], [ -88.1937, 42.9878 ], [ -88.2014, 42.9965 ] ] ] } },
{ "type": "Feature", "properties": { "GEOID": "55133200103", "county": "Census Tract 2001.03" }, "geometry": { "type": "Polygon", "coordinates": [ [ [ -88.1038, 43.1693 ], [ -88.1031, 43.1919 ], [ -88.0829, 43.192 ], [ -88.0793, 43.1835 ], [ -88.0835, 43.1834 ], [ -88.0843, 43.1555 ], [ -88.1038, 43.1693 ] ] ] } },
{ "type": "Feature", "properties": { "GEOID": "55089610102", "county": "Census Tract 6101.02" }, "geometry": { "type": "Polygon", "coordinates": [ [ [ -87.921, 43.5434 ], [ -87.7919, 43.543 ], [ -87.7941, 43.5247 ], [ -87.7917, 43.4922 ], [ -87.804, 43.4634 ], [ -87.8107, 43.456 ], [ -87.9205, 43.4558 ], [ -87.921, 43.5434 ] ] ] } },
{ "type": "Feature", "properties": { "GEOID": "55097960300", "county": "Census Tract 9603" }, "geometry": { "type": "Polygon", "coordinates": [ [ [ -89.6147, 44.5418 ], [ -89.598, 44.558 ], [ -89.5961, 44.5672 ], [ -89.5841, 44.5527 ], [ -89.5765, 44.5483 ], [ -89.5748, 44.5271 ], [ -89.5985, 44.527 ], [ -89.6062, 44.5309 ], [ -89.6147, 44.5418 ] ] ] } },
{ "type": "Feature", "properties": { "GEOID": "55097960400", "county": "Census Tract 9604" }, "geometry": { "type": "Polygon", "coordinates": [ [ [ -89.5765, 44.5483 ], [ -89.5571, 44.5482 ], [ -89.5494, 44.5456 ], [ -89.5444, 44.5409 ], [ -89.5467, 44.5392 ], [ -89.5445, 44.538 ], [ -89.5443, 44.5234 ], [ -89.5747, 44.5235 ], [ -89.5765, 44.5483 ] ] ] } },
{ "type": "Feature", "properties": { "GEOID": "55087011101", "county": "Census Tract 111.01" }, "geometry": { "type": "Polygon", "coordinates": [ [ [ -88.4361, 44.2805 ], [ -88.436, 44.299 ], [ -88.4153, 44.2987 ], [ -88.4158, 44.2804 ], [ -88.4361, 44.2805 ] ] ] } },
{ "type": "Feature", "properties": { "GEOID": "55087011300", "county": "Census Tract 113" }, "geometry": { "type": "Polygon", "coordinates": [ [ [ -88.4158, 44.2804 ], [ -88.3956, 44.2802 ], [ -88.3955, 44.2729 ], [ -88.4157, 44.2729 ], [ -88.4158, 44.2804 ] ] ] } },
{ "type": "Feature", "properties": { "GEOID": "55087012300", "county": "Census Tract 123" }, "geometry": { "type": "Polygon", "coordinates": [ [ [ -88.2777, 44.2865 ], [ -88.2648, 44.2894 ], [ -88.2605, 44.2888 ], [ -88.2575, 44.2842 ], [ -88.2448, 44.2888 ], [ -88.2422, 44.2854 ], [ -88.2502, 44.2795 ], [ -88.2598, 44.2795 ], [ -88.2616, 44.2778 ], [ -88.2727, 44.2821 ], [ -88.2794, 44.2818 ], [ -88.2777, 44.2865 ] ] ] } },
{ "type": "Feature", "properties": { "GEOID": "55087011700", "county": "Census Tract 117" }, "geometry": { "type": "Polygon", "coordinates": [ [ [ -88.3391, 44.266 ], [ -88.3357, 44.2788 ], [ -88.3213, 44.2777 ], [ -88.3204, 44.2725 ], [ -88.3241, 44.2673 ], [ -88.3391, 44.266 ] ] ] } },
{ "type": "Feature", "properties": { "GEOID": "55139001300", "county": "Census Tract 13" }, "geometry": { "type": "Polygon", "coordinates": [ [ [ -88.5825, 43.9902 ], [ -88.5821, 44.0108 ], [ -88.545, 44.0104 ], [ -88.545, 44.0064 ], [ -88.5625, 44.0044 ], [ -88.5825, 43.9902 ] ] ] } },
{ "type": "Feature", "properties": { "GEOID": "55139002700", "county": "Census Tract 27" }, "geometry": { "type": "Polygon", "coordinates": [ [ [ -88.47, 44.2091 ], [ -88.4653, 44.2157 ], [ -88.4332, 44.2154 ], [ -88.4401, 44.2082 ], [ -88.47, 44.2091 ] ] ] } },
{ "type": "Feature", "properties": { "GEOID": "55139003300", "county": "Census Tract 33" }, "geometry": { "type": "Polygon", "coordinates": [ [ [ -88.4744, 44.171 ], [ -88.47, 44.1865 ], [ -88.4738, 44.1899 ], [ -88.4573, 44.1881 ], [ -88.4557, 44.1862 ], [ -88.4599, 44.1816 ], [ -88.4599, 44.1711 ], [ -88.4744, 44.171 ] ] ] } },
{ "type": "Feature", "properties": { "GEOID": "55015020303", "county": "Census Tract 203.03" }, "geometry": { "type": "Polygon", "coordinates": [ [ [ -88.4041, 44.2441 ], [ -88.3833, 44.2441 ], [ -88.3833, 44.2327 ], [ -88.4039, 44.2338 ], [ -88.4041, 44.2441 ] ] ] } },
{ "type": "Feature", "properties": { "GEOID": "55015020400", "county": "Census Tract 204" }, "geometry": { "type": "Polygon", "coordinates": [ [ [ -88.4042, 43.9382 ], [ -88.4045, 44.123 ], [ -88.2368, 44.122 ], [ -88.2368, 44.0002 ], [ -88.1512, 44.0002 ], [ -88.1509, 43.9376 ], [ -88.4042, 43.9382 ] ] ] } },
{ "type": "Feature", "properties": { "GEOID": "55073001104", "county": "Census Tract 11.04" }, "geometry": { "type": "Polygon", "coordinates": [ [ [ -89.6094, 44.88 ], [ -89.6087, 44.909 ], [ -89.5946, 44.9091 ], [ -89.5842, 44.9048 ], [ -89.5622, 44.9057 ], [ -89.5622, 44.8875 ], [ -89.5825, 44.8873 ], [ -89.5823, 44.8729 ], [ -89.6025, 44.8729 ], [ -89.603, 44.8801 ], [ -89.6094, 44.88 ] ] ] } },
{ "type": "Feature", "properties": { "GEOID": "55073000300", "county": "Census Tract 3" }, "geometry": { "type": "Polygon", "coordinates": [ [ [ -89.6325, 44.9736 ], [ -89.6225, 44.9841 ], [ -89.6213, 44.9886 ], [ -89.6268, 45.0027 ], [ -89.5517, 45.0023 ], [ -89.558, 44.9935 ], [ -89.5669, 44.9919 ], [ -89.5758, 44.9862 ], [ -89.5841, 44.9844 ], [ -89.5954, 44.9761 ], [ -89.6049, 44.9741 ], [ -89.6325, 44.9736 ] ] ] } },
{ "type": "Feature", "properties": { "GEOID": "55079005500", "county": "Census Tract 55" }, "geometry": { "type": "Polygon", "coordinates": [ [ [ -88.0394, 43.0897 ], [ -88.0277, 43.0898 ], [ -88.0276, 43.075 ], [ -88.0384, 43.075 ], [ -88.0339, 43.0761 ], [ -88.0342, 43.0781 ], [ -88.0387, 43.0789 ], [ -88.0394, 43.0897 ] ] ] } },
{ "type": "Feature", "properties": { "GEOID": "55079005200", "county": "Census Tract 52" }, "geometry": { "type": "Polygon", "coordinates": [ [ [ -88.0176, 43.0899 ], [ -88.0072, 43.09 ], [ -88.0073, 43.0826 ], [ -88.0175, 43.0825 ], [ -88.0176, 43.0899 ] ] ] } },
{ "type": "Feature", "properties": { "GEOID": "55079006600", "county": "Census Tract 66" }, "geometry": { "type": "Polygon", "coordinates": [ [ [ -87.9374, 43.0714 ], [ -87.9372, 43.0824 ], [ -87.9348, 43.0823 ], [ -87.9327, 43.078 ], [ -87.9237, 43.0777 ], [ -87.924, 43.0712 ], [ -87.9374, 43.0714 ] ] ] } },
{ "type": "Feature", "properties": { "GEOID": "55079091400", "county": "Census Tract 914" }, "geometry": { "type": "Polygon", "coordinates": [ [ [ -88.0024, 43.0441 ], [ -87.9985, 43.0448 ], [ -87.9875, 43.0417 ], [ -87.9841, 43.0384 ], [ -87.9955, 43.0361 ], [ -87.9957, 43.0397 ], [ -88.0024, 43.0397 ], [ -88.0024, 43.0441 ] ] ] } },
{ "type": "Feature", "properties": { "GEOID": "55079101400", "county": "Census Tract 1014" }, "geometry": { "type": "Polygon", "coordinates": [ [ [ -88.0367, 43.0099 ], [ -88.0171, 43.0101 ], [ -88.0173, 43.0027 ], [ -88.0382, 43.0026 ], [ -88.0367, 43.0099 ] ] ] } },
{ "type": "Feature", "properties": { "GEOID": "55079012400", "county": "Census Tract 124" }, "geometry": { "type": "Polygon", "coordinates": [ [ [ -87.9875, 43.05 ], [ -87.9654, 43.0488 ], [ -87.9674, 43.0405 ], [ -87.9716, 43.0426 ], [ -87.9875, 43.0422 ], [ -87.9875, 43.05 ] ] ] } },
{ "type": "Feature", "properties": { "GEOID": "55079006700", "county": "Census Tract 67" }, "geometry": { "type": "Polygon", "coordinates": [ [ [ -87.924, 43.0712 ], [ -87.9237, 43.0777 ], [ -87.9169, 43.0776 ], [ -87.917, 43.0711 ], [ -87.924, 43.0712 ] ] ] } },
{ "type": "Feature", "properties": { "GEOID": "55079016100", "county": "Census Tract 161" }, "geometry": { "type": "Polygon", "coordinates": [ [ [ -87.9675, 43.0168 ], [ -87.9526, 43.019 ], [ -87.9527, 43.0141 ], [ -87.962, 43.0141 ], [ -87.9627, 43.0123 ], [ -87.9665, 43.0132 ], [ -87.9675, 43.0168 ] ] ] } },
{ "type": "Feature", "properties": { "GEOID": "55079011400", "county": "Census Tract 114" }, "geometry": { "type": "Polygon", "coordinates": [ [ [ -87.9144, 43.0457 ], [ -87.9142, 43.0565 ], [ -87.9053, 43.0564 ], [ -87.9044, 43.0545 ], [ -87.9144, 43.0457 ] ] ] } },
{ "type": "Feature", "properties": { "GEOID": "55079120502", "county": "Census Tract 1205.02" }, "geometry": { "type": "Polygon", "coordinates": [ [ [ -87.9885, 42.9594 ], [ -87.9487, 42.9594 ], [ -87.9491, 42.9437 ], [ -87.9602, 42.9449 ], [ -87.9623, 42.9431 ], [ -87.9688, 42.9449 ], [ -87.9687, 42.9521 ], [ -87.9886, 42.9521 ], [ -87.9885, 42.9594 ] ] ] } },
{ "type": "Feature", "properties": { "GEOID": "55079004200", "county": "Census Tract 42" }, "geometry": { "type": "Polygon", "coordinates": [ [ [ -87.953, 43.1009 ], [ -87.9458, 43.1008 ], [ -87.9388, 43.0896 ], [ -87.947, 43.0898 ], [ -87.9469, 43.0952 ], [ -87.9505, 43.0951 ], [ -87.9505, 43.0994 ], [ -87.953, 43.1009 ] ] ] } },
{ "type": "Feature", "properties": { "GEOID": "55079001200", "county": "Census Tract 12" }, "geometry": { "type": "Polygon", "coordinates": [ [ [ -87.9911, 43.1194 ], [ -87.9908, 43.134 ], [ -87.9857, 43.1339 ], [ -87.981, 43.1297 ], [ -87.9812, 43.1193 ], [ -87.9911, 43.1194 ] ] ] } },
{ "type": "Feature", "properties": { "GEOID": "55079007300", "county": "Census Tract 73" }, "geometry": { "type": "Polygon", "coordinates": [ [ [ -87.8915, 43.0711 ], [ -87.8922, 43.0819 ], [ -87.8828, 43.0819 ], [ -87.8829, 43.0746 ], [ -87.8915, 43.0747 ], [ -87.8915, 43.0711 ] ] ] } },
{ "type": "Feature", "properties": { "GEOID": "55079007500", "county": "Census Tract 75" }, "geometry": { "type": "Polygon", "coordinates": [ [ [ -87.883, 43.0674 ], [ -87.8829, 43.0746 ], [ -87.872, 43.0746 ], [ -87.8734, 43.0673 ], [ -87.883, 43.0674 ] ] ] } },
{ "type": "Feature", "properties": { "GEOID": "55079004700", "county": "Census Tract 47" }, "geometry": { "type": "Polygon", "coordinates": [ [ [ -87.9572, 43.0811 ], [ -87.9571, 43.0899 ], [ -87.937, 43.0896 ], [ -87.9372, 43.0824 ], [ -87.9471, 43.0835 ], [ -87.9472, 43.0812 ], [ -87.9572, 43.0811 ] ] ] } },
{ "type": "Feature", "properties": { "GEOID": "55079080400", "county": "Census Tract 804" }, "geometry": { "type": "Polygon", "coordinates": [ [ [ -87.8982, 43.0892 ], [ -87.8825, 43.0892 ], [ -87.8827, 43.0819 ], [ -87.8916, 43.0819 ], [ -87.8982, 43.0892 ] ] ] } },
{ "type": "Feature", "properties": { "GEOID": "55079015700", "county": "Census Tract 157" }, "geometry": { "type": "Polygon", "coordinates": [ [ [ -87.9331, 43.0191 ], [ -87.933, 43.0242 ], [ -87.9225, 43.0242 ], [ -87.9225, 43.0191 ], [ -87.9331, 43.0191 ] ] ] } },
{ "type": "Feature", "properties": { "GEOID": "55079014300", "county": "Census Tract 143" }, "geometry": { "type": "Polygon", "coordinates": [ [ [ -87.9035, 43.0457 ], [ -87.8976, 43.0457 ], [ -87.8998, 43.0392 ], [ -87.9028, 43.039 ], [ -87.9035, 43.0457 ] ] ] } },
{ "type": "Feature", "properties": { "GEOID": "55079005000", "county": "Census Tract 50" }, "geometry": { "type": "Polygon", "coordinates": [ [ [ -87.9924, 43.0754 ], [ -87.9873, 43.0754 ], [ -87.9871, 43.0827 ], [ -87.9772, 43.0826 ], [ -87.9774, 43.0716 ], [ -87.992, 43.0717 ], [ -87.9924, 43.0754 ] ] ] } },
{ "type": "Feature", "properties": { "GEOID": "55079000302", "county": "Census Tract 3.02" }, "geometry": { "type": "Polygon", "coordinates": [ [ [ -88.0552, 43.134 ], [ -88.0549, 43.147 ], [ -88.0504, 43.1475 ], [ -88.0326, 43.134 ], [ -88.0552, 43.134 ] ] ] } },
{ "type": "Feature", "properties": { "GEOID": "55079002500", "county": "Census Tract 25" }, "geometry": { "type": "Polygon", "coordinates": [ [ [ -87.9664, 43.112 ], [ -87.9611, 43.1119 ], [ -87.9566, 43.1046 ], [ -87.9665, 43.1046 ], [ -87.9664, 43.112 ] ] ] } },
{ "type": "Feature", "properties": { "GEOID": "55079018200", "county": "Census Tract 182" }, "geometry": { "type": "Polygon", "coordinates": [ [ [ -87.8871, 42.9925 ], [ -87.8828, 42.9967 ], [ -87.8713, 42.9881 ], [ -87.8834, 42.9882 ], [ -87.8871, 42.9925 ] ] ] } },
{ "type": "Feature", "properties": { "GEOID": "55079008400", "county": "Census Tract 84" }, "geometry": { "type": "Polygon", "coordinates": [ [ [ -87.9269, 43.064 ], [ -87.9268, 43.0712 ], [ -87.9198, 43.0712 ], [ -87.9199, 43.0639 ], [ -87.9269, 43.064 ] ] ] } },
{ "type": "Feature", "properties": { "GEOID": "55079021100", "county": "Census Tract 211" }, "geometry": { "type": "Polygon", "coordinates": [ [ [ -87.9193, 42.9738 ], [ -87.9095, 42.9738 ], [ -87.9096, 42.9665 ], [ -87.9194, 42.9665 ], [ -87.9193, 42.9738 ] ] ] } },
{ "type": "Feature", "properties": { "GEOID": "55079185800", "county": "Census Tract 1858" }, "geometry": { "type": "Polygon", "coordinates": [ [ [ -87.9476, 43.0564 ], [ -87.9377, 43.0563 ], [ -87.9377, 43.0514 ], [ -87.9477, 43.0514 ], [ -87.9476, 43.0564 ] ] ] } },
{ "type": "Feature", "properties": { "GEOID": "55079180200", "county": "Census Tract 1802" }, "geometry": { "type": "Polygon", "coordinates": [ [ [ -87.8601, 42.961 ], [ -87.8502, 42.961 ], [ -87.85, 42.9484 ], [ -87.86, 42.9483 ], [ -87.8601, 42.961 ] ] ] } },
{ "type": "Feature", "properties": { "GEOID": "55079017300", "county": "Census Tract 173" }, "geometry": { "type": "Polygon", "coordinates": [ [ [ -87.953, 42.9995 ], [ -87.9529, 43.0067 ], [ -87.9423, 43.0067 ], [ -87.9482, 42.9996 ], [ -87.953, 42.9995 ] ] ] } },
{ "type": "Feature", "properties": { "GEOID": "55079130200", "county": "Census Tract 1302" }, "geometry": { "type": "Polygon", "coordinates": [ [ [ -88.0694, 42.9445 ], [ -88.0482, 42.9447 ], [ -88.0484, 42.9302 ], [ -88.0695, 42.9299 ], [ -88.0694, 42.9445 ] ] ] } },
{ "type": "Feature", "properties": { "GEOID": "55079017500", "county": "Census Tract 175" }, "geometry": { "type": "Polygon", "coordinates": [ [ [ -87.9335, 42.9993 ], [ -87.9332, 43.0065 ], [ -87.9257, 43.0065 ], [ -87.9261, 42.9992 ], [ -87.9335, 42.9993 ] ] ] } },
{ "type": "Feature", "properties": { "GEOID": "55079020300", "county": "Census Tract 203" }, "geometry": { "type": "Polygon", "coordinates": [ [ [ -87.934, 42.9738 ], [ -87.9338, 42.9847 ], [ -87.9192, 42.9847 ], [ -87.9193, 42.9738 ], [ -87.934, 42.9738 ] ] ] } },
{ "type": "Feature", "properties": { "GEOID": "55079060102", "county": "Census Tract 601.02" }, "geometry": { "type": "Polygon", "coordinates": [ [ [ -87.9548, 43.1485 ], [ -87.9454, 43.1484 ], [ -87.9465, 43.1602 ], [ -87.9407, 43.1601 ], [ -87.9352, 43.1589 ], [ -87.9262, 43.1429 ], [ -87.9331, 43.1408 ], [ -87.9516, 43.1412 ], [ -87.9548, 43.1485 ] ] ] } },
{ "type": "Feature", "properties": { "GEOID": "55079101000", "county": "Census Tract 1010" }, "geometry": { "type": "Polygon", "coordinates": [ [ [ -88.0686, 42.981 ], [ -88.0677, 43.0028 ], [ -88.0469, 43.0026 ], [ -88.0474, 42.9808 ], [ -88.0686, 42.981 ] ] ] } },
{ "type": "Feature", "properties": { "GEOID": "55079014600", "county": "Census Tract 146" }, "geometry": { "type": "Polygon", "coordinates": [ [ [ -87.934, 43.0459 ], [ -87.9271, 43.0458 ], [ -87.9272, 43.0387 ], [ -87.933, 43.0387 ], [ -87.934, 43.0459 ] ] ] } },
{ "type": "Feature", "properties": { "GEOID": "55079002900", "county": "Census Tract 29" }, "geometry": { "type": "Polygon", "coordinates": [ [ [ -87.9865, 43.1047 ], [ -87.9862, 43.112 ], [ -87.9763, 43.112 ], [ -87.9765, 43.1046 ], [ -87.9865, 43.1047 ] ] ] } },
{ "type": "Feature", "properties": { "GEOID": "55081950300", "county": "Census Tract 9503" }, "geometry": { "type": "Polygon", "coordinates": [ [ [ -90.9118, 43.9642 ], [ -90.9062, 43.9629 ], [ -90.906, 43.957 ], [ -90.8873, 43.957 ], [ -90.8778, 43.9598 ], [ -90.8763, 43.9644 ], [ -90.8646, 43.962 ], [ -90.8576, 43.963 ], [ -90.8397, 43.9555 ], [ -90.831, 43.954 ], [ -90.8309, 43.9499 ], [ -90.8109, 43.9498 ], [ -90.8103, 43.9224 ], [ -90.8215, 43.9206 ], [ -90.8256, 43.9136 ], [ -90.8473, 43.9137 ], [ -90.8498, 43.9142 ], [ -90.8505, 43.9196 ], [ -90.8599, 43.9188 ], [ -90.8607, 43.9335 ], [ -90.9105, 43.9269 ], [ -90.9118, 43.9642 ] ] ] } },
{ "type": "Feature", "properties": { "GEOID": "55095961000", "county": "Census Tract 9610" }, "geometry": { "type": "Polygon", "coordinates": [ [ [ -92.4118, 45.2617 ], [ -92.4079, 45.2617 ], [ -92.4078, 45.2596 ], [ -92.3885, 45.2596 ], [ -92.3886, 45.2668 ], [ -92.399, 45.2682 ], [ -92.3981, 45.3104 ], [ -92.3928, 45.3107 ], [ -92.3933, 45.3187 ], [ -92.3894, 45.3249 ], [ -92.3892, 45.3313 ], [ -92.3572, 45.3326 ], [ -92.357, 45.3469 ], [ -92.3454, 45.3464 ], [ -92.3429, 45.35 ], [ -92.3364, 45.3499 ], [ -92.3367, 45.2959 ], [ -92.3163, 45.2958 ], [ -92.316, 45.2536 ], [ -92.2824, 45.2521 ], [ -92.2849, 45.2451 ], [ -92.2839, 45.2093 ], [ -92.4065, 45.2093 ], [ -92.4074, 45.2499 ], [ -92.4118, 45.2617 ] ] ] } },
{ "type": "Feature", "properties": { "GEOID": "55141011000", "county": "Census Tract 110" }, "geometry": { "type": "Polygon", "coordinates": [ [ [ -89.8261, 44.3919 ], [ -89.8112, 44.4198 ], [ -89.803, 44.4236 ], [ -89.8049, 44.4236 ], [ -89.7892, 44.4268 ], [ -89.7883, 44.4334 ], [ -89.7263, 44.4477 ], [ -89.7251, 44.3951 ], [ -89.7867, 44.3947 ], [ -89.7867, 44.3911 ], [ -89.8171, 44.391 ], [ -89.8171, 44.3882 ], [ -89.821, 44.3882 ], [ -89.8261, 44.3919 ] ] ] } },
{ "type": "Feature", "properties": { "GEOID": "55141011200", "county": "Census Tract 112" }, "geometry": { "type": "Polygon", "coordinates": [ [ [ -89.9251, 44.3873 ], [ -89.905, 44.3874 ], [ -89.9051, 44.4092 ], [ -89.8951, 44.4094 ], [ -89.8951, 44.4125 ], [ -89.8771, 44.4098 ], [ -89.8612, 44.3976 ], [ -89.8299, 44.3953 ], [ -89.8261, 44.3919 ], [ -89.8334, 44.3871 ], [ -89.8458, 44.371 ], [ -89.8526, 44.3704 ], [ -89.8583, 44.3657 ], [ -89.9253, 44.3655 ], [ -89.9251, 44.3873 ] ] ] } },
{ "type": "Feature", "properties": { "GEOID": "55059000700", "county": "Census Tract 7" }, "geometry": { "type": "Polygon", "coordinates": [ [ [ -87.8824, 42.5888 ], [ -87.8789, 42.6035 ], [ -87.8457, 42.6028 ], [ -87.8456, 42.5881 ], [ -87.8824, 42.5888 ] ] ] } },
{ "type": "Feature", "properties": { "GEOID": "55063000900", "county": "Census Tract 9" }, "geometry": { "type": "Polygon", "coordinates": [ [ [ -91.2639, 43.7982 ], [ -91.2597, 43.8092 ], [ -91.2549, 43.8014 ], [ -91.2396, 43.8015 ], [ -91.2396, 43.7906 ], [ -91.2421, 43.7895 ], [ -91.229, 43.7763 ], [ -91.2319, 43.7686 ], [ -91.2352, 43.7685 ], [ -91.2441, 43.7747 ], [ -91.2624, 43.7922 ], [ -91.2639, 43.7982 ] ] ] } },
{ "type": "Feature", "properties": { "GEOID": "55063001000", "county": "Census Tract 10" }, "geometry": { "type": "Polygon", "coordinates": [ [ [ -91.2421, 43.7895 ], [ -91.2396, 43.7906 ], [ -91.2396, 43.8015 ], [ -91.2297, 43.8015 ], [ -91.2296, 43.7896 ], [ -91.2346, 43.7897 ], [ -91.2345, 43.787 ], [ -91.2293, 43.7833 ], [ -91.2306, 43.7796 ], [ -91.2421, 43.7895 ] ] ] } },
{ "type": "Feature", "properties": { "GEOID": "55063001101", "county": "Census Tract 11.01" }, "geometry": { "type": "Polygon", "coordinates": [ [ [ -91.2346, 43.7897 ], [ -91.2296, 43.7896 ], [ -91.2297, 43.8015 ], [ -91.2199, 43.7969 ], [ -91.2193, 43.7832 ], [ -91.2293, 43.7833 ], [ -91.2345, 43.787 ], [ -91.2346, 43.7897 ] ] ] } },
{ "type": "Feature", "properties": { "GEOID": "55033970700", "county": "Census Tract 9707" }, "geometry": { "type": "Polygon", "coordinates": [ [ [ -91.9758, 44.8792 ], [ -91.9691, 44.8792 ], [ -91.9677, 44.8832 ], [ -91.9725, 44.8873 ], [ -91.9719, 44.8913 ], [ -91.9549, 44.8888 ], [ -91.9378, 44.8896 ], [ -91.9328, 44.8845 ], [ -91.9287, 44.8863 ], [ -91.9298, 44.8647 ], [ -91.9246, 44.8647 ], [ -91.9247, 44.8611 ], [ -91.9196, 44.8611 ], [ -91.9196, 44.8575 ], [ -91.9043, 44.8575 ], [ -91.9042, 44.8559 ], [ -91.8895, 44.854 ], [ -91.887, 44.8436 ], [ -91.8741, 44.8437 ], [ -91.874, 44.8146 ], [ -91.948, 44.8149 ], [ -91.9474, 44.8202 ], [ -91.9419, 44.8264 ], [ -91.9446, 44.8327 ], [ -91.9548, 44.8361 ], [ -91.9548, 44.8453 ], [ -91.9526, 44.8507 ], [ -91.9486, 44.8529 ], [ -91.9502, 44.8574 ], [ -91.9584, 44.8575 ], [ -91.9602, 44.8647 ], [ -91.9754, 44.8624 ], [ -91.9758, 44.8792 ] ] ] } },
{ "type": "Feature", "properties": { "GEOID": "55019950700", "county": "Census Tract 9507" }, "geometry": { "type": "Polygon", "coordinates": [ [ [ -90.6595, 44.6544 ], [ -90.5475, 44.6544 ], [ -90.5477, 44.5965 ], [ -90.5577, 44.5964 ], [ -90.5578, 44.5745 ], [ -90.5377, 44.5744 ], [ -90.5375, 44.5527 ], [ -90.5579, 44.5528 ], [ -90.5582, 44.5358 ], [ -90.5697, 44.5301 ], [ -90.5796, 44.5293 ], [ -90.5833, 44.5324 ], [ -90.5909, 44.5289 ], [ -90.602, 44.5322 ], [ -90.5985, 44.5336 ], [ -90.597, 44.5385 ], [ -90.6047, 44.5396 ], [ -90.6065, 44.545 ], [ -90.6097, 44.5459 ], [ -90.6092, 44.5526 ], [ -90.615, 44.5598 ], [ -90.6436, 44.5593 ], [ -90.6593, 44.5647 ], [ -90.6595, 44.6544 ] ] ] } },
{ "type": "Feature", "properties": { "GEOID": "55035000803", "county": "Census Tract 8.03" }, "geometry": { "type": "Polygon", "coordinates": [ [ [ -91.4683, 44.7945 ], [ -91.4614, 44.7949 ], [ -91.4545, 44.7881 ], [ -91.4377, 44.7793 ], [ -91.4219, 44.7673 ], [ -91.4589, 44.7659 ], [ -91.4593, 44.7712 ], [ -91.4682, 44.7711 ], [ -91.4683, 44.7945 ] ] ] } },
{ "type": "Feature", "properties": { "GEOID": "55011960400", "county": "Census Tract 9604" }, "geometry": { "type": "Polygon", "coordinates": [ [ [ -91.9084, 44.4133 ], [ -91.905, 44.4215 ], [ -91.9076, 44.4268 ], [ -91.9031, 44.4301 ], [ -91.9033, 44.436 ], [ -91.8943, 44.4372 ], [ -91.8932, 44.4396 ], [ -91.8795, 44.4379 ], [ -91.8649, 44.4297 ], [ -91.859, 44.4242 ], [ -91.8579, 44.418 ], [ -91.8507, 44.4219 ], [ -91.8425, 44.4368 ], [ -91.8347, 44.438 ], [ -91.8245, 44.437 ], [ -91.8106, 44.4299 ], [ -91.8043, 44.4297 ], [ -91.8063, 44.4251 ], [ -91.802, 44.4218 ], [ -91.7925, 44.4255 ], [ -91.7764, 44.4395 ], [ -91.7668, 44.4368 ], [ -91.7499, 44.4368 ], [ -91.7461, 44.4407 ], [ -91.7455, 44.4515 ], [ -91.7256, 44.4516 ], [ -91.7157, 44.4554 ], [ -91.7147, 44.4585 ], [ -91.7065, 44.4586 ], [ -91.6996, 44.4622 ], [ -91.685, 44.4446 ], [ -91.6712, 44.4327 ], [ -91.6692, 44.4265 ], [ -91.6709, 44.423 ], [ -91.6837, 44.4153 ], [ -91.687, 44.411 ], [ -91.6789, 44.4074 ], [ -91.6791, 44.4011 ], [ -91.6749, 44.3955 ], [ -91.6623, 44.388 ], [ -91.6527, 44.3759 ], [ -91.6622, 44.3633 ], [ -91.6653, 44.3548 ], [ -91.6653, 44.3413 ], [ -91.679, 44.3312 ], [ -91.6932, 44.3371 ], [ -91.7016, 44.3381 ], [ -91.7058, 44.3345 ], [ -91.7141, 44.3363 ], [ -91.7185, 44.3262 ], [ -91.7388, 44.3232 ], [ -91.741, 44.3192 ], [ -91.7584, 44.3117 ], [ -91.7677, 44.3122 ], [ -91.7628, 44.3076 ], [ -91.7537, 44.2876 ], [ -91.7565, 44.2698 ], [ -91.7632, 44.264 ], [ -91.7815, 44.269 ], [ -91.7847, 44.2652 ], [ -91.7973, 44.2621 ], [ -91.7953, 44.2557 ], [ -91.7911, 44.2525 ], [ -91.7959, 44.2446 ], [ -91.7912, 44.2408 ], [ -91.7886, 44.2306 ], [ -91.7827, 44.2305 ], [ -91.785, 44.218 ], [ -91.7717, 44.1943 ], [ -91.7738, 44.187 ], [ -91.7653, 44.1723 ], [ -91.7746, 44.1718 ], [ -91.7715, 44.1668 ], [ -91.779, 44.1714 ], [ -91.7953, 44.1759 ], [ -91.8032, 44.1764 ], [ -91.8083, 44.1718 ], [ -91.8144, 44.1771 ], [ -91.8175, 44.1771 ], [ -91.8201, 44.1815 ], [ -91.8172, 44.1813 ], [ -91.8176, 44.1828 ], [ -91.8194, 44.1815 ], [ -91.8219, 44.1849 ], [ -91.831, 44.1849 ], [ -91.8331, 44.1805 ], [ -91.8752, 44.2006 ], [ -91.8774, 44.2129 ], [ -91.8927, 44.2311 ], [ -91.8876, 44.248 ], [ -91.8729, 44.2478 ], [ -91.8783, 44.2596 ], [ -91.8773, 44.2658 ], [ -91.8709, 44.2676 ], [ -91.8548, 44.2561 ], [ -91.846, 44.2667 ], [ -91.8458, 44.2744 ], [ -91.8471, 44.2768 ], [ -91.8518, 44.2769 ], [ -91.8525, 44.3046 ], [ -91.8575, 44.3019 ], [ -91.8726, 44.3027 ], [ -91.8862, 44.3008 ], [ -91.8979, 44.3078 ], [ -91.8993, 44.3125 ], [ -91.8967, 44.3118 ], [ -91.8963, 44.3143 ], [ -91.8868, 44.3165 ], [ -91.8828, 44.3206 ], [ -91.8821, 44.3326 ], [ -91.8847, 44.3446 ], [ -91.8902, 44.347 ], [ -91.8954, 44.3553 ], [ -91.9015, 44.3565 ], [ -91.8892, 44.3653 ], [ -91.87, 44.3736 ], [ -91.8662, 44.3799 ], [ -91.8769, 44.3892 ], [ -91.8779, 44.396 ], [ -91.885, 44.3966 ], [ -91.8931, 44.4051 ], [ -91.8997, 44.4057 ], [ -91.9084, 44.4133 ] ] ] } },
{ "type": "Feature", "properties": { "GEOID": "55009940004", "county": "Census Tract 9400.04" }, "geometry": { "type": "Polygon", "coordinates": [ [ [ -88.0993, 44.5251 ], [ -88.0944, 44.5309 ], [ -88.0944, 44.5377 ], [ -88.0768, 44.5301 ], [ -88.0791, 44.5242 ], [ -88.0821, 44.5241 ], [ -88.0839, 44.5099 ], [ -88.0993, 44.5094 ], [ -88.0993, 44.5251 ] ] ] } },
{ "type": "Feature", "properties": { "GEOID": "55009000303", "county": "Census Tract 3.03" }, "geometry": { "type": "Polygon", "coordinates": [ [ [ -88.0747, 44.5319 ], [ -88.0668, 44.5448 ], [ -88.053, 44.54 ], [ -88.0615, 44.5273 ], [ -88.0747, 44.5319 ] ] ] } },
{ "type": "Feature", "properties": { "GEOID": "55009001100", "county": "Census Tract 11" }, "geometry": { "type": "Polygon", "coordinates": [ [ [ -88.0065, 44.5176 ], [ -88.0043, 44.5187 ], [ -87.9828, 44.5123 ], [ -87.9866, 44.5041 ], [ -87.99, 44.5051 ], [ -87.9927, 44.5097 ], [ -87.9988, 44.5106 ], [ -87.9981, 44.514 ], [ -88.0037, 44.5148 ], [ -88.0065, 44.5176 ] ] ] } },
{ "type": "Feature", "properties": { "GEOID": "55009002001", "county": "Census Tract 20.01" }, "geometry": { "type": "Polygon", "coordinates": [ [ [ -87.9857, 44.5051 ], [ -87.975, 44.5081 ], [ -87.9475, 44.507 ], [ -87.9368, 44.5011 ], [ -87.9403, 44.4872 ], [ -87.9675, 44.4876 ], [ -87.9741, 44.4903 ], [ -87.9857, 44.5051 ] ] ] } },
{ "type": "Feature", "properties": { "GEOID": "55009020204", "county": "Census Tract 202.04" }, "geometry": { "type": "Polygon", "coordinates": [ [ [ -88.1312, 44.6769 ], [ -88.0672, 44.6774 ], [ -88.0703, 44.6385 ], [ -88.0782, 44.6127 ], [ -88.0785, 44.5909 ], [ -88.0843, 44.5909 ], [ -88.0833, 44.5946 ], [ -88.0889, 44.5946 ], [ -88.0888, 44.5908 ], [ -88.1298, 44.5903 ], [ -88.1312, 44.6769 ] ] ] } },
{ "type": "Feature", "properties": { "GEOID": "55121100700", "county": "Census Tract 1007" }, "geometry": { "type": "Polygon", "coordinates": [ [ [ -91.5712, 44.0378 ], [ -91.5708, 44.0449 ], [ -91.5647, 44.0516 ], [ -91.5591, 44.0531 ], [ -91.5583, 44.0624 ], [ -91.5501, 44.0678 ], [ -91.5499, 44.0729 ], [ -91.5402, 44.0775 ], [ -91.5434, 44.0817 ], [ -91.5344, 44.0958 ], [ -91.536, 44.0995 ], [ -91.5408, 44.1015 ], [ -91.5394, 44.1038 ], [ -91.5436, 44.1041 ], [ -91.5486, 44.1079 ], [ -91.5476, 44.1109 ], [ -91.5526, 44.1193 ], [ -91.5488, 44.1236 ], [ -91.553, 44.1315 ], [ -91.5579, 44.1344 ], [ -91.5587, 44.1416 ], [ -91.5633, 44.1461 ], [ -91.5569, 44.1574 ], [ -91.5424, 44.147 ], [ -91.5328, 44.1466 ], [ -91.5284, 44.1439 ], [ -91.5173, 44.1675 ], [ -91.5091, 44.1714 ], [ -91.5063, 44.1759 ], [ -91.4857, 44.1759 ], [ -91.4829, 44.1734 ], [ -91.4836, 44.1701 ], [ -91.4797, 44.1687 ], [ -91.4793, 44.1662 ], [ -91.4763, 44.1662 ], [ -91.4733, 44.1589 ], [ -91.4465, 44.1548 ], [ -91.44, 44.1604 ], [ -91.4171, 44.1665 ], [ -91.3932, 44.1782 ], [ -91.3669, 44.1795 ], [ -91.3697, 44.167 ], [ -91.3736, 44.1655 ], [ -91.3735, 44.1538 ], [ -91.3654, 44.1538 ], [ -91.3624, 44.1429 ], [ -91.3561, 44.1375 ], [ -91.3522, 44.1373 ], [ -91.3542, 44.124 ], [ -91.3423, 44.111 ], [ -91.3462, 44.1049 ], [ -91.3619, 44.0949 ], [ -91.3656, 44.0957 ], [ -91.3674, 44.0993 ], [ -91.3735, 44.0992 ], [ -91.3763, 44.104 ], [ -91.3961, 44.1024 ], [ -91.4113, 44.0919 ], [ -91.4163, 44.0773 ], [ -91.4186, 44.0773 ], [ -91.4185, 44.0701 ], [ -91.3913, 44.069 ], [ -91.3774, 44.0754 ], [ -91.3517, 44.0773 ], [ -91.3197, 44.0709 ], [ -91.3022, 44.0716 ], [ -91.2938, 44.0682 ], [ -91.2911, 44.062 ], [ -91.3075, 44.0649 ], [ -91.3161, 44.0602 ], [ -91.3186, 44.0508 ], [ -91.3321, 44.0435 ], [ -91.3284, 44.0366 ], [ -91.3373, 44.0375 ], [ -91.3396, 44.0351 ], [ -91.3401, 44.02 ], [ -91.3447, 44.0158 ], [ -91.3369, 44.0125 ], [ -91.3381, 44.0074 ], [ -91.328, 43.9999 ], [ -91.33, 43.9953 ], [ -91.3285, 43.9917 ], [ -91.322, 43.9895 ], [ -91.3226, 43.9845 ], [ -91.4252, 43.9843 ], [ -91.4299, 43.9939 ], [ -91.4405, 44.0015 ], [ -91.4635, 44.009 ], [ -91.4809, 44.0081 ], [ -91.5071, 44.019 ], [ -91.547, 44.0222 ], [ -91.559, 44.0253 ], [ -91.5561, 44.0297 ], [ -91.5712, 44.0378 ] ] ] } },
{ "type": "Feature", "properties": { "GEOID": "55101002401", "county": "Census Tract 24.01" }, "geometry": { "type": "Polygon", "coordinates": [ [ [ -88.3068, 42.7122 ], [ -88.2381, 42.7124 ], [ -88.238, 42.7101 ], [ -88.2566, 42.6997 ], [ -88.2735, 42.685 ], [ -88.2815, 42.6768 ], [ -88.2848, 42.6667 ], [ -88.3063, 42.6596 ], [ -88.3068, 42.7122 ] ] ] } },
{ "type": "Feature", "properties": { "GEOID": "55101001601", "county": "Census Tract 16.01" }, "geometry": { "type": "Polygon", "coordinates": [ [ [ -87.9536, 42.757 ], [ -87.9519, 42.8435 ], [ -87.8528, 42.8423 ], [ -87.8423, 42.8325 ], [ -87.8376, 42.8231 ], [ -87.836, 42.7857 ], [ -87.8783, 42.7849 ], [ -87.8778, 42.7559 ], [ -87.9536, 42.757 ] ] ] } },
{ "type": "Feature", "properties": { "GEOID": "55101001705", "county": "Census Tract 17.05" }, "geometry": { "type": "Polygon", "coordinates": [ [ [ -87.8778, 42.7559 ], [ -87.8434, 42.7554 ], [ -87.8247, 42.752 ], [ -87.8355, 42.7438 ], [ -87.8383, 42.7368 ], [ -87.846, 42.7371 ], [ -87.8775, 42.7397 ], [ -87.8778, 42.7559 ] ] ] } },
{ "type": "Feature", "properties": { "GEOID": "55101001003", "county": "Census Tract 10.03" }, "geometry": { "type": "Polygon", "coordinates": [ [ [ -87.8261, 42.7202 ], [ -87.8162, 42.7202 ], [ -87.8161, 42.7091 ], [ -87.826, 42.7082 ], [ -87.8261, 42.7202 ] ] ] } },
{ "type": "Feature", "properties": { "GEOID": "55021971200", "county": "Census Tract 9712" }, "geometry": { "type": "Polygon", "coordinates": [ [ [ -89.089, 43.355 ], [ -89.0639, 43.3567 ], [ -89.0593, 43.3587 ], [ -89.0415, 43.3565 ], [ -89.0394, 43.3522 ], [ -89.036, 43.3602 ], [ -89.0286, 43.3524 ], [ -89.0286, 43.3546 ], [ -89.0175, 43.3608 ], [ -89.0133, 43.36 ], [ -89.0135, 43.3562 ], [ -89.0091, 43.3584 ], [ -89.0091, 43.2848 ], [ -89.0689, 43.283 ], [ -89.069, 43.3415 ], [ -89.089, 43.3412 ], [ -89.089, 43.355 ] ] ] } },
{ "type": "Feature", "properties": { "GEOID": "55127000102", "county": "Census Tract 1.02" }, "geometry": { "type": "Polygon", "coordinates": [ [ [ -88.426, 42.7562 ], [ -88.4257, 42.768 ], [ -88.393, 42.7797 ], [ -88.3815, 42.7993 ], [ -88.3707, 42.8073 ], [ -88.3548, 42.8268 ], [ -88.3341, 42.8426 ], [ -88.3064, 42.8421 ], [ -88.3081, 42.7555 ], [ -88.426, 42.7562 ] ] ] } },
{ "type": "Feature", "properties": { "GEOID": "55007960100", "county": "Census Tract 9601" }, "geometry": { "type": "MultiPolygon", "coordinates": [ [ [ [ -90.8057, 46.9718 ], [ -90.7974, 46.9761 ], [ -90.7953, 46.9804 ], [ -90.7874, 46.9795 ], [ -90.7908, 46.9704 ], [ -90.8016, 46.9688 ], [ -90.8057, 46.9718 ] ] ], [ [ [ -90.8786, 46.9913 ], [ -90.8758, 46.9921 ], [ -90.8712, 46.9869 ], [ -90.8513, 46.9854 ], [ -90.8564, 46.9764 ], [ -90.8763, 46.985 ], [ -90.8786, 46.9913 ] ] ], [ [ [ -90.9839, 46.9793 ], [ -90.9821, 46.9859 ], [ -90.9559, 46.9912 ], [ -90.9503, 46.9903 ], [ -90.9379, 46.9964 ], [ -90.9375, 47.0031 ], [ -90.9309, 47.0021 ], [ -90.9238, 46.9879 ], [ -90.9345, 46.9825 ], [ -90.9304, 46.9674 ], [ -90.932, 46.9631 ], [ -90.953, 46.9641 ], [ -90.9619, 46.9615 ], [ -90.9658, 46.9622 ], [ -90.9708, 46.9703 ], [ -90.9738, 46.9722 ], [ -90.9803, 46.9716 ], [ -90.9839, 46.9793 ] ] ], [ [ [ -91.0373, 46.9456 ], [ -91.0342, 46.9453 ], [ -91.0368, 46.9408 ], [ -91.038, 46.9419 ], [ -91.0373, 46.9456 ] ] ], [ [ [ -91.1386, 46.8546 ], [ -91.1349, 46.859 ], [ -91.1231, 46.8562 ], [ -91.1135, 46.8566 ], [ -91.0966, 46.8615 ], [ -91.0937, 46.8799 ], [ -91.0909, 46.8827 ], [ -91.0809, 46.8836 ], [ -91.0682, 46.8783 ], [ -91.053, 46.8813 ], [ -91.0399, 46.8892 ], [ -91.0345, 46.903 ], [ -91.0191, 46.9115 ], [ -90.9951, 46.9176 ], [ -90.9846, 46.9256 ], [ -90.9737, 46.9413 ], [ -90.9684, 46.9439 ], [ -90.9545, 46.9384 ], [ -90.9218, 46.9313 ], [ -90.9138, 46.9334 ], [ -90.9086, 46.9413 ], [ -90.8833, 46.9498 ], [ -90.8796, 46.9581 ], [ -90.8639, 46.9627 ], [ -90.8377, 46.9574 ], [ -90.8317, 46.9539 ], [ -90.8293, 46.9485 ], [ -90.8301, 46.936 ], [ -90.8249, 46.9325 ], [ -90.815, 46.931 ], [ -90.8055, 46.9378 ], [ -90.7921, 46.9338 ], [ -90.7856, 46.9264 ], [ -90.7832, 46.912 ], [ -90.7804, 46.909 ], [ -90.7678, 46.9081 ], [ -90.7509, 46.893 ], [ -90.751, 46.888 ], [ -90.7547, 46.8849 ], [ -90.7616, 46.8832 ], [ -90.7771, 46.886 ], [ -90.7708, 46.8804 ], [ -90.7702, 46.8763 ], [ -90.781, 46.859 ], [ -90.7841, 46.8589 ], [ -90.785, 46.8551 ], [ -90.789, 46.8533 ], [ -90.7888, 46.8456 ], [ -90.7857, 46.842 ], [ -90.7941, 46.8352 ], [ -90.7993, 46.8232 ], [ -90.8122, 46.8136 ], [ -90.8149, 46.8084 ], [ -90.8261, 46.8039 ], [ -90.8281, 46.7974 ], [ -90.8356, 46.7898 ], [ -90.8565, 46.7889 ], [ -90.8635, 46.7806 ], [ -90.8594, 46.774 ], [ -90.8623, 46.7681 ], [ -90.885, 46.7563 ], [ -90.8783, 46.7377 ], [ -90.8803, 46.7371 ], [ -90.9253, 46.7387 ], [ -90.94, 46.7499 ], [ -90.9441, 46.7561 ], [ -90.9407, 46.7696 ], [ -90.9459, 46.7715 ], [ -90.9843, 46.7516 ], [ -91.0005, 46.7544 ], [ -91.0083, 46.7529 ], [ -91.0255, 46.7628 ], [ -91.031, 46.7601 ], [ -91.0462, 46.7616 ], [ -91.0825, 46.7596 ], [ -91.0816, 46.778 ], [ -91.0849, 46.7888 ], [ -91.0932, 46.7978 ], [ -91.0931, 46.8037 ], [ -91.1297, 46.8043 ], [ -91.1316, 46.7995 ], [ -91.1351, 46.8039 ], [ -91.1365, 46.8268 ], [ -91.1342, 46.8467 ], [ -91.1382, 46.8468 ], [ -91.1386, 46.8546 ] ] ] ] } },
{ "type": "Feature", "properties": { "GEOID": "55003950300", "county": "Census Tract 9503" }, "geometry": { "type": "Polygon", "coordinates": [ [ [ -90.8954, 46.5879 ], [ -90.8826, 46.5966 ], [ -90.8803, 46.594 ], [ -90.8824, 46.5906 ], [ -90.8545, 46.5594 ], [ -90.8858, 46.5597 ], [ -90.8856, 46.5713 ], [ -90.8926, 46.579 ], [ -90.8888, 46.5807 ], [ -90.8912, 46.5832 ], [ -90.8875, 46.5849 ], [ -90.8914, 46.5891 ], [ -90.8954, 46.5879 ] ] ] } },
{ "type": "Feature", "properties": { "GEOID": "55013970400", "county": "Census Tract 9704" }, "geometry": { "type": "Polygon", "coordinates": [ [ [ -92.3852, 45.8818 ], [ -92.3731, 45.8815 ], [ -92.3729, 45.8885 ], [ -92.367, 45.8884 ], [ -92.3668, 45.8956 ], [ -92.3647, 45.8955 ], [ -92.3655, 45.925 ], [ -92.3619, 45.9324 ], [ -92.3652, 45.9411 ], [ -92.3638, 45.9665 ], [ -92.3669, 45.9907 ], [ -92.3629, 46.0071 ], [ -92.3675, 46.007 ], [ -92.3672, 46.0088 ], [ -92.3649, 46.0134 ], [ -92.358, 46.0134 ], [ -92.35, 46.017 ], [ -92.3493, 46.0236 ], [ -92.3437, 46.0285 ], [ -92.3435, 46.043 ], [ -92.3329, 46.0627 ], [ -92.3193, 46.0693 ], [ -92.294, 46.0744 ], [ -92.2937, 46.1573 ], [ -92.0496, 46.1576 ], [ -92.0507, 45.9839 ], [ -92.0334, 45.9838 ], [ -92.0325, 45.887 ], [ -92.0694, 45.8867 ], [ -92.0894, 45.877 ], [ -92.0936, 45.8768 ], [ -92.0919, 45.866 ], [ -92.0986, 45.8697 ], [ -92.1044, 45.8661 ], [ -92.1047, 45.8615 ], [ -92.1093, 45.8644 ], [ -92.1156, 45.8614 ], [ -92.1155, 45.8578 ], [ -92.1238, 45.8522 ], [ -92.1299, 45.8543 ], [ -92.1319, 45.8528 ], [ -92.1369, 45.8547 ], [ -92.1367, 45.8578 ], [ -92.1245, 45.8613 ], [ -92.1246, 45.8659 ], [ -92.1172, 45.8722 ], [ -92.1197, 45.8786 ], [ -92.1305, 45.8806 ], [ -92.1309, 45.8823 ], [ -92.1315, 45.875 ], [ -92.1353, 45.8743 ], [ -92.1372, 45.876 ], [ -92.1395, 45.8741 ], [ -92.1546, 45.8853 ], [ -92.1542, 45.8879 ], [ -92.1731, 45.8865 ], [ -92.1712, 45.8995 ], [ -92.156, 45.9028 ], [ -92.1548, 45.9055 ], [ -92.1559, 45.9122 ], [ -92.1524, 45.9169 ], [ -92.156, 45.9187 ], [ -92.1565, 45.9296 ], [ -92.1812, 45.9329 ], [ -92.1968, 45.9305 ], [ -92.2838, 45.931 ], [ -92.2828, 45.8877 ], [ -92.2736, 45.8848 ], [ -92.2579, 45.8846 ], [ -92.2575, 45.8738 ], [ -92.2426, 45.8737 ], [ -92.2429, 45.8672 ], [ -92.2474, 45.8662 ], [ -92.2473, 45.8593 ], [ -92.2573, 45.8591 ], [ -92.2574, 45.8438 ], [ -92.2553, 45.8406 ], [ -92.2595, 45.8331 ], [ -92.2571, 45.8245 ], [ -92.2678, 45.8264 ], [ -92.3033, 45.8267 ], [ -92.3031, 45.8343 ], [ -92.317, 45.8381 ], [ -92.3117, 45.8414 ], [ -92.3142, 45.8401 ], [ -92.3153, 45.8442 ], [ -92.324, 45.8479 ], [ -92.327, 45.8448 ], [ -92.3298, 45.845 ], [ -92.3325, 45.8479 ], [ -92.3299, 45.8487 ], [ -92.3364, 45.8518 ], [ -92.3419, 45.8499 ], [ -92.3428, 45.853 ], [ -92.3485, 45.8487 ], [ -92.3542, 45.8521 ], [ -92.3585, 45.8504 ], [ -92.359, 45.8541 ], [ -92.3602, 45.8518 ], [ -92.3634, 45.8516 ], [ -92.3619, 45.8556 ], [ -92.3652, 45.8534 ], [ -92.3727, 45.8567 ], [ -92.3721, 45.8602 ], [ -92.3648, 45.8602 ], [ -92.3647, 45.8707 ], [ -92.37, 45.8708 ], [ -92.3699, 45.8743 ], [ -92.3854, 45.8746 ], [ -92.3852, 45.8818 ] ] ] } },
{ "type": "Feature", "properties": { "GEOID": "55025000401", "county": "Census Tract 4.01" }, "geometry": { "type": "Polygon", "coordinates": [ [ [ -89.4561, 43.0609 ], [ -89.4387, 43.0608 ], [ -89.438, 43.0553 ], [ -89.4536, 43.0453 ], [ -89.4561, 43.0609 ] ] ] } },
{ "type": "Feature", "properties": { "GEOID": "55025000800", "county": "Census Tract 8" }, "geometry": { "type": "Polygon", "coordinates": [ [ [ -89.4511, 43.0754 ], [ -89.4362, 43.0742 ], [ -89.4362, 43.0626 ], [ -89.4387, 43.0608 ], [ -89.4511, 43.0608 ], [ -89.4511, 43.0754 ] ] ] } },
{ "type": "Feature", "properties": { "GEOID": "55025010100", "county": "Census Tract 101" }, "geometry": { "type": "Polygon", "coordinates": [ [ [ -89.4635, 43.0803 ], [ -89.446, 43.0872 ], [ -89.4461, 43.0825 ], [ -89.4369, 43.0823 ], [ -89.4337, 43.0738 ], [ -89.4634, 43.0752 ], [ -89.4635, 43.0803 ] ] ] } },
{ "type": "Feature", "properties": { "GEOID": "55025001300", "county": "Census Tract 13" }, "geometry": { "type": "Polygon", "coordinates": [ [ [ -89.404, 43.0567 ], [ -89.399, 43.059 ], [ -89.3972, 43.0571 ], [ -89.3895, 43.057 ], [ -89.3852, 43.0599 ], [ -89.3779, 43.0558 ], [ -89.3893, 43.0493 ], [ -89.394, 43.049 ], [ -89.4006, 43.0504 ], [ -89.404, 43.0567 ] ] ] } },
{ "type": "Feature", "properties": { "GEOID": "55045960600", "county": "Census Tract 9606" }, "geometry": { "type": "Polygon", "coordinates": [ [ [ -89.6444, 42.5774 ], [ -89.6378, 42.589 ], [ -89.6416, 42.5891 ], [ -89.6416, 42.6002 ], [ -89.6239, 42.6029 ], [ -89.6164, 42.5963 ], [ -89.5956, 42.597 ], [ -89.5923, 42.5946 ], [ -89.5854, 42.5761 ], [ -89.6018, 42.5765 ], [ -89.6023, 42.5692 ], [ -89.6219, 42.5696 ], [ -89.6219, 42.5767 ], [ -89.6444, 42.5774 ] ] ] } },
{ "type": "Feature", "properties": { "GEOID": "55025002200", "county": "Census Tract 22" }, "geometry": { "type": "Polygon", "coordinates": [ [ [ -89.3747, 43.1248 ], [ -89.3716, 43.123 ], [ -89.3712, 43.1257 ], [ -89.3636, 43.1261 ], [ -89.3635, 43.1306 ], [ -89.3569, 43.1282 ], [ -89.3544, 43.1134 ], [ -89.3638, 43.1142 ], [ -89.3638, 43.1098 ], [ -89.3747, 43.1248 ] ] ] } },
{ "type": "Feature", "properties": { "GEOID": "55025002800", "county": "Census Tract 28" }, "geometry": { "type": "Polygon", "coordinates": [ [ [ -89.3261, 43.0692 ], [ -89.325, 43.0837 ], [ -89.3114, 43.084 ], [ -89.3097, 43.0713 ], [ -89.3261, 43.0692 ] ] ] } },
{ "type": "Feature", "properties": { "GEOID": "55025002500", "county": "Census Tract 25" }, "geometry": { "type": "Polygon", "coordinates": [ [ [ -89.3544, 43.1134 ], [ -89.3546, 43.147 ], [ -89.3424, 43.1533 ], [ -89.3325, 43.1501 ], [ -89.3284, 43.1546 ], [ -89.325, 43.153 ], [ -89.3224, 43.1352 ], [ -89.3254, 43.1301 ], [ -89.3247, 43.1168 ], [ -89.3387, 43.1074 ], [ -89.3544, 43.1134 ] ] ] } },
{ "type": "Feature", "properties": { "GEOID": "55031020400", "county": "Census Tract 204" }, "geometry": { "type": "Polygon", "coordinates": [ [ [ -92.0822, 46.7062 ], [ -92.082, 46.7206 ], [ -92.0684, 46.7223 ], [ -92.0735, 46.7256 ], [ -92.0648, 46.7313 ], [ -92.0428, 46.7154 ], [ -92.0609, 46.706 ], [ -92.0822, 46.7062 ] ] ] } },
{ "type": "Feature", "properties": { "GEOID": "55039040100", "county": "Census Tract 401" }, "geometry": { "type": "Polygon", "coordinates": [ [ [ -88.4434, 43.7975 ], [ -88.4415, 43.8035 ], [ -88.4266, 43.8034 ], [ -88.4266, 43.8008 ], [ -88.4222, 43.7996 ], [ -88.4258, 43.7979 ], [ -88.4256, 43.7908 ], [ -88.4218, 43.7877 ], [ -88.422, 43.7785 ], [ -88.439, 43.7788 ], [ -88.4395, 43.7967 ], [ -88.4434, 43.7975 ] ] ] } },
{ "type": "Feature", "properties": { "GEOID": "55039040500", "county": "Census Tract 405" }, "geometry": { "type": "Polygon", "coordinates": [ [ [ -88.4589, 43.7842 ], [ -88.4391, 43.7835 ], [ -88.439, 43.7733 ], [ -88.4523, 43.7715 ], [ -88.4509, 43.7733 ], [ -88.4573, 43.7733 ], [ -88.4555, 43.7769 ], [ -88.4589, 43.7842 ] ] ] } },
{ "type": "Feature", "properties": { "GEOID": "55117010502", "county": "Census Tract 105.02" }, "geometry": { "type": "Polygon", "coordinates": [ [ [ -87.9859, 43.8043 ], [ -87.9215, 43.8049 ], [ -87.9212, 43.7184 ], [ -87.9614, 43.7181 ], [ -87.9613, 43.7471 ], [ -87.9724, 43.7473 ], [ -87.9705, 43.7517 ], [ -87.9812, 43.7614 ], [ -87.9819, 43.7997 ], [ -87.9859, 43.8043 ] ] ] } },
{ "type": "Feature", "properties": { "GEOID": "55055101400", "county": "Census Tract 1014" }, "geometry": { "type": "Polygon", "coordinates": [ [ [ -88.8686, 42.9177 ], [ -88.8637, 42.9227 ], [ -88.8465, 42.926 ], [ -88.8411, 42.9289 ], [ -88.837, 42.9283 ], [ -88.8371, 42.9023 ], [ -88.8518, 42.9028 ], [ -88.8518, 42.8945 ], [ -88.8644, 42.8984 ], [ -88.8674, 42.9024 ], [ -88.8648, 42.9101 ], [ -88.8686, 42.9177 ] ] ] } },
{ "type": "Feature", "properties": { "GEOID": "55027960800", "county": "Census Tract 9608" }, "geometry": { "type": "Polygon", "coordinates": [ [ [ -88.8396, 43.4698 ], [ -88.8347, 43.4698 ], [ -88.8347, 43.4676 ], [ -88.8296, 43.4662 ], [ -88.8048, 43.4663 ], [ -88.8047, 43.4589 ], [ -88.8152, 43.4589 ], [ -88.8153, 43.4562 ], [ -88.8244, 43.4563 ], [ -88.8244, 43.459 ], [ -88.8395, 43.4606 ], [ -88.8396, 43.4698 ] ] ] } },
{ "type": "Feature", "properties": { "GEOID": "55027960100", "county": "Census Tract 9601" }, "geometry": { "type": "Polygon", "coordinates": [ [ [ -88.5313, 43.5784 ], [ -88.5216, 43.5874 ], [ -88.5218, 43.6319 ], [ -88.401, 43.6309 ], [ -88.4005, 43.4859 ], [ -88.48, 43.486 ], [ -88.4801, 43.5004 ], [ -88.4899, 43.5004 ], [ -88.49, 43.5151 ], [ -88.5212, 43.5152 ], [ -88.5212, 43.5585 ], [ -88.5312, 43.5586 ], [ -88.5313, 43.5784 ] ] ] } },
{ "type": "Feature", "properties": { "GEOID": "55105002000", "county": "Census Tract 20" }, "geometry": { "type": "Polygon", "coordinates": [ [ [ -89.0735, 42.5108 ], [ -89.0711, 42.5108 ], [ -89.0709, 42.5225 ], [ -89.0564, 42.5114 ], [ -89.0564, 42.4962 ], [ -89.0708, 42.4962 ], [ -89.071, 42.5095 ], [ -89.0735, 42.5108 ] ] ] } },
{ "type": "Feature", "properties": { "GEOID": "55087012505", "county": "Census Tract 125.05" }, "geometry": { "type": "Polygon", "coordinates": [ [ [ -88.4964, 44.3301 ], [ -88.415, 44.3292 ], [ -88.4153, 44.2987 ], [ -88.4531, 44.2992 ], [ -88.4635, 44.295 ], [ -88.4664, 44.288 ], [ -88.4961, 44.2871 ], [ -88.4964, 44.3301 ] ] ] } },
{ "type": "Feature", "properties": { "GEOID": "55139000700", "county": "Census Tract 7" }, "geometry": { "type": "Polygon", "coordinates": [ [ [ -88.562, 44.0321 ], [ -88.5425, 44.0321 ], [ -88.5451, 44.0303 ], [ -88.5452, 44.0233 ], [ -88.5511, 44.0184 ], [ -88.562, 44.0321 ] ] ] } },
{ "type": "Feature", "properties": { "GEOID": "55133203901", "county": "Census Tract 2039.01" }, "geometry": { "type": "Polygon", "coordinates": [ [ [ -88.3655, 42.8428 ], [ -88.3626, 42.8484 ], [ -88.3651, 42.8501 ], [ -88.3654, 42.9009 ], [ -88.3452, 42.9008 ], [ -88.3431, 42.8821 ], [ -88.3293, 42.8576 ], [ -88.3218, 42.8518 ], [ -88.3341, 42.8426 ], [ -88.3655, 42.8428 ] ] ] } },
{ "type": "Feature", "properties": { "GEOID": "55079160301", "county": "Census Tract 1603.01" }, "geometry": { "type": "Polygon", "coordinates": [ [ [ -87.9141, 42.8427 ], [ -87.9133, 42.8576 ], [ -87.8874, 42.8573 ], [ -87.8892, 42.8718 ], [ -87.8425, 42.8716 ], [ -87.8271, 42.8422 ], [ -87.9141, 42.8427 ] ] ] } },
{ "type": "Feature", "properties": { "GEOID": "55079160206", "county": "Census Tract 1602.06" }, "geometry": { "type": "Polygon", "coordinates": [ [ [ -87.9513, 42.8727 ], [ -87.9509, 42.8872 ], [ -87.9366, 42.8871 ], [ -87.9371, 42.8725 ], [ -87.9513, 42.8727 ] ] ] } },
{ "type": "Feature", "properties": { "GEOID": "55009940007", "county": "Census Tract 9400.07" }, "geometry": { "type": "Polygon", "coordinates": [ [ [ -88.1537, 44.3968 ], [ -88.1287, 44.4199 ], [ -88.1118, 44.4307 ], [ -88.1069, 44.4307 ], [ -88.1066, 44.4254 ], [ -88.1176, 44.4148 ], [ -88.0959, 44.4163 ], [ -88.0915, 44.4187 ], [ -88.0891, 44.4167 ], [ -88.0952, 44.407 ], [ -88.1175, 44.3882 ], [ -88.1179, 44.3838 ], [ -88.124, 44.3768 ], [ -88.1235, 44.3798 ], [ -88.1537, 44.3968 ] ] ] } },
{ "type": "Feature", "properties": { "GEOID": "55009980000", "county": "Census Tract 9800" }, "geometry": { "type": "Polygon", "coordinates": [ [ [ -88.0393, 44.4731 ], [ -88.0318, 44.4701 ], [ -88.0333, 44.4678 ], [ -88.0418, 44.4708 ], [ -88.0393, 44.4731 ] ] ] } },
{ "type": "Feature", "properties": { "GEOID": "55133201508", "county": "Census Tract 2015.08" }, "geometry": { "type": "Polygon", "coordinates": [ [ [ -88.0884, 42.9857 ], [ -88.0683, 42.9882 ], [ -88.0687, 42.9798 ], [ -88.0731, 42.9778 ], [ -88.0867, 42.9771 ], [ -88.0884, 42.9857 ] ] ] } },
{ "type": "Feature", "properties": { "GEOID": "55133204503", "county": "Census Tract 2045.03" }, "geometry": { "type": "Polygon", "coordinates": [ [ [ -88.4612, 43.1078 ], [ -88.461, 43.1282 ], [ -88.4448, 43.1279 ], [ -88.4462, 43.1311 ], [ -88.4333, 43.1325 ], [ -88.4208, 43.1277 ], [ -88.4219, 43.1036 ], [ -88.4329, 43.1077 ], [ -88.4612, 43.1078 ] ] ] } },
{ "type": "Feature", "properties": { "GEOID": "55133202304", "county": "Census Tract 2023.04" }, "geometry": { "type": "Polygon", "coordinates": [ [ [ -88.239, 42.9883 ], [ -88.2368, 43.0029 ], [ -88.2268, 43.003 ], [ -88.2272, 42.9884 ], [ -88.239, 42.9883 ] ] ] } },
{ "type": "Feature", "properties": { "GEOID": "55133203104", "county": "Census Tract 2031.04" }, "geometry": { "type": "Polygon", "coordinates": [ [ [ -88.274, 43.0434 ], [ -88.2719, 43.0461 ], [ -88.2559, 43.0467 ], [ -88.2559, 43.0321 ], [ -88.2708, 43.032 ], [ -88.274, 43.0434 ] ] ] } },
{ "type": "Feature", "properties": { "GEOID": "55133201204", "county": "Census Tract 2012.04" }, "geometry": { "type": "Polygon", "coordinates": [ [ [ -88.1669, 43.036 ], [ -88.1467, 43.036 ], [ -88.147, 43.0243 ], [ -88.1369, 43.0203 ], [ -88.1368, 43.017 ], [ -88.1664, 43.0172 ], [ -88.1669, 43.036 ] ] ] } },
{ "type": "Feature", "properties": { "GEOID": "55127001504", "county": "Census Tract 15.04" }, "geometry": { "type": "Polygon", "coordinates": [ [ [ -88.5123, 42.5858 ], [ -88.508, 42.5867 ], [ -88.5071, 42.5939 ], [ -88.4984, 42.5993 ], [ -88.4912, 42.6024 ], [ -88.4706, 42.6055 ], [ -88.4614, 42.6117 ], [ -88.4511, 42.6111 ], [ -88.4341, 42.5954 ], [ -88.4386, 42.5954 ], [ -88.4386, 42.5918 ], [ -88.4649, 42.5896 ], [ -88.5001, 42.5829 ], [ -88.5137, 42.5829 ], [ -88.5123, 42.5858 ] ] ] } },
{ "type": "Feature", "properties": { "GEOID": "55101001507", "county": "Census Tract 15.07" }, "geometry": { "type": "Polygon", "coordinates": [ [ [ -87.8362, 42.772 ], [ -87.8356, 42.8132 ], [ -87.8265, 42.8135 ], [ -87.8053, 42.77 ], [ -87.8216, 42.77 ], [ -87.8219, 42.7678 ], [ -87.828, 42.7684 ], [ -87.8259, 42.772 ], [ -87.8362, 42.772 ] ] ] } },
{ "type": "Feature", "properties": { "GEOID": "55059000102", "county": "Census Tract 1.02" }, "geometry": { "type": "Polygon", "coordinates": [ [ [ -87.849, 42.6537 ], [ -87.846, 42.6681 ], [ -87.8095, 42.6678 ], [ -87.8273, 42.624 ], [ -87.8359, 42.6325 ], [ -87.8459, 42.6318 ], [ -87.8454, 42.6414 ], [ -87.849, 42.6537 ] ] ] } },
{ "type": "Feature", "properties": { "GEOID": "55063010204", "county": "Census Tract 102.04" }, "geometry": { "type": "Polygon", "coordinates": [ [ [ -91.2707, 43.9773 ], [ -91.2656, 43.9775 ], [ -91.2656, 43.9738 ], [ -91.2605, 43.9739 ], [ -91.2545, 43.9707 ], [ -91.2528, 43.9742 ], [ -91.2459, 43.974 ], [ -91.2486, 43.9719 ], [ -91.2462, 43.9668 ], [ -91.2495, 43.9632 ], [ -91.2529, 43.9631 ], [ -91.2528, 43.9557 ], [ -91.2505, 43.9557 ], [ -91.2499, 43.9429 ], [ -91.2439, 43.9396 ], [ -91.2353, 43.9235 ], [ -91.2503, 43.9232 ], [ -91.2639, 43.9689 ], [ -91.2707, 43.9773 ] ] ] } },
{ "type": "Feature", "properties": { "GEOID": "55105003101", "county": "Census Tract 31.01" }, "geometry": { "type": "Polygon", "coordinates": [ [ [ -89.0136, 42.7602 ], [ -89.0132, 42.827 ], [ -88.963, 42.8244 ], [ -88.9542, 42.8224 ], [ -88.9343, 42.8237 ], [ -88.9322, 42.8221 ], [ -88.9359, 42.8092 ], [ -88.9405, 42.809 ], [ -88.9575, 42.7818 ], [ -88.9526, 42.7805 ], [ -88.9525, 42.7732 ], [ -88.9628, 42.7735 ], [ -88.9719, 42.7592 ], [ -89.0136, 42.7602 ] ] ] } },
{ "type": "Feature", "properties": { "GEOID": "55105001305", "county": "Census Tract 13.05" }, "geometry": { "type": "Polygon", "coordinates": [ [ [ -88.9903, 42.7298 ], [ -88.9545, 42.7286 ], [ -88.9546, 42.7064 ], [ -88.9848, 42.717 ], [ -88.9931, 42.7258 ], [ -88.9903, 42.7298 ] ] ] } },
{ "type": "Feature", "properties": { "GEOID": "55125950602", "county": "Census Tract 9506.02" }, "geometry": { "type": "Polygon", "coordinates": [ [ [ -89.8014, 46.2274 ], [ -89.7994, 46.2339 ], [ -89.7952, 46.2362 ], [ -89.7728, 46.2416 ], [ -89.7569, 46.2427 ], [ -89.7479, 46.2468 ], [ -89.7284, 46.2438 ], [ -89.7349, 46.2625 ], [ -89.3763, 46.1935 ], [ -89.381, 46.1833 ], [ -89.391, 46.1735 ], [ -89.3845, 46.1634 ], [ -89.3609, 46.1616 ], [ -89.3545, 46.1566 ], [ -89.3361, 46.1558 ], [ -89.3363, 46.1453 ], [ -89.3459, 46.1369 ], [ -89.3498, 46.1239 ], [ -89.3442, 46.1132 ], [ -89.3106, 46.1083 ], [ -89.3049, 46.0989 ], [ -89.2984, 46.0944 ], [ -89.2837, 46.0947 ], [ -89.2621, 46.0909 ], [ -89.2407, 46.0902 ], [ -89.2546, 46.0686 ], [ -89.259, 46.0476 ], [ -89.2742, 46.0478 ], [ -89.2825, 46.0508 ], [ -89.3, 46.051 ], [ -89.305, 46.0495 ], [ -89.3056, 46.0251 ], [ -89.3154, 46.0176 ], [ -89.321, 46.0173 ], [ -89.3199, 46.0116 ], [ -89.3154, 46.011 ], [ -89.3103, 46.0028 ], [ -89.321, 45.9934 ], [ -89.3215, 45.9805 ], [ -89.3185, 45.9748 ], [ -89.3244, 45.9744 ], [ -89.3313, 45.978 ], [ -89.3458, 45.9789 ], [ -89.3558, 45.9856 ], [ -89.3636, 45.9874 ], [ -89.3667, 45.9809 ], [ -89.3729, 45.9794 ], [ -89.373, 45.966 ], [ -89.3774, 45.9657 ], [ -89.3993, 45.9679 ], [ -89.4207, 45.9731 ], [ -89.449, 45.9757 ], [ -89.4551, 45.9823 ], [ -89.471, 45.9848 ], [ -89.4798, 45.995 ], [ -89.4629, 46.0231 ], [ -89.4646, 46.0276 ], [ -89.4586, 46.0338 ], [ -89.4719, 46.0356 ], [ -89.4726, 46.0463 ], [ -89.4806, 46.0514 ], [ -89.4917, 46.0495 ], [ -89.5008, 46.0538 ], [ -89.532, 46.0609 ], [ -89.5274, 46.0679 ], [ -89.544, 46.0756 ], [ -89.5547, 46.0765 ], [ -89.5729, 46.0839 ], [ -89.584, 46.082 ], [ -89.5879, 46.0782 ], [ -89.6113, 46.0834 ], [ -89.6452, 46.0838 ], [ -89.6456, 46.0997 ], [ -89.6406, 46.1117 ], [ -89.6442, 46.1129 ], [ -89.642, 46.1186 ], [ -89.6288, 46.1282 ], [ -89.6276, 46.1487 ], [ -89.6146, 46.1629 ], [ -89.607, 46.169 ], [ -89.6001, 46.1709 ], [ -89.6073, 46.1789 ], [ -89.6174, 46.184 ], [ -89.6273, 46.193 ], [ -89.6576, 46.1987 ], [ -89.6628, 46.2045 ], [ -89.6658, 46.2028 ], [ -89.6675, 46.1982 ], [ -89.6655, 46.1958 ], [ -89.6712, 46.1891 ], [ -89.6886, 46.1957 ], [ -89.6936, 46.1943 ], [ -89.6947, 46.1909 ], [ -89.7024, 46.1898 ], [ -89.7094, 46.1923 ], [ -89.7179, 46.1899 ], [ -89.7163, 46.1853 ], [ -89.7241, 46.181 ], [ -89.745, 46.1812 ], [ -89.7502, 46.1773 ], [ -89.7558, 46.1764 ], [ -89.7585, 46.1866 ], [ -89.7684, 46.186 ], [ -89.7837, 46.1797 ], [ -89.7862, 46.184 ], [ -89.7938, 46.1875 ], [ -89.7939, 46.1901 ], [ -89.7798, 46.2086 ], [ -89.7832, 46.2105 ], [ -89.7955, 46.2109 ], [ -89.8014, 46.2274 ] ] ] } },
{ "type": "Feature", "properties": { "GEOID": "55039042001", "county": "Census Tract 420.01" }, "geometry": { "type": "Polygon", "coordinates": [ [ [ -88.4018, 43.7184 ], [ -88.402, 43.7835 ], [ -88.3613, 43.7836 ], [ -88.3614, 43.7966 ], [ -88.3416, 43.7906 ], [ -88.2812, 43.7901 ], [ -88.2807, 43.7176 ], [ -88.4018, 43.7184 ] ] ] } },
{ "type": "Feature", "properties": { "GEOID": "55005000602", "county": "Census Tract 6.02" }, "geometry": { "type": "Polygon", "coordinates": [ [ [ -91.7463, 45.5305 ], [ -91.702, 45.5303 ], [ -91.7044, 45.4843 ], [ -91.7156, 45.4828 ], [ -91.7231, 45.4857 ], [ -91.7228, 45.489 ], [ -91.7358, 45.4883 ], [ -91.7463, 45.5305 ] ] ] } },
{ "type": "Feature", "properties": { "GEOID": "55083101301", "county": "Census Tract 1013.01" }, "geometry": { "type": "Polygon", "coordinates": [ [ [ -88.2453, 44.7159 ], [ -88.1919, 44.716 ], [ -88.1309, 44.7204 ], [ -88.051, 44.721 ], [ -88.0505, 44.6774 ], [ -88.1312, 44.6769 ], [ -88.2312, 44.6724 ], [ -88.231, 44.6796 ], [ -88.2427, 44.6796 ], [ -88.2453, 44.7159 ] ] ] } },
{ "type": "Feature", "properties": { "GEOID": "55025011507", "county": "Census Tract 115.07" }, "geometry": { "type": "Polygon", "coordinates": [ [ [ -89.264, 43.1957 ], [ -89.2637, 43.2096 ], [ -89.2259, 43.2096 ], [ -89.2258, 43.1934 ], [ -89.2543, 43.1904 ], [ -89.2541, 43.1959 ], [ -89.264, 43.1957 ] ] ] } },
{ "type": "Feature", "properties": { "GEOID": "55025011405", "county": "Census Tract 114.05" }, "geometry": { "type": "Polygon", "coordinates": [ [ [ -89.3122, 43.1646 ], [ -89.2635, 43.1647 ], [ -89.2675, 43.1613 ], [ -89.2657, 43.1477 ], [ -89.2456, 43.1599 ], [ -89.247, 43.1049 ], [ -89.2856, 43.1042 ], [ -89.2943, 43.1341 ], [ -89.3122, 43.1646 ] ] ] } },
{ "type": "Feature", "properties": { "GEOID": "55025000301", "county": "Census Tract 3.01" }, "geometry": { "type": "Polygon", "coordinates": [ [ [ -89.4684, 43.068 ], [ -89.4675, 43.0743 ], [ -89.4511, 43.0754 ], [ -89.4511, 43.0682 ], [ -89.4588, 43.0702 ], [ -89.4684, 43.068 ] ] ] } },
{ "type": "Feature", "properties": { "GEOID": "55117011302", "county": "Census Tract 113.02" }, "geometry": { "type": "Polygon", "coordinates": [ [ [ -87.921, 43.5434 ], [ -87.9208, 43.6311 ], [ -87.8306, 43.6303 ], [ -87.8295, 43.613 ], [ -87.8202, 43.5721 ], [ -87.8004, 43.5716 ], [ -87.8016, 43.5656 ], [ -87.8198, 43.5542 ], [ -87.8209, 43.543 ], [ -87.921, 43.5434 ] ] ] } },
{ "type": "Feature", "properties": { "GEOID": "55109120601", "county": "Census Tract 1206.01" }, "geometry": { "type": "Polygon", "coordinates": [ [ [ -92.6195, 45.0357 ], [ -92.6193, 45.0645 ], [ -92.6007, 45.0646 ], [ -92.5978, 45.0684 ], [ -92.578, 45.0791 ], [ -92.517, 45.0791 ], [ -92.5171, 45.0935 ], [ -92.4782, 45.0939 ], [ -92.4774, 45.1226 ], [ -92.4455, 45.1225 ], [ -92.4365, 45.121 ], [ -92.4367, 45.1163 ], [ -92.4179, 45.1179 ], [ -92.3899, 45.1277 ], [ -92.3837, 45.1281 ], [ -92.3818, 45.1222 ], [ -92.3756, 45.1222 ], [ -92.3752, 45.0355 ], [ -92.6195, 45.0357 ] ] ] } },
{ "type": "Feature", "properties": { "GEOID": "55111001003", "county": "Census Tract 10.03" }, "geometry": { "type": "Polygon", "coordinates": [ [ [ -90.0549, 43.5622 ], [ -90.0344, 43.5621 ], [ -90.032, 43.5596 ], [ -90.0258, 43.5589 ], [ -90.0237, 43.5658 ], [ -89.9995, 43.5656 ], [ -89.9995, 43.5471 ], [ -90.0026, 43.5397 ], [ -90.0066, 43.5378 ], [ -90.0051, 43.5325 ], [ -90.0229, 43.5325 ], [ -90.0204, 43.5348 ], [ -90.0243, 43.5373 ], [ -90.0518, 43.5505 ], [ -90.0525, 43.5603 ], [ -90.0549, 43.5622 ] ] ] } },
{ "type": "Feature", "properties": { "GEOID": "55087012903", "county": "Census Tract 129.03" }, "geometry": { "type": "Polygon", "coordinates": [ [ [ -88.3119, 44.3576 ], [ -88.3118, 44.4148 ], [ -88.2775, 44.415 ], [ -88.2511, 44.4035 ], [ -88.2514, 44.3573 ], [ -88.3119, 44.3576 ] ] ] } },
{ "type": "Feature", "properties": { "GEOID": "55087011001", "county": "Census Tract 110.01" }, "geometry": { "type": "Polygon", "coordinates": [ [ [ -88.4663, 44.2441 ], [ -88.4665, 44.262 ], [ -88.4361, 44.2618 ], [ -88.4373, 44.2573 ], [ -88.4481, 44.2511 ], [ -88.4548, 44.2441 ], [ -88.4663, 44.2441 ] ] ] } },
{ "type": "Feature", "properties": { "GEOID": "55133203305", "county": "Census Tract 2033.05" }, "geometry": { "type": "Polygon", "coordinates": [ [ [ -88.3043, 43.0508 ], [ -88.3021, 43.0641 ], [ -88.2956, 43.0666 ], [ -88.2766, 43.0683 ], [ -88.2689, 43.075 ], [ -88.2709, 43.0764 ], [ -88.2645, 43.0843 ], [ -88.2626, 43.0824 ], [ -88.2514, 43.0834 ], [ -88.251, 43.0495 ], [ -88.2491, 43.0473 ], [ -88.2664, 43.0459 ], [ -88.3043, 43.0508 ] ] ] } },
{ "type": "Feature", "properties": { "GEOID": "55037190200", "county": "Census Tract 1902" }, "geometry": { "type": "Polygon", "coordinates": [ [ [ -88.6758, 45.7234 ], [ -88.6756, 45.8893 ], [ -88.6704, 45.892 ], [ -88.6633, 45.8895 ], [ -88.6524, 45.8918 ], [ -88.6399, 45.8851 ], [ -88.6313, 45.8849 ], [ -88.6299, 45.8778 ], [ -88.6229, 45.8784 ], [ -88.6049, 45.8713 ], [ -88.5917, 45.8823 ], [ -88.5881, 45.8837 ], [ -88.5886, 45.8813 ], [ -88.5856, 45.8812 ], [ -88.5821, 45.8862 ], [ -88.5755, 45.8876 ], [ -88.5707, 45.8946 ], [ -88.5431, 45.8931 ], [ -88.5307, 45.8877 ], [ -88.5239, 45.8932 ], [ -88.5209, 45.8882 ], [ -88.5131, 45.8882 ], [ -88.5118, 45.8905 ], [ -88.5007, 45.8873 ], [ -88.4956, 45.889 ], [ -88.4986, 45.8904 ], [ -88.4928, 45.8932 ], [ -88.488, 45.8898 ], [ -88.4784, 45.8939 ], [ -88.4721, 45.8921 ], [ -88.4496, 45.9028 ], [ -88.4437, 45.9017 ], [ -88.4439, 45.8989 ], [ -88.4409, 45.8987 ], [ -88.4333, 45.903 ], [ -88.4229, 45.9049 ], [ -88.4203, 45.9022 ], [ -88.4171, 45.904 ], [ -88.4131, 45.9032 ], [ -88.4115, 45.8984 ], [ -88.402, 45.8979 ], [ -88.3957, 45.8954 ], [ -88.3893, 45.8951 ], [ -88.3875, 45.8984 ], [ -88.3844, 45.8982 ], [ -88.3838, 45.8933 ], [ -88.3801, 45.8914 ], [ -88.3778, 45.8962 ], [ -88.3675, 45.8994 ], [ -88.3551, 45.8954 ], [ -88.3571, 45.8925 ], [ -88.3503, 45.8891 ], [ -88.3504, 45.8853 ], [ -88.3285, 45.8723 ], [ -88.3293, 45.8687 ], [ -88.3419, 45.8653 ], [ -88.3416, 45.8597 ], [ -88.3469, 45.8585 ], [ -88.3515, 45.851 ], [ -88.3493, 45.8499 ], [ -88.3511, 45.8468 ], [ -88.3308, 45.8353 ], [ -88.3262, 45.8338 ], [ -88.3038, 45.8357 ], [ -88.3021, 45.8327 ], [ -88.2904, 45.8318 ], [ -88.2817, 45.8289 ], [ -88.2722, 45.8285 ], [ -88.2676, 45.8306 ], [ -88.2673, 45.8289 ], [ -88.2604, 45.8276 ], [ -88.2535, 45.8294 ], [ -88.2432, 45.8273 ], [ -88.2382, 45.8287 ], [ -88.2367, 45.832 ], [ -88.2297, 45.832 ], [ -88.2316, 45.8365 ], [ -88.2291, 45.8387 ], [ -88.2229, 45.8352 ], [ -88.2255, 45.8325 ], [ -88.2244, 45.8279 ], [ -88.2182, 45.8269 ], [ -88.2115, 45.8293 ], [ -88.2064, 45.8366 ], [ -88.2141, 45.8425 ], [ -88.2172, 45.8398 ], [ -88.2219, 45.8403 ], [ -88.2242, 45.8439 ], [ -88.2199, 45.8485 ], [ -88.2103, 45.8455 ], [ -88.2037, 45.8468 ], [ -88.2025, 45.8376 ], [ -88.185, 45.8391 ], [ -88.1802, 45.8443 ], [ -88.1621, 45.8453 ], [ -88.1574, 45.8445 ], [ -88.1539, 45.8408 ], [ -88.1448, 45.8445 ], [ -88.1408, 45.8394 ], [ -88.1219, 45.8318 ], [ -88.1361, 45.819 ], [ -88.1295, 45.8093 ], [ -88.116, 45.8041 ], [ -88.1083, 45.8035 ], [ -88.1032, 45.7914 ], [ -88.094, 45.7857 ], [ -88.0798, 45.7849 ], [ -88.0705, 45.7799 ], [ -88.0583, 45.7807 ], [ -88.0593, 45.7131 ], [ -88.1782, 45.7181 ], [ -88.3652, 45.7221 ], [ -88.6758, 45.7234 ] ] ] } },
{ "type": "Feature", "properties": { "GEOID": "55135100900", "county": "Census Tract 1009" }, "geometry": { "type": "Polygon", "coordinates": [ [ [ -88.8041, 44.3736 ], [ -88.7975, 44.3757 ], [ -88.7995, 44.3834 ], [ -88.7916, 44.3822 ], [ -88.7885, 44.384 ], [ -88.79, 44.3862 ], [ -88.795, 44.3867 ], [ -88.7928, 44.3915 ], [ -88.7977, 44.3986 ], [ -88.7945, 44.4019 ], [ -88.7894, 44.4005 ], [ -88.784, 44.4107 ], [ -88.7807, 44.4131 ], [ -88.7697, 44.4116 ], [ -88.7701, 44.413 ], [ -88.7631, 44.4149 ], [ -88.7562, 44.4259 ], [ -88.7424, 44.4206 ], [ -88.7416, 44.4162 ], [ -88.7367, 44.4162 ], [ -88.7368, 44.3739 ], [ -88.7562, 44.374 ], [ -88.7588, 44.3702 ], [ -88.7676, 44.3699 ], [ -88.7985, 44.3699 ], [ -88.8041, 44.3736 ] ] ] } },
{ "type": "Feature", "properties": { "GEOID": "55139000100", "county": "Census Tract 1" }, "geometry": { "type": "Polygon", "coordinates": [ [ [ -88.5336, 44.0116 ], [ -88.5315, 44.0177 ], [ -88.5148, 44.0168 ], [ -88.52, 44.0037 ], [ -88.5336, 44.0116 ] ] ] } },
{ "type": "Feature", "properties": { "GEOID": "55139001200", "county": "Census Tract 12" }, "geometry": { "type": "Polygon", "coordinates": [ [ [ -88.5631, 44.0196 ], [ -88.5552, 44.0229 ], [ -88.5488, 44.0168 ], [ -88.5336, 44.0116 ], [ -88.5342, 44.0103 ], [ -88.5625, 44.0105 ], [ -88.5631, 44.0196 ] ] ] } },
{ "type": "Feature", "properties": { "GEOID": "55047100200", "county": "Census Tract 1002" }, "geometry": { "type": "Polygon", "coordinates": [ [ [ -89.0163, 43.9833 ], [ -88.9063, 43.9833 ], [ -88.9065, 43.9775 ], [ -88.9112, 43.9757 ], [ -88.9298, 43.9757 ], [ -88.9366, 43.9739 ], [ -88.9366, 43.9711 ], [ -88.9468, 43.9711 ], [ -88.9467, 43.9684 ], [ -89.0063, 43.9694 ], [ -89.0163, 43.9713 ], [ -89.0163, 43.9833 ] ] ] } },
{ "type": "Feature", "properties": { "GEOID": "55087010900", "county": "Census Tract 109" }, "geometry": { "type": "Polygon", "coordinates": [ [ [ -88.4532, 44.2441 ], [ -88.4311, 44.2545 ], [ -88.4154, 44.2547 ], [ -88.4249, 44.2454 ], [ -88.4532, 44.2441 ] ] ] } },
{ "type": "Feature", "properties": { "GEOID": "55105001100", "county": "Census Tract 11" }, "geometry": { "type": "Polygon", "coordinates": [ [ [ -89.0617, 42.6536 ], [ -89.0499, 42.6652 ], [ -89.0316, 42.6695 ], [ -89.0312, 42.6497 ], [ -89.051, 42.6499 ], [ -89.051, 42.6518 ], [ -89.0567, 42.6518 ], [ -89.0621, 42.6462 ], [ -89.0617, 42.6536 ] ] ] } },
{ "type": "Feature", "properties": { "GEOID": "55117001100", "county": "Census Tract 11" }, "geometry": { "type": "Polygon", "coordinates": [ [ [ -87.7207, 43.7019 ], [ -87.7196, 43.732 ], [ -87.7098, 43.7319 ], [ -87.7029, 43.7017 ], [ -87.7207, 43.7019 ] ] ] } },
{ "type": "Feature", "properties": { "GEOID": "55055100601", "county": "Census Tract 1006.01" }, "geometry": { "type": "Polygon", "coordinates": [ [ [ -89.0121, 43.0308 ], [ -89.0121, 43.1106 ], [ -88.9612, 43.1103 ], [ -88.9302, 43.1004 ], [ -88.9262, 43.0967 ], [ -88.9329, 43.0673 ], [ -88.9269, 43.0592 ], [ -88.9299, 43.0604 ], [ -88.9319, 43.0578 ], [ -88.9246, 43.0531 ], [ -88.9234, 43.048 ], [ -88.9277, 43.0424 ], [ -88.9277, 43.0367 ], [ -88.9232, 43.0367 ], [ -88.9143, 43.0407 ], [ -88.9093, 43.0406 ], [ -88.9093, 43.037 ], [ -88.8944, 43.0368 ], [ -88.8944, 43.0433 ], [ -88.8826, 43.0272 ], [ -88.8989, 43.0275 ], [ -88.9037, 43.0221 ], [ -88.9827, 43.0229 ], [ -88.9872, 43.0196 ], [ -88.9974, 43.0232 ], [ -89.0121, 43.0308 ] ] ] } },
{ "type": "Feature", "properties": { "GEOID": "55039041101", "county": "Census Tract 411.01" }, "geometry": { "type": "Polygon", "coordinates": [ [ [ -88.4493, 43.7447 ], [ -88.4496, 43.753 ], [ -88.4144, 43.7548 ], [ -88.4229, 43.7623 ], [ -88.4017, 43.7619 ], [ -88.4018, 43.7184 ], [ -88.4422, 43.7187 ], [ -88.4426, 43.7334 ], [ -88.4493, 43.7447 ] ] ] } },
{ "type": "Feature", "properties": { "GEOID": "55061960402", "county": "Census Tract 9604.02" }, "geometry": { "type": "Polygon", "coordinates": [ [ [ -87.7648, 44.5454 ], [ -87.7624, 44.6445 ], [ -87.7542, 44.6506 ], [ -87.7474, 44.668 ], [ -87.7361, 44.677 ], [ -87.6411, 44.6758 ], [ -87.6423, 44.6178 ], [ -87.6226, 44.6183 ], [ -87.6225, 44.6035 ], [ -87.6425, 44.6034 ], [ -87.6424, 44.5889 ], [ -87.5412, 44.5891 ], [ -87.542, 44.5457 ], [ -87.6418, 44.5451 ], [ -87.6424, 44.5561 ], [ -87.6833, 44.5549 ], [ -87.6961, 44.5453 ], [ -87.7648, 44.5454 ] ] ] } },
{ "type": "Feature", "properties": { "GEOID": "55133203105", "county": "Census Tract 2031.05" }, "geometry": { "type": "Polygon", "coordinates": [ [ [ -88.3043, 43.0508 ], [ -88.2694, 43.0462 ], [ -88.274, 43.0434 ], [ -88.2708, 43.032 ], [ -88.3045, 43.0413 ], [ -88.3043, 43.0508 ] ] ] } },
{ "type": "Feature", "properties": { "GEOID": "55133203308", "county": "Census Tract 2033.08" }, "geometry": { "type": "Polygon", "coordinates": [ [ [ -88.2514, 43.0834 ], [ -88.1927, 43.0826 ], [ -88.1927, 43.0815 ], [ -88.2058, 43.0642 ], [ -88.2058, 43.0588 ], [ -88.2515, 43.0784 ], [ -88.2514, 43.0834 ] ] ] } },
{ "type": "Feature", "properties": { "GEOID": "55025010905", "county": "Census Tract 109.05" }, "geometry": { "type": "Polygon", "coordinates": [ [ [ -89.5717, 43.0602 ], [ -89.5373, 43.0603 ], [ -89.5366, 43.0851 ], [ -89.5303, 43.0903 ], [ -89.5209, 43.0901 ], [ -89.5223, 43.0605 ], [ -89.5275, 43.0604 ], [ -89.5277, 43.0528 ], [ -89.5322, 43.0458 ], [ -89.5718, 43.0456 ], [ -89.5717, 43.0602 ] ] ] } },
{ "type": "Feature", "properties": { "GEOID": "55139002402", "county": "Census Tract 24.02" }, "geometry": { "type": "Polygon", "coordinates": [ [ [ -88.5248, 44.244 ], [ -88.466, 44.2441 ], [ -88.4651, 44.2326 ], [ -88.4667, 44.2291 ], [ -88.496, 44.2288 ], [ -88.4953, 44.2129 ], [ -88.4993, 44.2071 ], [ -88.5239, 44.207 ], [ -88.5248, 44.244 ] ] ] } },
{ "type": "Feature", "properties": { "GEOID": "55087011104", "county": "Census Tract 111.04" }, "geometry": { "type": "Polygon", "coordinates": [ [ [ -88.4665, 44.262 ], [ -88.4664, 44.288 ], [ -88.4464, 44.2878 ], [ -88.4463, 44.281 ], [ -88.4361, 44.2805 ], [ -88.4361, 44.2618 ], [ -88.4665, 44.262 ] ] ] } },
{ "type": "Feature", "properties": { "GEOID": "55079150304", "county": "Census Tract 1503.04" }, "geometry": { "type": "Polygon", "coordinates": [ [ [ -88.0484, 42.9302 ], [ -88.0454, 42.9302 ], [ -88.0455, 42.9284 ], [ -88.0286, 42.9303 ], [ -88.0288, 42.9197 ], [ -88.0165, 42.9196 ], [ -88.0164, 42.9248 ], [ -88.009, 42.9248 ], [ -88.0096, 42.9016 ], [ -88.0263, 42.9016 ], [ -88.0392, 42.9057 ], [ -88.0401, 42.9104 ], [ -88.046, 42.916 ], [ -88.0484, 42.9302 ] ] ] } },
{ "type": "Feature", "properties": { "GEOID": "55115100500", "county": "Census Tract 1005" }, "geometry": { "type": "Polygon", "coordinates": [ [ [ -88.6094, 44.782 ], [ -88.5506, 44.7818 ], [ -88.521, 44.7609 ], [ -88.6087, 44.7617 ], [ -88.6094, 44.782 ] ] ] } },
{ "type": "Feature", "properties": { "GEOID": "55073002200", "county": "Census Tract 22" }, "geometry": { "type": "Polygon", "coordinates": [ [ [ -90.3158, 44.8591 ], [ -90.315, 45.0338 ], [ -90.1975, 45.0336 ], [ -90.1985, 44.9456 ], [ -90.0792, 44.9453 ], [ -90.0791, 44.8587 ], [ -90.3158, 44.8591 ] ] ] } },
{ "type": "Feature", "properties": { "GEOID": "55079120501", "county": "Census Tract 1205.01" }, "geometry": { "type": "Polygon", "coordinates": [ [ [ -87.9886, 42.9521 ], [ -87.9687, 42.9521 ], [ -87.9688, 42.9449 ], [ -87.9645, 42.9449 ], [ -87.9641, 42.9376 ], [ -87.9492, 42.9376 ], [ -87.9494, 42.9304 ], [ -87.9691, 42.9304 ], [ -87.9666, 42.9376 ], [ -87.969, 42.9376 ], [ -87.969, 42.9402 ], [ -87.9728, 42.9402 ], [ -87.9727, 42.9449 ], [ -87.9788, 42.9461 ], [ -87.9787, 42.9489 ], [ -87.983, 42.9475 ], [ -87.9887, 42.9493 ], [ -87.9886, 42.9521 ] ] ] } },
{ "type": "Feature", "properties": { "GEOID": "55079006100", "county": "Census Tract 61" }, "geometry": { "type": "Polygon", "coordinates": [ [ [ -87.9725, 43.0643 ], [ -87.9724, 43.0716 ], [ -87.9645, 43.0715 ], [ -87.9646, 43.0643 ], [ -87.9725, 43.0643 ] ] ] } },
{ "type": "Feature", "properties": { "GEOID": "55079017000", "county": "Census Tract 170" }, "geometry": { "type": "Polygon", "coordinates": [ [ [ -87.9529, 43.0067 ], [ -87.9527, 43.0141 ], [ -87.9423, 43.0142 ], [ -87.9423, 43.0067 ], [ -87.9529, 43.0067 ] ] ] } },
{ "type": "Feature", "properties": { "GEOID": "55079100600", "county": "Census Tract 1006" }, "geometry": { "type": "Polygon", "coordinates": [ [ [ -88.0273, 43.025 ], [ -88.0173, 43.0239 ], [ -88.0171, 43.0166 ], [ -88.0272, 43.0165 ], [ -88.0273, 43.025 ] ] ] } },
{ "type": "Feature", "properties": { "GEOID": "55079018100", "county": "Census Tract 181" }, "geometry": { "type": "Polygon", "coordinates": [ [ [ -87.8967, 42.9959 ], [ -87.887, 43.0012 ], [ -87.8828, 42.9967 ], [ -87.8871, 42.9921 ], [ -87.8967, 42.9959 ] ] ] } },
{ "type": "Feature", "properties": { "GEOID": "55013970700", "county": "Census Tract 9707" }, "geometry": { "type": "Polygon", "coordinates": [ [ [ -92.553, 45.9482 ], [ -92.5498, 45.968 ], [ -92.5271, 45.9832 ], [ -92.5195, 45.9839 ], [ -92.491, 45.9756 ], [ -92.4728, 45.9729 ], [ -92.4645, 45.9763 ], [ -92.4611, 45.9802 ], [ -92.4645, 45.985 ], [ -92.4534, 45.9929 ], [ -92.453, 45.9978 ], [ -92.4443, 46.0092 ], [ -92.4423, 46.0162 ], [ -92.4286, 46.0242 ], [ -92.4107, 46.0273 ], [ -92.3927, 46.0195 ], [ -92.3649, 46.0134 ], [ -92.3675, 46.007 ], [ -92.3629, 46.0071 ], [ -92.3669, 45.9907 ], [ -92.3638, 45.9665 ], [ -92.3652, 45.9411 ], [ -92.3619, 45.9324 ], [ -92.3655, 45.925 ], [ -92.3647, 45.8955 ], [ -92.3668, 45.8956 ], [ -92.367, 45.8884 ], [ -92.3729, 45.8885 ], [ -92.3731, 45.8815 ], [ -92.3852, 45.8818 ], [ -92.3854, 45.8746 ], [ -92.3699, 45.8743 ], [ -92.37, 45.8708 ], [ -92.3647, 45.8707 ], [ -92.3648, 45.8602 ], [ -92.3721, 45.8602 ], [ -92.3727, 45.8567 ], [ -92.3652, 45.8534 ], [ -92.3619, 45.8556 ], [ -92.3643, 45.8522 ], [ -92.3602, 45.8518 ], [ -92.359, 45.8541 ], [ -92.3585, 45.8504 ], [ -92.3542, 45.8521 ], [ -92.3485, 45.8487 ], [ -92.3428, 45.853 ], [ -92.3419, 45.8499 ], [ -92.3364, 45.8518 ], [ -92.3335, 45.8489 ], [ -92.3309, 45.8494 ], [ -92.3325, 45.8465 ], [ -92.3298, 45.845 ], [ -92.327, 45.8448 ], [ -92.324, 45.8479 ], [ -92.3153, 45.8442 ], [ -92.3142, 45.8401 ], [ -92.3117, 45.8414 ], [ -92.317, 45.8381 ], [ -92.3031, 45.8343 ], [ -92.3033, 45.8267 ], [ -92.2678, 45.8264 ], [ -92.2554, 45.8243 ], [ -92.2362, 45.8153 ], [ -92.2151, 45.8088 ], [ -92.2163, 45.7836 ], [ -92.2102, 45.778 ], [ -92.2134, 45.77 ], [ -92.2094, 45.7682 ], [ -92.2174, 45.7643 ], [ -92.2231, 45.7647 ], [ -92.2242, 45.7604 ], [ -92.2365, 45.7615 ], [ -92.2368, 45.749 ], [ -92.2472, 45.7477 ], [ -92.2474, 45.726 ], [ -92.3198, 45.7265 ], [ -92.3198, 45.7335 ], [ -92.3247, 45.7336 ], [ -92.3249, 45.7519 ], [ -92.33, 45.7576 ], [ -92.3301, 45.7615 ], [ -92.3476, 45.7635 ], [ -92.3566, 45.7808 ], [ -92.3655, 45.7847 ], [ -92.3658, 45.7991 ], [ -92.3603, 45.8036 ], [ -92.3655, 45.8092 ], [ -92.3653, 45.8167 ], [ -92.3861, 45.8168 ], [ -92.3861, 45.8597 ], [ -92.3877, 45.8576 ], [ -92.4002, 45.8607 ], [ -92.4184, 45.8736 ], [ -92.4282, 45.875 ], [ -92.4286, 45.8788 ], [ -92.4313, 45.8778 ], [ -92.4339, 45.8793 ], [ -92.4328, 45.8814 ], [ -92.4387, 45.8784 ], [ -92.4439, 45.8794 ], [ -92.4453, 45.8769 ], [ -92.4468, 45.8808 ], [ -92.4573, 45.8773 ], [ -92.4587, 45.8795 ], [ -92.4649, 45.8778 ], [ -92.4706, 45.8798 ], [ -92.4743, 45.8849 ], [ -92.4879, 45.881 ], [ -92.4881, 45.8784 ], [ -92.4897, 45.8796 ], [ -92.5101, 45.8656 ], [ -92.5275, 45.8661 ], [ -92.5276, 45.9294 ], [ -92.5317, 45.9312 ], [ -92.5264, 45.9373 ], [ -92.5301, 45.9376 ], [ -92.5387, 45.9468 ], [ -92.5434, 45.9472 ], [ -92.5436, 45.949 ], [ -92.553, 45.9482 ] ] ] } },
{ "type": "Feature", "properties": { "GEOID": "55025000204", "county": "Census Tract 2.04" }, "geometry": { "type": "Polygon", "coordinates": [ [ [ -89.5223, 43.0605 ], [ -89.5218, 43.075 ], [ -89.5024, 43.0766 ], [ -89.5028, 43.0607 ], [ -89.5223, 43.0605 ] ] ] } },
{ "type": "Feature", "properties": { "GEOID": "55025011000", "county": "Census Tract 110" }, "geometry": { "type": "Polygon", "coordinates": [ [ [ -89.5211, 43.0838 ], [ -89.5167, 43.0968 ], [ -89.4966, 43.0969 ], [ -89.4859, 43.0897 ], [ -89.4878, 43.0879 ], [ -89.4808, 43.0803 ], [ -89.5019, 43.0918 ], [ -89.5022, 43.0862 ], [ -89.5211, 43.0838 ] ] ] } },
{ "type": "Feature", "properties": { "GEOID": "55025003001", "county": "Census Tract 30.01" }, "geometry": { "type": "Polygon", "coordinates": [ [ [ -89.3165, 43.0983 ], [ -89.2858, 43.0991 ], [ -89.2838, 43.0845 ], [ -89.3114, 43.084 ], [ -89.3165, 43.0983 ] ] ] } },
{ "type": "Feature", "properties": { "GEOID": "55079020500", "county": "Census Tract 205" }, "geometry": { "type": "Polygon", "coordinates": [ [ [ -87.9264, 42.9847 ], [ -87.9263, 42.9919 ], [ -87.919, 42.992 ], [ -87.9192, 42.9847 ], [ -87.9264, 42.9847 ] ] ] } },
{ "type": "Feature", "properties": { "GEOID": "55079004000", "county": "Census Tract 40" }, "geometry": { "type": "Polygon", "coordinates": [ [ [ -87.9769, 43.0972 ], [ -87.967, 43.0969 ], [ -87.967, 43.0899 ], [ -87.9771, 43.09 ], [ -87.9769, 43.0972 ] ] ] } },
{ "type": "Feature", "properties": { "GEOID": "55079021500", "county": "Census Tract 215" }, "geometry": { "type": "Polygon", "coordinates": [ [ [ -87.949, 42.9449 ], [ -87.9487, 42.9594 ], [ -87.9389, 42.9593 ], [ -87.9392, 42.9448 ], [ -87.949, 42.9449 ] ] ] } },
{ "type": "Feature", "properties": { "GEOID": "55141010500", "county": "Census Tract 105" }, "geometry": { "type": "Polygon", "coordinates": [ [ [ -90.1981, 44.627 ], [ -90.1983, 44.6713 ], [ -90.1822, 44.6704 ], [ -90.1853, 44.6556 ], [ -90.1814, 44.6557 ], [ -90.1802, 44.6269 ], [ -90.1981, 44.627 ] ] ] } },
{ "type": "Feature", "properties": { "GEOID": "55035000502", "county": "Census Tract 5.02" }, "geometry": { "type": "Polygon", "coordinates": [ [ [ -91.4761, 44.8263 ], [ -91.4727, 44.8484 ], [ -91.4645, 44.8573 ], [ -91.4269, 44.8573 ], [ -91.4275, 44.8434 ], [ -91.4377, 44.8434 ], [ -91.4377, 44.8398 ], [ -91.4581, 44.8398 ], [ -91.459, 44.8254 ], [ -91.4761, 44.8263 ] ] ] } },
{ "type": "Feature", "properties": { "GEOID": "55009001200", "county": "Census Tract 12" }, "geometry": { "type": "Polygon", "coordinates": [ [ [ -88.013, 44.5087 ], [ -88.0077, 44.5137 ], [ -87.994, 44.5102 ], [ -87.99, 44.5051 ], [ -88.0071, 44.5096 ], [ -88.0087, 44.5072 ], [ -88.013, 44.5087 ] ] ] } },
{ "type": "Feature", "properties": { "GEOID": "55101001302", "county": "Census Tract 13.02" }, "geometry": { "type": "Polygon", "coordinates": [ [ [ -87.7992, 42.7457 ], [ -87.7871, 42.7478 ], [ -87.7871, 42.7555 ], [ -87.7802, 42.7555 ], [ -87.7801, 42.7406 ], [ -87.7986, 42.7405 ], [ -87.7992, 42.7457 ] ] ] } },
{ "type": "Feature", "properties": { "GEOID": "55063001102", "county": "Census Tract 11.02" }, "geometry": { "type": "Polygon", "coordinates": [ [ [ -91.2306, 43.7796 ], [ -91.2293, 43.7833 ], [ -91.2224, 43.7833 ], [ -91.2119, 43.7777 ], [ -91.2076, 43.7621 ], [ -91.21, 43.7589 ], [ -91.2125, 43.7582 ], [ -91.2224, 43.7667 ], [ -91.2306, 43.7796 ] ] ] } },
{ "type": "Feature", "properties": { "GEOID": "55127000901", "county": "Census Tract 9.01" }, "geometry": { "type": "Polygon", "coordinates": [ [ [ -88.5906, 42.679 ], [ -88.5859, 42.6805 ], [ -88.5863, 42.6986 ], [ -88.5814, 42.6986 ], [ -88.5816, 42.7059 ], [ -88.5421, 42.7062 ], [ -88.5413, 42.6559 ], [ -88.561, 42.6465 ], [ -88.5903, 42.6447 ], [ -88.5906, 42.679 ] ] ] } },
{ "type": "Feature", "properties": { "GEOID": "55039040200", "county": "Census Tract 402" }, "geometry": { "type": "Polygon", "coordinates": [ [ [ -88.4591, 43.7888 ], [ -88.4553, 43.7914 ], [ -88.4514, 43.8037 ], [ -88.4415, 43.8035 ], [ -88.4434, 43.7975 ], [ -88.4395, 43.7967 ], [ -88.4391, 43.7835 ], [ -88.4589, 43.7842 ], [ -88.4591, 43.7888 ] ] ] } },
{ "type": "Feature", "properties": { "GEOID": "55017010300", "county": "Census Tract 103" }, "geometry": { "type": "Polygon", "coordinates": [ [ [ -91.428, 44.9218 ], [ -91.4269, 44.9443 ], [ -91.4023, 44.9445 ], [ -91.4013, 44.9428 ], [ -91.3949, 44.9437 ], [ -91.3875, 44.9316 ], [ -91.428, 44.9218 ] ] ] } },
{ "type": "Feature", "properties": { "GEOID": "55027961900", "county": "Census Tract 9619" }, "geometry": { "type": "Polygon", "coordinates": [ [ [ -88.759, 43.2195 ], [ -88.7286, 43.2164 ], [ -88.7143, 43.2129 ], [ -88.7048, 43.22 ], [ -88.703, 43.2099 ], [ -88.6941, 43.2117 ], [ -88.6914, 43.1972 ], [ -88.6996, 43.1972 ], [ -88.7069, 43.2072 ], [ -88.7152, 43.2018 ], [ -88.7288, 43.205 ], [ -88.7262, 43.2017 ], [ -88.7309, 43.2017 ], [ -88.7308, 43.1977 ], [ -88.7588, 43.1977 ], [ -88.759, 43.2195 ] ] ] } },
{ "type": "Feature", "properties": { "GEOID": "55123960600", "county": "Census Tract 9606" }, "geometry": { "type": "Polygon", "coordinates": [ [ [ -91.1713, 43.7253 ], [ -90.9063, 43.7248 ], [ -90.8902, 43.7123 ], [ -90.8906, 43.7068 ], [ -90.8863, 43.6974 ], [ -90.9153, 43.6967 ], [ -90.9212, 43.6932 ], [ -90.9321, 43.6931 ], [ -90.936, 43.6911 ], [ -90.9318, 43.6839 ], [ -90.9205, 43.6815 ], [ -90.9182, 43.6764 ], [ -90.9127, 43.675 ], [ -90.9046, 43.6688 ], [ -90.8901, 43.6682 ], [ -90.8901, 43.665 ], [ -90.9056, 43.6585 ], [ -90.9155, 43.6575 ], [ -90.9138, 43.6535 ], [ -90.9106, 43.6536 ], [ -90.9098, 43.6073 ], [ -90.9123, 43.6035 ], [ -90.9247, 43.6034 ], [ -90.9275, 43.588 ], [ -90.9329, 43.5835 ], [ -90.9189, 43.5799 ], [ -90.9098, 43.5732 ], [ -90.9072, 43.5705 ], [ -90.9072, 43.5601 ], [ -90.9194, 43.5602 ], [ -90.9204, 43.5497 ], [ -90.9465, 43.5485 ], [ -90.9499, 43.5531 ], [ -90.9556, 43.5523 ], [ -90.9601, 43.5473 ], [ -90.9628, 43.5344 ], [ -90.9779, 43.5341 ], [ -90.9834, 43.5284 ], [ -90.9853, 43.5184 ], [ -90.9889, 43.5175 ], [ -90.9924, 43.5098 ], [ -91.0046, 43.5087 ], [ -91.0036, 43.5038 ], [ -91.0272, 43.5017 ], [ -91.0289, 43.4981 ], [ -91.034, 43.4993 ], [ -91.0416, 43.4965 ], [ -91.0466, 43.4987 ], [ -91.0494, 43.509 ], [ -91.0546, 43.5148 ], [ -91.0688, 43.5127 ], [ -91.0709, 43.5164 ], [ -91.0778, 43.5167 ], [ -91.081, 43.5202 ], [ -91.0971, 43.5215 ], [ -91.0921, 43.5284 ], [ -91.092, 43.5418 ], [ -91.0949, 43.5455 ], [ -91.1043, 43.5486 ], [ -91.1098, 43.5572 ], [ -91.1197, 43.5578 ], [ -91.143, 43.5522 ], [ -91.1521, 43.5529 ], [ -91.145, 43.5651 ], [ -91.1466, 43.5704 ], [ -91.1435, 43.5835 ], [ -91.1341, 43.5902 ], [ -91.1384, 43.5923 ], [ -91.1407, 43.5979 ], [ -91.1463, 43.5998 ], [ -91.1541, 43.6121 ], [ -91.1484, 43.6144 ], [ -91.1485, 43.6218 ], [ -91.1542, 43.6349 ], [ -91.1491, 43.64 ], [ -91.1482, 43.6474 ], [ -91.1455, 43.6495 ], [ -91.1431, 43.6482 ], [ -91.144, 43.6548 ], [ -91.148, 43.6582 ], [ -91.1397, 43.661 ], [ -91.1273, 43.6612 ], [ -91.1242, 43.665 ], [ -91.1109, 43.6684 ], [ -91.1004, 43.6685 ], [ -91.1054, 43.6804 ], [ -91.1205, 43.6891 ], [ -91.1209, 43.6934 ], [ -91.1272, 43.6973 ], [ -91.1334, 43.7056 ], [ -91.1502, 43.7045 ], [ -91.1554, 43.7062 ], [ -91.171, 43.7188 ], [ -91.1733, 43.7235 ], [ -91.1713, 43.7253 ] ] ] } },
{ "type": "Feature", "properties": { "GEOID": "55103970200", "county": "Census Tract 9702" }, "geometry": { "type": "Polygon", "coordinates": [ [ [ -90.669, 43.4777 ], [ -90.6609, 43.4794 ], [ -90.6505, 43.4783 ], [ -90.6353, 43.4737 ], [ -90.6148, 43.4737 ], [ -90.6131, 43.4707 ], [ -90.5947, 43.4715 ], [ -90.5922, 43.4701 ], [ -90.5878, 43.4737 ], [ -90.5394, 43.4736 ], [ -90.5268, 43.4707 ], [ -90.5172, 43.4713 ], [ -90.5102, 43.4664 ], [ -90.5005, 43.4702 ], [ -90.4843, 43.4687 ], [ -90.4748, 43.4738 ], [ -90.4673, 43.4744 ], [ -90.4629, 43.4575 ], [ -90.4286, 43.4523 ], [ -90.4219, 43.445 ], [ -90.417, 43.4464 ], [ -90.4156, 43.4556 ], [ -90.4097, 43.4662 ], [ -90.4071, 43.4668 ], [ -90.3909, 43.4615 ], [ -90.3842, 43.4549 ], [ -90.3776, 43.4528 ], [ -90.3691, 43.446 ], [ -90.3618, 43.4445 ], [ -90.3624, 43.4502 ], [ -90.3579, 43.4562 ], [ -90.3585, 43.4642 ], [ -90.349, 43.4634 ], [ -90.3238, 43.4705 ], [ -90.3105, 43.467 ], [ -90.2971, 43.4695 ], [ -90.2826, 43.4597 ], [ -90.2767, 43.459 ], [ -90.2669, 43.4653 ], [ -90.2583, 43.4628 ], [ -90.2579, 43.4596 ], [ -90.2481, 43.4672 ], [ -90.236, 43.4674 ], [ -90.2265, 43.4651 ], [ -90.2172, 43.4574 ], [ -90.1918, 43.458 ], [ -90.192, 43.2857 ], [ -90.2019, 43.2862 ], [ -90.2087, 43.2812 ], [ -90.2108, 43.2766 ], [ -90.2212, 43.2714 ], [ -90.2381, 43.2712 ], [ -90.2445, 43.2734 ], [ -90.2492, 43.2791 ], [ -90.2669, 43.2824 ], [ -90.2913, 43.2804 ], [ -90.2913, 43.2786 ], [ -90.3026, 43.2782 ], [ -90.3062, 43.2805 ], [ -90.313, 43.2742 ], [ -90.3174, 43.2784 ], [ -90.3308, 43.2826 ], [ -90.3362, 43.2886 ], [ -90.3419, 43.2878 ], [ -90.3497, 43.2899 ], [ -90.3505, 43.3152 ], [ -90.3396, 43.31 ], [ -90.3267, 43.2988 ], [ -90.3113, 43.3062 ], [ -90.3048, 43.3142 ], [ -90.2935, 43.3165 ], [ -90.289, 43.3314 ], [ -90.3012, 43.3455 ], [ -90.3268, 43.3434 ], [ -90.3397, 43.3463 ], [ -90.3451, 43.3499 ], [ -90.3393, 43.3582 ], [ -90.3619, 43.3553 ], [ -90.3727, 43.3593 ], [ -90.3801, 43.3594 ], [ -90.3823, 43.3723 ], [ -90.3869, 43.3719 ], [ -90.3863, 43.3734 ], [ -90.3902, 43.3744 ], [ -90.3966, 43.3689 ], [ -90.4027, 43.3726 ], [ -90.4196, 43.3736 ], [ -90.4248, 43.3678 ], [ -90.4246, 43.3607 ], [ -90.4158, 43.3528 ], [ -90.415, 43.3469 ], [ -90.4404, 43.3483 ], [ -90.4462, 43.3416 ], [ -90.465, 43.3337 ], [ -90.4539, 43.3222 ], [ -90.4534, 43.3148 ], [ -90.4645, 43.3039 ], [ -90.47, 43.3029 ], [ -90.4703, 43.3 ], [ -90.4877, 43.3002 ], [ -90.4919, 43.3088 ], [ -90.4989, 43.3109 ], [ -90.5237, 43.2988 ], [ -90.5229, 43.2832 ], [ -90.525, 43.2812 ], [ -90.5378, 43.2847 ], [ -90.5556, 43.2848 ], [ -90.5634, 43.2827 ], [ -90.5687, 43.2842 ], [ -90.5742, 43.2821 ], [ -90.591, 43.2936 ], [ -90.6256, 43.2926 ], [ -90.6283, 43.2904 ], [ -90.6346, 43.2899 ], [ -90.6358, 43.2846 ], [ -90.6454, 43.2843 ], [ -90.6495, 43.2857 ], [ -90.6504, 43.2907 ], [ -90.6662, 43.2916 ], [ -90.669, 43.4777 ] ] ] } },
{ "type": "Feature", "properties": { "GEOID": "55101980000", "county": "Census Tract 9800" }, "geometry": { "type": "Polygon", "coordinates": [ [ [ -88.091, 42.6964 ], [ -88.0887, 42.6986 ], [ -88.0711, 42.6995 ], [ -88.071, 42.6861 ], [ -88.0908, 42.6851 ], [ -88.091, 42.6964 ] ] ] } },
{ "type": "Feature", "properties": { "GEOID": "55079100700", "county": "Census Tract 1007" }, "geometry": { "type": "Polygon", "coordinates": [ [ [ -88.0472, 43.031 ], [ -88.0423, 43.0258 ], [ -88.0273, 43.025 ], [ -88.0272, 43.0165 ], [ -88.0469, 43.0164 ], [ -88.0472, 43.031 ] ] ] } },
{ "type": "Feature", "properties": { "GEOID": "55079017100", "county": "Census Tract 171" }, "geometry": { "type": "Polygon", "coordinates": [ [ [ -87.9664, 43.0123 ], [ -87.9527, 43.0141 ], [ -87.9529, 43.0067 ], [ -87.961, 43.0066 ], [ -87.961, 43.0098 ], [ -87.9663, 43.0102 ], [ -87.9664, 43.0123 ] ] ] } },
{ "type": "Feature", "properties": { "GEOID": "55079013700", "county": "Census Tract 137" }, "geometry": { "type": "Polygon", "coordinates": [ [ [ -87.9478, 43.0459 ], [ -87.9429, 43.0459 ], [ -87.9429, 43.0387 ], [ -87.9477, 43.0387 ], [ -87.9478, 43.0459 ] ] ] } },
{ "type": "Feature", "properties": { "GEOID": "55127001603", "county": "Census Tract 16.03" }, "geometry": { "type": "Polygon", "coordinates": [ [ [ -88.5804, 42.5601 ], [ -88.5802, 42.5973 ], [ -88.5408, 42.5975 ], [ -88.5408, 42.6002 ], [ -88.5308, 42.5883 ], [ -88.5333, 42.5788 ], [ -88.5327, 42.5594 ], [ -88.554, 42.5564 ], [ -88.5652, 42.5611 ], [ -88.5804, 42.5601 ] ] ] } },
{ "type": "Feature", "properties": { "GEOID": "55007960200", "county": "Census Tract 9602" }, "geometry": { "type": "Polygon", "coordinates": [ [ [ -91.5533, 46.5551 ], [ -91.5514, 46.7557 ], [ -91.5371, 46.7548 ], [ -91.5111, 46.7574 ], [ -91.4997, 46.7612 ], [ -91.4924, 46.7667 ], [ -91.4493, 46.7733 ], [ -91.4387, 46.7763 ], [ -91.4338, 46.7803 ], [ -91.4236, 46.7822 ], [ -91.4193, 46.7868 ], [ -91.411, 46.7902 ], [ -91.4085, 46.7942 ], [ -91.386, 46.7895 ], [ -91.3841, 46.792 ], [ -91.3656, 46.795 ], [ -91.3382, 46.8177 ], [ -91.3148, 46.8268 ], [ -91.3023, 46.8303 ], [ -91.2903, 46.8305 ], [ -91.2887, 46.8334 ], [ -91.2753, 46.8326 ], [ -91.2567, 46.8369 ], [ -91.2327, 46.86 ], [ -91.2268, 46.8636 ], [ -91.2111, 46.8667 ], [ -91.202, 46.8711 ], [ -91.1866, 46.8857 ], [ -91.1797, 46.8857 ], [ -91.1818, 46.8802 ], [ -91.1939, 46.8737 ], [ -91.2044, 46.8588 ], [ -91.1903, 46.8484 ], [ -91.1783, 46.8443 ], [ -91.1676, 46.8448 ], [ -91.1646, 46.8549 ], [ -91.1539, 46.8559 ], [ -91.1497, 46.8581 ], [ -91.1443, 46.8703 ], [ -91.1402, 46.8732 ], [ -91.1347, 46.8725 ], [ -91.1349, 46.859 ], [ -91.1386, 46.8546 ], [ -91.1382, 46.8468 ], [ -91.1342, 46.8467 ], [ -91.1365, 46.8268 ], [ -91.1351, 46.8039 ], [ -91.1316, 46.7995 ], [ -91.1297, 46.8043 ], [ -91.0931, 46.8037 ], [ -91.0932, 46.7978 ], [ -91.084, 46.7871 ], [ -91.0815, 46.7765 ], [ -91.0839, 46.7366 ], [ -91.0818, 46.7333 ], [ -91.1409, 46.7326 ], [ -91.1564, 46.7237 ], [ -91.1674, 46.7046 ], [ -91.1645, 46.6958 ], [ -91.1478, 46.6825 ], [ -91.1532, 46.6795 ], [ -91.1546, 46.6746 ], [ -91.1804, 46.6629 ], [ -91.1745, 46.6473 ], [ -91.1777, 46.6378 ], [ -91.1683, 46.6344 ], [ -91.171, 46.6221 ], [ -91.1604, 46.6114 ], [ -91.162, 46.6067 ], [ -91.1593, 46.5953 ], [ -91.1881, 46.597 ], [ -91.1949, 46.5946 ], [ -91.1971, 46.5903 ], [ -91.2056, 46.5885 ], [ -91.2059, 46.5782 ], [ -91.2196, 46.5693 ], [ -91.2195, 46.5612 ], [ -91.2259, 46.5482 ], [ -91.2185, 46.5448 ], [ -91.2179, 46.5425 ], [ -91.2248, 46.5368 ], [ -91.2315, 46.5333 ], [ -91.2851, 46.5504 ], [ -91.3078, 46.549 ], [ -91.3485, 46.5646 ], [ -91.3649, 46.5648 ], [ -91.3602, 46.5696 ], [ -91.3604, 46.576 ], [ -91.3575, 46.5801 ], [ -91.3453, 46.5861 ], [ -91.345, 46.5896 ], [ -91.3557, 46.5952 ], [ -91.3546, 46.6011 ], [ -91.3584, 46.6042 ], [ -91.4275, 46.6045 ], [ -91.4277, 46.575 ], [ -91.4557, 46.5752 ], [ -91.4616, 46.5677 ], [ -91.4919, 46.5678 ], [ -91.51, 46.5598 ], [ -91.5533, 46.5551 ] ] ] } },
{ "type": "Feature", "properties": { "GEOID": "55025000100", "county": "Census Tract 1" }, "geometry": { "type": "Polygon", "coordinates": [ [ [ -89.4878, 43.0879 ], [ -89.4858, 43.0946 ], [ -89.4824, 43.0945 ], [ -89.4837, 43.0935 ], [ -89.4722, 43.0866 ], [ -89.4698, 43.0807 ], [ -89.4676, 43.0822 ], [ -89.4609, 43.0811 ], [ -89.4635, 43.0803 ], [ -89.4623, 43.0755 ], [ -89.4699, 43.0742 ], [ -89.4754, 43.0758 ], [ -89.4878, 43.0879 ] ] ] } },
{ "type": "Feature", "properties": { "GEOID": "55079080200", "county": "Census Tract 802" }, "geometry": { "type": "Polygon", "coordinates": [ [ [ -87.8923, 43.0892 ], [ -87.8923, 43.1002 ], [ -87.8874, 43.1001 ], [ -87.8835, 43.0987 ], [ -87.8825, 43.0892 ], [ -87.8923, 43.0892 ] ] ] } },
{ "type": "Feature", "properties": { "GEOID": "55079008100", "county": "Census Tract 81" }, "geometry": { "type": "Polygon", "coordinates": [ [ [ -87.9096, 43.0639 ], [ -87.9095, 43.0711 ], [ -87.9053, 43.0711 ], [ -87.9053, 43.0638 ], [ -87.9096, 43.0639 ] ] ] } },
{ "type": "Feature", "properties": { "GEOID": "55141010100", "county": "Census Tract 101" }, "geometry": { "type": "Polygon", "coordinates": [ [ [ -90.0899, 44.5404 ], [ -90.08, 44.5405 ], [ -90.0794, 44.6852 ], [ -89.8449, 44.6849 ], [ -89.8445, 44.5115 ], [ -89.8646, 44.5117 ], [ -89.8646, 44.496 ], [ -89.9051, 44.4962 ], [ -89.9052, 44.5116 ], [ -90.0044, 44.5118 ], [ -90.0044, 44.519 ], [ -90.0801, 44.5188 ], [ -90.0801, 44.5261 ], [ -90.0902, 44.5261 ], [ -90.0899, 44.5404 ] ] ] } },
{ "type": "Feature", "properties": { "GEOID": "55105003001", "county": "Census Tract 30.01" }, "geometry": { "type": "Polygon", "coordinates": [ [ [ -89.1026, 42.8472 ], [ -89.0479, 42.8476 ], [ -89.0476, 42.8354 ], [ -89.0556, 42.8331 ], [ -89.0527, 42.8327 ], [ -89.0521, 42.8183 ], [ -89.0647, 42.8182 ], [ -89.0667, 42.8133 ], [ -89.0723, 42.8164 ], [ -89.0719, 42.8306 ], [ -89.081, 42.8274 ], [ -89.0882, 42.8327 ], [ -89.1017, 42.8327 ], [ -89.1026, 42.8472 ] ] ] } },
{ "type": "Feature", "properties": { "GEOID": "55131420402", "county": "Census Tract 4204.02" }, "geometry": { "type": "Polygon", "coordinates": [ [ [ -88.2161, 43.4331 ], [ -88.1854, 43.4341 ], [ -88.1863, 43.4268 ], [ -88.216, 43.4273 ], [ -88.2161, 43.4331 ] ] ] } },
{ "type": "Feature", "properties": { "GEOID": "55131430100", "county": "Census Tract 4301" }, "geometry": { "type": "Polygon", "coordinates": [ [ [ -88.4015, 43.3701 ], [ -88.4004, 43.5435 ], [ -88.281, 43.5428 ], [ -88.281, 43.3694 ], [ -88.4015, 43.3701 ] ] ] } },
{ "type": "Feature", "properties": { "GEOID": "55133203103", "county": "Census Tract 2031.03" }, "geometry": { "type": "Polygon", "coordinates": [ [ [ -88.2559, 43.0321 ], [ -88.2435, 43.0309 ], [ -88.2358, 43.0132 ], [ -88.2503, 43.0133 ], [ -88.2509, 43.0214 ], [ -88.2558, 43.0219 ], [ -88.2559, 43.0321 ] ] ] } },
{ "type": "Feature", "properties": { "GEOID": "55133200600", "county": "Census Tract 2006" }, "geometry": { "type": "Polygon", "coordinates": [ [ [ -88.0763, 43.0966 ], [ -88.0771, 43.1192 ], [ -88.0656, 43.1191 ], [ -88.0661, 43.0983 ], [ -88.0763, 43.0966 ] ] ] } },
{ "type": "Feature", "properties": { "GEOID": "55079160102", "county": "Census Tract 1601.02" }, "geometry": { "type": "Polygon", "coordinates": [ [ [ -87.9504, 42.9018 ], [ -87.9494, 42.9304 ], [ -87.9402, 42.9303 ], [ -87.9405, 42.9209 ], [ -87.9306, 42.9208 ], [ -87.93, 42.9303 ], [ -87.8903, 42.93 ], [ -87.8902, 42.9154 ], [ -87.9108, 42.9156 ], [ -87.9115, 42.9011 ], [ -87.9504, 42.9018 ] ] ] } },
{ "type": "Feature", "properties": { "GEOID": "55079005400", "county": "Census Tract 54" }, "geometry": { "type": "Polygon", "coordinates": [ [ [ -88.0277, 43.0898 ], [ -88.0176, 43.0899 ], [ -88.0175, 43.0752 ], [ -88.0276, 43.075 ], [ -88.0277, 43.0898 ] ] ] } },
{ "type": "Feature", "properties": { "GEOID": "55079008700", "county": "Census Tract 87" }, "geometry": { "type": "Polygon", "coordinates": [ [ [ -87.9425, 43.0642 ], [ -87.9424, 43.0715 ], [ -87.9374, 43.0714 ], [ -87.9375, 43.0642 ], [ -87.9425, 43.0642 ] ] ] } },
{ "type": "Feature", "properties": { "GEOID": "55079160203", "county": "Census Tract 1602.03" }, "geometry": { "type": "Polygon", "coordinates": [ [ [ -87.9504, 42.9018 ], [ -87.8818, 42.9009 ], [ -87.8824, 42.8863 ], [ -87.9509, 42.8872 ], [ -87.9504, 42.9018 ] ] ] } },
{ "type": "Feature", "properties": { "GEOID": "55079007800", "county": "Census Tract 78" }, "geometry": { "type": "Polygon", "coordinates": [ [ [ -87.8948, 43.0686 ], [ -87.8915, 43.0711 ], [ -87.8915, 43.0747 ], [ -87.8829, 43.0746 ], [ -87.883, 43.0674 ], [ -87.8948, 43.0686 ] ] ] } },
{ "type": "Feature", "properties": { "GEOID": "55079016700", "county": "Census Tract 167" }, "geometry": { "type": "Polygon", "coordinates": [ [ [ -87.9257, 43.0065 ], [ -87.9254, 43.0141 ], [ -87.9185, 43.0142 ], [ -87.9187, 43.0065 ], [ -87.9257, 43.0065 ] ] ] } },
{ "type": "Feature", "properties": { "GEOID": "55033970802", "county": "Census Tract 9708.02" }, "geometry": { "type": "Polygon", "coordinates": [ [ [ -91.9247, 44.8611 ], [ -91.9246, 44.8684 ], [ -91.917, 44.8692 ], [ -91.9208, 44.8701 ], [ -91.9223, 44.8767 ], [ -91.8848, 44.8864 ], [ -91.8847, 44.8647 ], [ -91.8908, 44.8647 ], [ -91.8827, 44.86 ], [ -91.8744, 44.8509 ], [ -91.8741, 44.8437 ], [ -91.887, 44.8436 ], [ -91.8895, 44.854 ], [ -91.9042, 44.8559 ], [ -91.9043, 44.8575 ], [ -91.9196, 44.8575 ], [ -91.9196, 44.8611 ], [ -91.9247, 44.8611 ] ] ] } },
{ "type": "Feature", "properties": { "GEOID": "55101001504", "county": "Census Tract 15.04" }, "geometry": { "type": "Polygon", "coordinates": [ [ [ -87.7968, 42.77 ], [ -87.7959, 42.8063 ], [ -87.7941, 42.8063 ], [ -87.779, 42.7968 ], [ -87.7863, 42.7927 ], [ -87.7869, 42.77 ], [ -87.7968, 42.77 ] ] ] } },
{ "type": "Feature", "properties": { "GEOID": "55027960300", "county": "Census Tract 9603" }, "geometry": { "type": "Polygon", "coordinates": [ [ [ -88.7804, 43.6214 ], [ -88.7586, 43.6277 ], [ -88.756, 43.6331 ], [ -88.7162, 43.6332 ], [ -88.7202, 43.6082 ], [ -88.725, 43.6036 ], [ -88.725, 43.6052 ], [ -88.7348, 43.605 ], [ -88.7348, 43.6187 ], [ -88.7451, 43.6128 ], [ -88.7451, 43.6084 ], [ -88.7654, 43.6051 ], [ -88.7655, 43.5968 ], [ -88.7756, 43.5965 ], [ -88.7805, 43.6079 ], [ -88.7804, 43.6214 ] ] ] } },
{ "type": "Feature", "properties": { "GEOID": "55037190101", "county": "Census Tract 1901.01" }, "geometry": { "type": "Polygon", "coordinates": [ [ [ -88.6833, 46.0141 ], [ -88.6756, 46.0117 ], [ -88.6759, 46.0085 ], [ -88.6712, 46.0047 ], [ -88.6713, 45.999 ], [ -88.6639, 45.9932 ], [ -88.6708, 45.9885 ], [ -88.6479, 45.9887 ], [ -88.6375, 45.985 ], [ -88.6341, 45.988 ], [ -88.6142, 45.9888 ], [ -88.6159, 45.9933 ], [ -88.6116, 45.9988 ], [ -88.6127, 46.0045 ], [ -88.6069, 46.0084 ], [ -88.6074, 46.011 ], [ -88.6014, 46.0176 ], [ -88.5939, 46.0151 ], [ -88.589, 46.0051 ], [ -88.5807, 46.007 ], [ -88.5655, 46.0157 ], [ -88.5508, 46.0129 ], [ -88.5411, 46.0138 ], [ -88.5329, 46.0181 ], [ -88.5342, 46.0209 ], [ -88.5146, 46.0199 ], [ -88.5062, 46.0171 ], [ -88.5065, 46.0111 ], [ -88.5001, 46.0005 ], [ -88.4969, 45.999 ], [ -88.4974, 45.9951 ], [ -88.4925, 45.9922 ], [ -88.4868, 45.9909 ], [ -88.476, 45.9928 ], [ -88.4747, 45.9988 ], [ -88.4709, 46.001 ], [ -88.4587, 45.9994 ], [ -88.4538, 45.997 ], [ -88.4543, 45.9934 ], [ -88.4503, 45.9902 ], [ -88.4407, 45.9908 ], [ -88.4348, 45.9883 ], [ -88.4339, 45.9856 ], [ -88.4261, 45.9841 ], [ -88.423, 45.9785 ], [ -88.4169, 45.9753 ], [ -88.4099, 45.9797 ], [ -88.3953, 45.9804 ], [ -88.3879, 45.9832 ], [ -88.3852, 45.9902 ], [ -88.3802, 45.9916 ], [ -88.3714, 45.9854 ], [ -88.3454, 45.974 ], [ -88.3414, 45.9687 ], [ -88.3347, 45.9686 ], [ -88.3301, 45.9659 ], [ -88.3279, 45.9589 ], [ -88.3303, 45.9566 ], [ -88.3269, 45.9551 ], [ -88.3205, 45.96 ], [ -88.3197, 45.9636 ], [ -88.2924, 45.9511 ], [ -88.285, 45.9553 ], [ -88.2689, 45.9564 ], [ -88.2593, 45.9595 ], [ -88.2548, 45.9635 ], [ -88.2464, 45.9634 ], [ -88.2466, 45.9566 ], [ -88.2425, 45.9504 ], [ -88.2331, 45.9474 ], [ -88.2102, 45.9477 ], [ -88.2153, 45.9361 ], [ -88.2211, 45.9321 ], [ -88.2211, 45.9248 ], [ -88.2242, 45.9207 ], [ -88.2092, 45.9205 ], [ -88.2093, 45.9093 ], [ -88.1988, 45.9085 ], [ -88.1985, 45.8977 ], [ -88.2227, 45.8961 ], [ -88.2262, 45.8974 ], [ -88.2386, 45.9066 ], [ -88.2402, 45.9032 ], [ -88.2491, 45.9091 ], [ -88.2521, 45.9186 ], [ -88.2583, 45.9221 ], [ -88.2687, 45.9114 ], [ -88.279, 45.9082 ], [ -88.2976, 45.9066 ], [ -88.3032, 45.9085 ], [ -88.3665, 45.909 ], [ -88.3675, 45.8994 ], [ -88.3778, 45.8962 ], [ -88.3795, 45.8914 ], [ -88.3838, 45.8933 ], [ -88.3844, 45.8982 ], [ -88.3875, 45.8984 ], [ -88.3893, 45.8951 ], [ -88.3957, 45.8954 ], [ -88.402, 45.8979 ], [ -88.4115, 45.8984 ], [ -88.4131, 45.9032 ], [ -88.4171, 45.904 ], [ -88.4203, 45.9022 ], [ -88.4229, 45.9049 ], [ -88.4333, 45.903 ], [ -88.4409, 45.8987 ], [ -88.4439, 45.8989 ], [ -88.4437, 45.9017 ], [ -88.4519, 45.9024 ], [ -88.4621, 45.8954 ], [ -88.4674, 45.8955 ], [ -88.4721, 45.8921 ], [ -88.4784, 45.8939 ], [ -88.488, 45.8898 ], [ -88.4928, 45.8932 ], [ -88.4986, 45.8904 ], [ -88.4956, 45.889 ], [ -88.5007, 45.8873 ], [ -88.5118, 45.8905 ], [ -88.5131, 45.8882 ], [ -88.5209, 45.8882 ], [ -88.5239, 45.8932 ], [ -88.5307, 45.8877 ], [ -88.5431, 45.8931 ], [ -88.5707, 45.8946 ], [ -88.5755, 45.8876 ], [ -88.5821, 45.8862 ], [ -88.5856, 45.8812 ], [ -88.5886, 45.8813 ], [ -88.5881, 45.8837 ], [ -88.5917, 45.8823 ], [ -88.6049, 45.8713 ], [ -88.6085, 45.8718 ], [ -88.6229, 45.8784 ], [ -88.6299, 45.8778 ], [ -88.6313, 45.8849 ], [ -88.6399, 45.8851 ], [ -88.6524, 45.8918 ], [ -88.6633, 45.8895 ], [ -88.6704, 45.892 ], [ -88.6756, 45.8893 ], [ -88.6744, 45.9809 ], [ -88.6746, 45.9823 ], [ -88.6842, 45.9824 ], [ -88.6833, 46.0141 ] ] ] } },
{ "type": "Feature", "properties": { "GEOID": "55029100100", "county": "Census Tract 1001" }, "geometry": { "type": "MultiPolygon", "coordinates": [ [ [ [ -86.9561, 45.3423 ], [ -86.9546, 45.3586 ], [ -86.9483, 45.3557 ], [ -86.9463, 45.3587 ], [ -86.9552, 45.3837 ], [ -86.943, 45.4153 ], [ -86.9374, 45.421 ], [ -86.9343, 45.4211 ], [ -86.9305, 45.4175 ], [ -86.9271, 45.4091 ], [ -86.9292, 45.399 ], [ -86.9235, 45.3973 ], [ -86.9143, 45.4082 ], [ -86.8929, 45.409 ], [ -86.8775, 45.414 ], [ -86.8615, 45.4121 ], [ -86.8531, 45.4055 ], [ -86.8303, 45.4108 ], [ -86.8309, 45.426 ], [ -86.8287, 45.4285 ], [ -86.8171, 45.427 ], [ -86.81, 45.4226 ], [ -86.8054, 45.4073 ], [ -86.8083, 45.4061 ], [ -86.8181, 45.4081 ], [ -86.8244, 45.4061 ], [ -86.8411, 45.3866 ], [ -86.8494, 45.3701 ], [ -86.8531, 45.3709 ], [ -86.8636, 45.3649 ], [ -86.8636, 45.3559 ], [ -86.8686, 45.3496 ], [ -86.8665, 45.3357 ], [ -86.8751, 45.3309 ], [ -86.8915, 45.3382 ], [ -86.9004, 45.336 ], [ -86.9032, 45.3331 ], [ -86.9091, 45.3228 ], [ -86.9087, 45.3166 ], [ -86.9004, 45.3115 ], [ -86.8971, 45.2961 ], [ -86.9049, 45.2968 ], [ -86.903, 45.302 ], [ -86.9067, 45.3105 ], [ -86.9182, 45.317 ], [ -86.9272, 45.3297 ], [ -86.9317, 45.3324 ], [ -86.9481, 45.3353 ], [ -86.9561, 45.3423 ] ] ], [ [ [ -86.9605, 45.3111 ], [ -86.9579, 45.3151 ], [ -86.9476, 45.3123 ], [ -86.9432, 45.3046 ], [ -86.9442, 45.3006 ], [ -86.9572, 45.3048 ], [ -86.9605, 45.3111 ] ] ], [ [ [ -87.1324, 45.1636 ], [ -87.1119, 45.1637 ], [ -87.1119, 45.1857 ], [ -87.0912, 45.1857 ], [ -87.0919, 45.2004 ], [ -87.1196, 45.2002 ], [ -87.1228, 45.223 ], [ -87.1164, 45.2415 ], [ -87.1098, 45.2483 ], [ -87.1087, 45.257 ], [ -87.0997, 45.2596 ], [ -87.0842, 45.2537 ], [ -87.0775, 45.2527 ], [ -87.0747, 45.2555 ], [ -87.0783, 45.2657 ], [ -87.0737, 45.2721 ], [ -87.0674, 45.2958 ], [ -87.0597, 45.2988 ], [ -87.0517, 45.2859 ], [ -87.0439, 45.2848 ], [ -87.0383, 45.2879 ], [ -87.0255, 45.2856 ], [ -87.0221, 45.2875 ], [ -87.0224, 45.2949 ], [ -87.017, 45.2993 ], [ -87.0075, 45.2945 ], [ -86.9977, 45.2982 ], [ -86.9834, 45.2954 ], [ -86.9725, 45.2841 ], [ -86.9703, 45.2785 ], [ -86.9745, 45.2718 ], [ -86.9844, 45.2644 ], [ -86.9824, 45.2482 ], [ -86.9735, 45.2458 ], [ -86.9734, 45.2433 ], [ -86.985, 45.2386 ], [ -86.9864, 45.2333 ], [ -86.9796, 45.225 ], [ -86.9854, 45.2158 ], [ -86.9925, 45.2179 ], [ -86.9963, 45.2139 ], [ -87.0028, 45.2118 ], [ -87.0107, 45.2267 ], [ -87.0211, 45.231 ], [ -87.022, 45.2332 ], [ -87.0368, 45.2316 ], [ -87.0394, 45.2274 ], [ -87.0358, 45.225 ], [ -87.0386, 45.2216 ], [ -87.0329, 45.2185 ], [ -87.0337, 45.2139 ], [ -87.0416, 45.2113 ], [ -87.039, 45.1983 ], [ -87.0465, 45.1724 ], [ -87.0438, 45.1608 ], [ -87.0458, 45.1587 ], [ -87.0303, 45.1481 ], [ -87.0299, 45.1454 ], [ -87.0407, 45.1375 ], [ -87.0505, 45.1366 ], [ -87.0506, 45.1398 ], [ -87.0559, 45.1426 ], [ -87.056, 45.1475 ], [ -87.066, 45.1574 ], [ -87.0794, 45.1563 ], [ -87.0806, 45.148 ], [ -87.085, 45.1449 ], [ -87.0776, 45.1354 ], [ -87.0765, 45.1289 ], [ -87.0727, 45.1275 ], [ -87.1325, 45.1273 ], [ -87.1324, 45.1636 ] ] ] ] } },
{ "type": "Feature", "properties": { "GEOID": "55025000409", "county": "Census Tract 4.09" }, "geometry": { "type": "Polygon", "coordinates": [ [ [ -89.5186, 43.0317 ], [ -89.5178, 43.052 ], [ -89.5031, 43.0501 ], [ -89.5049, 43.0403 ], [ -89.497, 43.0358 ], [ -89.4969, 43.0318 ], [ -89.5186, 43.0317 ] ] ] } },
{ "type": "Feature", "properties": { "GEOID": "55139000502", "county": "Census Tract 5.02" }, "geometry": { "type": "Polygon", "coordinates": [ [ [ -88.5426, 44.0219 ], [ -88.5425, 44.0321 ], [ -88.5276, 44.0322 ], [ -88.5275, 44.025 ], [ -88.5365, 44.0249 ], [ -88.5384, 44.0202 ], [ -88.5426, 44.0219 ] ] ] } },
{ "type": "Feature", "properties": { "GEOID": "55039042200", "county": "Census Tract 422" }, "geometry": { "type": "Polygon", "coordinates": [ [ [ -88.401, 43.6309 ], [ -88.16, 43.6305 ], [ -88.1609, 43.5429 ], [ -88.4004, 43.5435 ], [ -88.401, 43.6309 ] ] ] } },
{ "type": "Feature", "properties": { "GEOID": "55079187000", "county": "Census Tract 1870" }, "geometry": { "type": "Polygon", "coordinates": [ [ [ -87.897, 43.0463 ], [ -87.8838, 43.0601 ], [ -87.8794, 43.0594 ], [ -87.8831, 43.0556 ], [ -87.8902, 43.0534 ], [ -87.897, 43.0463 ] ] ] } },
{ "type": "Feature", "properties": { "GEOID": "55079014100", "county": "Census Tract 141" }, "geometry": { "type": "Polygon", "coordinates": [ [ [ -87.9271, 43.0458 ], [ -87.9271, 43.0526 ], [ -87.9143, 43.0512 ], [ -87.9144, 43.0457 ], [ -87.9271, 43.0458 ] ] ] } },
{ "type": "Feature", "properties": { "GEOID": "55059001402", "county": "Census Tract 14.02" }, "geometry": { "type": "Polygon", "coordinates": [ [ [ -87.8875, 42.5671 ], [ -87.8842, 42.5815 ], [ -87.8616, 42.5811 ], [ -87.8614, 42.5774 ], [ -87.8696, 42.5736 ], [ -87.87, 42.5705 ], [ -87.8764, 42.5705 ], [ -87.8763, 42.5665 ], [ -87.8875, 42.5671 ] ] ] } },
{ "type": "Feature", "properties": { "GEOID": "55131450105", "county": "Census Tract 4501.05" }, "geometry": { "type": "Polygon", "coordinates": [ [ [ -88.2976, 43.3695 ], [ -88.2012, 43.3689 ], [ -88.2014, 43.3387 ], [ -88.1977, 43.3388 ], [ -88.1967, 43.3288 ], [ -88.2012, 43.3277 ], [ -88.2009, 43.2883 ], [ -88.2806, 43.3463 ], [ -88.2976, 43.3695 ] ] ] } },
{ "type": "Feature", "properties": { "GEOID": "55025000600", "county": "Census Tract 6" }, "geometry": { "type": "Polygon", "coordinates": [ [ [ -89.4726, 43.0155 ], [ -89.4599, 43.0315 ], [ -89.4587, 43.0394 ], [ -89.4436, 43.0348 ], [ -89.4553, 43.0154 ], [ -89.4726, 43.0155 ] ] ] } },
{ "type": "Feature", "properties": { "GEOID": "55133203107", "county": "Census Tract 2031.07" }, "geometry": { "type": "Polygon", "coordinates": [ [ [ -88.3047, 43.021 ], [ -88.3045, 43.0413 ], [ -88.2839, 43.0361 ], [ -88.276, 43.0322 ], [ -88.2559, 43.0321 ], [ -88.2558, 43.0219 ], [ -88.3047, 43.021 ] ] ] } },
{ "type": "Feature", "properties": { "GEOID": "55109120100", "county": "Census Tract 1201" }, "geometry": { "type": "Polygon", "coordinates": [ [ [ -92.7703, 44.9789 ], [ -92.7612, 44.9806 ], [ -92.7616, 44.9858 ], [ -92.7588, 44.9892 ], [ -92.7573, 44.9866 ], [ -92.7452, 44.9833 ], [ -92.7452, 44.977 ], [ -92.7568, 44.9738 ], [ -92.7472, 44.9634 ], [ -92.7398, 44.9635 ], [ -92.7593, 44.9628 ], [ -92.7685, 44.9698 ], [ -92.7703, 44.9789 ] ] ] } },
{ "type": "Feature", "properties": { "GEOID": "55059000604", "county": "Census Tract 6.04" }, "geometry": { "type": "Polygon", "coordinates": [ [ [ -87.8657, 42.625 ], [ -87.8583, 42.6249 ], [ -87.8584, 42.6395 ], [ -87.8458, 42.6391 ], [ -87.8458, 42.6136 ], [ -87.8657, 42.614 ], [ -87.8657, 42.625 ] ] ] } },
{ "type": "Feature", "properties": { "GEOID": "55133203404", "county": "Census Tract 2034.04" }, "geometry": { "type": "Polygon", "coordinates": [ [ [ -88.2436, 43.1427 ], [ -88.1845, 43.1333 ], [ -88.1857, 43.1047 ], [ -88.201, 43.1047 ], [ -88.2046, 43.112 ], [ -88.2103, 43.112 ], [ -88.2096, 43.1291 ], [ -88.2182, 43.1337 ], [ -88.2375, 43.1342 ], [ -88.2438, 43.1372 ], [ -88.2436, 43.1427 ] ] ] } },
{ "type": "Feature", "properties": { "GEOID": "55035001401", "county": "Census Tract 14.01" }, "geometry": { "type": "Polygon", "coordinates": [ [ [ -91.5475, 44.8432 ], [ -91.5245, 44.8379 ], [ -91.5241, 44.8328 ], [ -91.5285, 44.8349 ], [ -91.5285, 44.8187 ], [ -91.5243, 44.819 ], [ -91.524, 44.8136 ], [ -91.5395, 44.8143 ], [ -91.5439, 44.8217 ], [ -91.5447, 44.8396 ], [ -91.5475, 44.8432 ] ] ] } },
{ "type": "Feature", "properties": { "GEOID": "55025000410", "county": "Census Tract 4.10" }, "geometry": { "type": "Polygon", "coordinates": [ [ [ -89.5223, 43.0605 ], [ -89.5028, 43.0607 ], [ -89.5031, 43.0501 ], [ -89.5178, 43.052 ], [ -89.5223, 43.0605 ] ] ] } },
{ "type": "Feature", "properties": { "GEOID": "55025010801", "county": "Census Tract 108.01" }, "geometry": { "type": "Polygon", "coordinates": [ [ [ -89.5335, 42.9905 ], [ -89.5335, 43.0161 ], [ -89.4989, 43.0157 ], [ -89.4989, 43.0025 ], [ -89.5047, 42.9963 ], [ -89.5335, 42.9905 ] ] ] } },
{ "type": "Feature", "properties": { "GEOID": "55079160302", "county": "Census Tract 1603.02" }, "geometry": { "type": "Polygon", "coordinates": [ [ [ -87.9519, 42.8435 ], [ -87.9513, 42.8727 ], [ -87.8892, 42.8718 ], [ -87.8874, 42.8573 ], [ -87.9133, 42.8576 ], [ -87.9141, 42.8427 ], [ -87.9519, 42.8435 ] ] ] } },
{ "type": "Feature", "properties": { "GEOID": "55139001600", "county": "Census Tract 16" }, "geometry": { "type": "Polygon", "coordinates": [ [ [ -88.5429, 44.054 ], [ -88.5433, 44.0975 ], [ -88.4046, 44.0983 ], [ -88.4041, 44.0513 ], [ -88.528, 44.0515 ], [ -88.5328, 44.0541 ], [ -88.5429, 44.054 ] ] ] } },
{ "type": "Feature", "properties": { "GEOID": "55079000101", "county": "Census Tract 1.01" }, "geometry": { "type": "Polygon", "coordinates": [ [ [ -88.0243, 43.1776 ], [ -88.0237, 43.1925 ], [ -87.9942, 43.1925 ], [ -87.9945, 43.1777 ], [ -88.0243, 43.1776 ] ] ] } },
{ "type": "Feature", "properties": { "GEOID": "55101001706", "county": "Census Tract 17.06" }, "geometry": { "type": "Polygon", "coordinates": [ [ [ -87.8775, 42.7397 ], [ -87.846, 42.7371 ], [ -87.8461, 42.7189 ], [ -87.8772, 42.7191 ], [ -87.8775, 42.7397 ] ] ] } },
{ "type": "Feature", "properties": { "GEOID": "55133203307", "county": "Census Tract 2033.07" }, "geometry": { "type": "Polygon", "coordinates": [ [ [ -88.251, 43.0495 ], [ -88.2515, 43.0784 ], [ -88.2058, 43.0588 ], [ -88.2079, 43.0479 ], [ -88.227, 43.0491 ], [ -88.2456, 43.0462 ], [ -88.251, 43.0495 ] ] ] } },
{ "type": "Feature", "properties": { "GEOID": "55131420108", "county": "Census Tract 4201.08" }, "geometry": { "type": "Polygon", "coordinates": [ [ [ -88.2817, 43.4275 ], [ -88.226, 43.4273 ], [ -88.2261, 43.4136 ], [ -88.2311, 43.412 ], [ -88.2308, 43.3983 ], [ -88.241, 43.3982 ], [ -88.2412, 43.3847 ], [ -88.249, 43.3772 ], [ -88.2547, 43.3751 ], [ -88.258, 43.3693 ], [ -88.281, 43.3694 ], [ -88.2817, 43.4275 ] ] ] } },
{ "type": "Feature", "properties": { "GEOID": "55127000303", "county": "Census Tract 3.03" }, "geometry": { "type": "Polygon", "coordinates": [ [ [ -88.6028, 42.757 ], [ -88.6028, 42.7771 ], [ -88.5629, 42.7963 ], [ -88.5529, 42.8001 ], [ -88.543, 42.8001 ], [ -88.5435, 42.7462 ], [ -88.5724, 42.7319 ], [ -88.5921, 42.735 ], [ -88.5927, 42.7485 ], [ -88.6028, 42.757 ] ] ] } },
{ "type": "Feature", "properties": { "GEOID": "55033970801", "county": "Census Tract 9708.01" }, "geometry": { "type": "Polygon", "coordinates": [ [ [ -91.9298, 44.8647 ], [ -91.9297, 44.879 ], [ -91.9223, 44.8767 ], [ -91.9208, 44.8701 ], [ -91.917, 44.8692 ], [ -91.9246, 44.8684 ], [ -91.9246, 44.8647 ], [ -91.9298, 44.8647 ] ] ] } },
{ "type": "Feature", "properties": { "GEOID": "55105000100", "county": "Census Tract 1" }, "geometry": { "type": "Polygon", "coordinates": [ [ [ -89.0321, 42.6793 ], [ -89.0276, 42.6862 ], [ -89.0168, 42.6883 ], [ -89.0176, 42.6842 ], [ -89.0227, 42.681 ], [ -89.0321, 42.6793 ] ] ] } },
{ "type": "Feature", "properties": { "GEOID": "55059002801", "county": "Census Tract 28.01" }, "geometry": { "type": "Polygon", "coordinates": [ [ [ -88.3059, 42.6108 ], [ -88.1836, 42.6115 ], [ -88.1833, 42.5897 ], [ -88.188, 42.5844 ], [ -88.1879, 42.5534 ], [ -88.3053, 42.5527 ], [ -88.3059, 42.6108 ] ] ] } },
{ "type": "Feature", "properties": { "GEOID": "55039041102", "county": "Census Tract 411.02" }, "geometry": { "type": "Polygon", "coordinates": [ [ [ -88.4266, 43.8034 ], [ -88.4019, 43.8278 ], [ -88.4017, 43.7619 ], [ -88.4156, 43.7622 ], [ -88.4181, 43.7639 ], [ -88.4216, 43.7715 ], [ -88.4218, 43.7877 ], [ -88.4256, 43.7908 ], [ -88.4258, 43.7979 ], [ -88.4222, 43.7996 ], [ -88.4266, 43.8008 ], [ -88.4266, 43.8034 ] ] ] } },
{ "type": "Feature", "properties": { "GEOID": "55005000601", "county": "Census Tract 6.01" }, "geometry": { "type": "Polygon", "coordinates": [ [ [ -91.7431, 45.4566 ], [ -91.7352, 45.4892 ], [ -91.7228, 45.489 ], [ -91.7231, 45.4857 ], [ -91.715, 45.4827 ], [ -91.7044, 45.4843 ], [ -91.7042, 45.4872 ], [ -91.6881, 45.4873 ], [ -91.6889, 45.4771 ], [ -91.6919, 45.4744 ], [ -91.6971, 45.4752 ], [ -91.7005, 45.4702 ], [ -91.7094, 45.4707 ], [ -91.7096, 45.4674 ], [ -91.7162, 45.4646 ], [ -91.7178, 45.461 ], [ -91.7318, 45.4568 ], [ -91.7431, 45.4566 ] ] ] } },
{ "type": "Feature", "properties": { "GEOID": "55011960100", "county": "Census Tract 9601" }, "geometry": { "type": "Polygon", "coordinates": [ [ [ -91.9008, 44.56 ], [ -91.8818, 44.5601 ], [ -91.8774, 44.5619 ], [ -91.8771, 44.568 ], [ -91.8671, 44.5851 ], [ -91.873, 44.5852 ], [ -91.8732, 44.5966 ], [ -91.7057, 44.5968 ], [ -91.7062, 44.5773 ], [ -91.6951, 44.575 ], [ -91.686, 44.5681 ], [ -91.6909, 44.5678 ], [ -91.6855, 44.5619 ], [ -91.6887, 44.5598 ], [ -91.6877, 44.5553 ], [ -91.683, 44.5596 ], [ -91.6809, 44.5584 ], [ -91.6747, 44.5618 ], [ -91.6706, 44.5616 ], [ -91.6702, 44.5534 ], [ -91.615, 44.5535 ], [ -91.6151, 44.5705 ], [ -91.6047, 44.5724 ], [ -91.6048, 44.5812 ], [ -91.6145, 44.5856 ], [ -91.6366, 44.5893 ], [ -91.6313, 44.5966 ], [ -91.5291, 44.5962 ], [ -91.529, 44.3285 ], [ -91.5322, 44.3307 ], [ -91.5385, 44.3465 ], [ -91.5514, 44.3513 ], [ -91.5555, 44.3467 ], [ -91.5819, 44.3385 ], [ -91.5849, 44.3315 ], [ -91.5917, 44.3295 ], [ -91.5981, 44.324 ], [ -91.598, 44.3148 ], [ -91.6015, 44.3116 ], [ -91.6148, 44.3114 ], [ -91.6188, 44.3096 ], [ -91.6257, 44.3165 ], [ -91.6387, 44.3183 ], [ -91.6566, 44.3262 ], [ -91.6865, 44.3262 ], [ -91.6653, 44.3413 ], [ -91.6653, 44.3548 ], [ -91.6622, 44.3633 ], [ -91.6527, 44.3759 ], [ -91.6623, 44.388 ], [ -91.6749, 44.3955 ], [ -91.6791, 44.4011 ], [ -91.6789, 44.4074 ], [ -91.687, 44.411 ], [ -91.6837, 44.4153 ], [ -91.6709, 44.423 ], [ -91.6694, 44.4291 ], [ -91.6996, 44.4622 ], [ -91.7065, 44.4586 ], [ -91.7147, 44.4585 ], [ -91.7157, 44.4554 ], [ -91.7256, 44.4516 ], [ -91.7455, 44.4515 ], [ -91.7461, 44.4407 ], [ -91.7499, 44.4368 ], [ -91.7668, 44.4368 ], [ -91.7764, 44.4395 ], [ -91.7925, 44.4255 ], [ -91.802, 44.4218 ], [ -91.8063, 44.4251 ], [ -91.8043, 44.4297 ], [ -91.8106, 44.4299 ], [ -91.8245, 44.437 ], [ -91.8347, 44.438 ], [ -91.8425, 44.4368 ], [ -91.8507, 44.4219 ], [ -91.8579, 44.418 ], [ -91.859, 44.4242 ], [ -91.8649, 44.4297 ], [ -91.8795, 44.4379 ], [ -91.8932, 44.4394 ], [ -91.8895, 44.442 ], [ -91.8826, 44.4557 ], [ -91.8821, 44.4649 ], [ -91.8778, 44.4711 ], [ -91.8838, 44.4789 ], [ -91.8929, 44.4817 ], [ -91.8926, 44.5239 ], [ -91.8846, 44.5242 ], [ -91.8843, 44.5316 ], [ -91.8862, 44.5422 ], [ -91.9008, 44.56 ] ] ] } },
{ "type": "Feature", "properties": { "GEOID": "55025010504", "county": "Census Tract 105.04" }, "geometry": { "type": "Polygon", "coordinates": [ [ [ -89.3083, 43.0121 ], [ -89.3043, 43.0157 ], [ -89.3074, 43.0255 ], [ -89.2859, 43.0261 ], [ -89.2866, 43.0157 ], [ -89.2984, 43.0066 ], [ -89.3024, 43.0044 ], [ -89.3021, 43.0075 ], [ -89.3073, 43.0086 ], [ -89.3083, 43.0121 ] ] ] } },
{ "type": "Feature", "properties": { "GEOID": "55009010201", "county": "Census Tract 102.01" }, "geometry": { "type": "Polygon", "coordinates": [ [ [ -88.0993, 44.4162 ], [ -88.0734, 44.4413 ], [ -88.0764, 44.4481 ], [ -88.0897, 44.4527 ], [ -88.0867, 44.4569 ], [ -88.079, 44.4572 ], [ -88.071, 44.4661 ], [ -88.0578, 44.4621 ], [ -88.0683, 44.4536 ], [ -88.0632, 44.4446 ], [ -88.0781, 44.4239 ], [ -88.0891, 44.4167 ], [ -88.0915, 44.4187 ], [ -88.0993, 44.4162 ] ] ] } },
{ "type": "Feature", "properties": { "GEOID": "55009000200", "county": "Census Tract 2" }, "geometry": { "type": "Polygon", "coordinates": [ [ [ -88.0552, 44.5367 ], [ -88.0475, 44.548 ], [ -88.0285, 44.5334 ], [ -88.0236, 44.5266 ], [ -88.0269, 44.5217 ], [ -88.0402, 44.5263 ], [ -88.0419, 44.5281 ], [ -88.04, 44.531 ], [ -88.0552, 44.5367 ] ] ] } },
{ "type": "Feature", "properties": { "GEOID": "55009001300", "county": "Census Tract 13" }, "geometry": { "type": "Polygon", "coordinates": [ [ [ -88.0208, 44.4974 ], [ -88.013, 44.5087 ], [ -88.0087, 44.5072 ], [ -88.0071, 44.5096 ], [ -88.0014, 44.5076 ], [ -88.0109, 44.4939 ], [ -88.0208, 44.4974 ] ] ] } },
{ "type": "Feature", "properties": { "GEOID": "55101001900", "county": "Census Tract 19" }, "geometry": { "type": "Polygon", "coordinates": [ [ [ -88.0718, 42.7571 ], [ -88.0699, 42.8433 ], [ -87.9519, 42.8435 ], [ -87.9536, 42.757 ], [ -88.0718, 42.7571 ] ] ] } },
{ "type": "Feature", "properties": { "GEOID": "55127000501", "county": "Census Tract 5.01" }, "geometry": { "type": "Polygon", "coordinates": [ [ [ -88.775, 42.8427 ], [ -88.7717, 42.8428 ], [ -88.7347, 42.8427 ], [ -88.7372, 42.8407 ], [ -88.7374, 42.835 ], [ -88.7609, 42.8347 ], [ -88.775, 42.8427 ] ] ] } },
{ "type": "Feature", "properties": { "GEOID": "55025001200", "county": "Census Tract 12" }, "geometry": { "type": "Polygon", "coordinates": [ [ [ -89.421, 43.0624 ], [ -89.4128, 43.0678 ], [ -89.3974, 43.0676 ], [ -89.3894, 43.0639 ], [ -89.3989, 43.063 ], [ -89.399, 43.059 ], [ -89.404, 43.0567 ], [ -89.4171, 43.0585 ], [ -89.421, 43.0624 ] ] ] } },
{ "type": "Feature", "properties": { "GEOID": "55031020300", "county": "Census Tract 203" }, "geometry": { "type": "Polygon", "coordinates": [ [ [ -92.1009, 46.7207 ], [ -92.1008, 46.7286 ], [ -92.0859, 46.7286 ], [ -92.0713, 46.736 ], [ -92.0648, 46.7313 ], [ -92.0735, 46.7256 ], [ -92.0684, 46.7223 ], [ -92.0772, 46.7206 ], [ -92.1009, 46.7207 ] ] ] } },
{ "type": "Feature", "properties": { "GEOID": "55025000408", "county": "Census Tract 4.08" }, "geometry": { "type": "Polygon", "coordinates": [ [ [ -89.5032, 43.0462 ], [ -89.5028, 43.0607 ], [ -89.4721, 43.0609 ], [ -89.4735, 43.046 ], [ -89.5032, 43.0462 ] ] ] } },
{ "type": "Feature", "properties": { "GEOID": "55137960300", "county": "Census Tract 9603" }, "geometry": { "type": "Polygon", "coordinates": [ [ [ -89.598, 44.2457 ], [ -89.247, 44.2437 ], [ -89.2473, 44.1847 ], [ -89.2293, 44.1849 ], [ -89.2291, 44.1557 ], [ -89.2525, 44.1558 ], [ -89.2545, 44.1582 ], [ -89.2573, 44.1558 ], [ -89.5977, 44.1561 ], [ -89.598, 44.2457 ] ] ] } },
{ "type": "Feature", "properties": { "GEOID": "55055100200", "county": "Census Tract 1002" }, "geometry": { "type": "Polygon", "coordinates": [ [ [ -88.7266, 43.1874 ], [ -88.7244, 43.1977 ], [ -88.7115, 43.1974 ], [ -88.7062, 43.1899 ], [ -88.71, 43.1906 ], [ -88.708, 43.1874 ], [ -88.7194, 43.1883 ], [ -88.7177, 43.184 ], [ -88.7266, 43.1874 ] ] ] } },
{ "type": "Feature", "properties": { "GEOID": "55079090700", "county": "Census Tract 907" }, "geometry": { "type": "Polygon", "coordinates": [ [ [ -88.0345, 43.0599 ], [ -88.0373, 43.0671 ], [ -88.0225, 43.0674 ], [ -88.0209, 43.0559 ], [ -88.016, 43.0523 ], [ -88.01, 43.0525 ], [ -88.0081, 43.0494 ], [ -88.0205, 43.0504 ], [ -88.0345, 43.0599 ] ] ] } },
{ "type": "Feature", "properties": { "GEOID": "55079009500", "county": "Census Tract 95" }, "geometry": { "type": "Polygon", "coordinates": [ [ [ -87.9788, 43.0491 ], [ -87.9788, 43.0571 ], [ -87.9719, 43.0571 ], [ -87.9721, 43.0488 ], [ -87.9788, 43.0491 ] ] ] } },
{ "type": "Feature", "properties": { "GEOID": "55079007600", "county": "Census Tract 76" }, "geometry": { "type": "Polygon", "coordinates": [ [ [ -87.8831, 43.0608 ], [ -87.883, 43.0674 ], [ -87.8734, 43.0673 ], [ -87.8766, 43.0608 ], [ -87.8794, 43.0594 ], [ -87.8831, 43.0608 ] ] ] } },
{ "type": "Feature", "properties": { "GEOID": "55079019500", "county": "Census Tract 195" }, "geometry": { "type": "Polygon", "coordinates": [ [ [ -88.0375, 42.9809 ], [ -88.0177, 42.981 ], [ -88.0178, 42.9737 ], [ -88.0377, 42.9736 ], [ -88.0375, 42.9809 ] ] ] } },
{ "type": "Feature", "properties": { "GEOID": "55079016900", "county": "Census Tract 169" }, "geometry": { "type": "Polygon", "coordinates": [ [ [ -87.9418, 43.0078 ], [ -87.9423, 43.0124 ], [ -87.9331, 43.0123 ], [ -87.9332, 43.0065 ], [ -87.9418, 43.0078 ] ] ] } },
{ "type": "Feature", "properties": { "GEOID": "55079186100", "county": "Census Tract 1861" }, "geometry": { "type": "Polygon", "coordinates": [ [ [ -87.9478, 43.0459 ], [ -87.9477, 43.0514 ], [ -87.9377, 43.0514 ], [ -87.9378, 43.0458 ], [ -87.9478, 43.0459 ] ] ] } },
{ "type": "Feature", "properties": { "GEOID": "55141011500", "county": "Census Tract 115" }, "geometry": { "type": "Polygon", "coordinates": [ [ [ -89.8018, 44.3515 ], [ -89.8017, 44.3623 ], [ -89.7864, 44.3623 ], [ -89.7867, 44.3947 ], [ -89.7251, 44.3951 ], [ -89.7246, 44.3371 ], [ -89.7904, 44.3369 ], [ -89.7909, 44.3442 ], [ -89.796, 44.3441 ], [ -89.7966, 44.3515 ], [ -89.8018, 44.3515 ] ] ] } },
{ "type": "Feature", "properties": { "GEOID": "55105000700", "county": "Census Tract 7" }, "geometry": { "type": "Polygon", "coordinates": [ [ [ -89.009, 42.7008 ], [ -88.9931, 42.7258 ], [ -88.9855, 42.719 ], [ -88.9842, 42.7003 ], [ -89.009, 42.7008 ] ] ] } },
{ "type": "Feature", "properties": { "GEOID": "55087010800", "county": "Census Tract 108" }, "geometry": { "type": "Polygon", "coordinates": [ [ [ -88.429, 44.2443 ], [ -88.4188, 44.2514 ], [ -88.4065, 44.2567 ], [ -88.4041, 44.2441 ], [ -88.429, 44.2443 ] ] ] } },
{ "type": "Feature", "properties": { "GEOID": "55131420106", "county": "Census Tract 4201.06" }, "geometry": { "type": "Polygon", "coordinates": [ [ [ -88.2215, 43.4558 ], [ -88.2011, 43.455 ], [ -88.1944, 43.4513 ], [ -88.1866, 43.4413 ], [ -88.1908, 43.4414 ], [ -88.1907, 43.4342 ], [ -88.2161, 43.4331 ], [ -88.2212, 43.439 ], [ -88.2215, 43.4558 ] ] ] } },
{ "type": "Feature", "properties": { "GEOID": "55139001400", "county": "Census Tract 14" }, "geometry": { "type": "Polygon", "coordinates": [ [ [ -88.5825, 43.9902 ], [ -88.5625, 44.0044 ], [ -88.545, 44.0064 ], [ -88.545, 43.9958 ], [ -88.5487, 43.9958 ], [ -88.5446, 43.99 ], [ -88.5529, 43.9813 ], [ -88.5826, 43.9816 ], [ -88.5825, 43.9902 ] ] ] } },
{ "type": "Feature", "properties": { "GEOID": "55099970100", "county": "Census Tract 9701" }, "geometry": { "type": "Polygon", "coordinates": [ [ [ -90.6778, 45.8448 ], [ -90.677, 45.9815 ], [ -90.4083, 45.9815 ], [ -90.4124, 45.9778 ], [ -90.4185, 45.9775 ], [ -90.4185, 45.97 ], [ -90.4261, 45.9627 ], [ -90.431, 45.9526 ], [ -90.4476, 45.9526 ], [ -90.4476, 45.9454 ], [ -90.4681, 45.9489 ], [ -90.4693, 45.9111 ], [ -90.4745, 45.9018 ], [ -90.4645, 45.9027 ], [ -90.4486, 45.9129 ], [ -90.4366, 45.9024 ], [ -90.4263, 45.9025 ], [ -90.427, 45.9384 ], [ -90.4139, 45.9386 ], [ -90.4073, 45.9419 ], [ -90.3608, 45.9421 ], [ -90.3309, 45.9464 ], [ -90.3358, 45.9509 ], [ -90.3319, 45.9558 ], [ -90.3336, 45.9609 ], [ -90.3372, 45.9627 ], [ -90.3338, 45.9758 ], [ -90.3301, 45.9765 ], [ -90.3282, 45.9814 ], [ -90.044, 45.9819 ], [ -90.0438, 45.6626 ], [ -90.0556, 45.6597 ], [ -90.0636, 45.6509 ], [ -90.0754, 45.6512 ], [ -90.0794, 45.6443 ], [ -90.0952, 45.6457 ], [ -90.0991, 45.6578 ], [ -90.1048, 45.6602 ], [ -90.105, 45.6724 ], [ -90.1014, 45.6761 ], [ -90.1036, 45.6948 ], [ -90.1012, 45.7006 ], [ -90.1066, 45.7117 ], [ -90.1239, 45.7183 ], [ -90.131, 45.7137 ], [ -90.1347, 45.7058 ], [ -90.1413, 45.7034 ], [ -90.1514, 45.7062 ], [ -90.1671, 45.7166 ], [ -90.1679, 45.7283 ], [ -90.1638, 45.7335 ], [ -90.1644, 45.743 ], [ -90.1586, 45.7475 ], [ -90.1595, 45.7588 ], [ -90.2117, 45.758 ], [ -90.2285, 45.7532 ], [ -90.2842, 45.7488 ], [ -90.3035, 45.7455 ], [ -90.3301, 45.7317 ], [ -90.3414, 45.7219 ], [ -90.361, 45.7175 ], [ -90.3792, 45.7105 ], [ -90.3808, 45.738 ], [ -90.3737, 45.7389 ], [ -90.361, 45.7518 ], [ -90.3553, 45.7689 ], [ -90.3617, 45.7683 ], [ -90.3622, 45.7715 ], [ -90.3701, 45.7663 ], [ -90.3765, 45.7666 ], [ -90.3858, 45.7468 ], [ -90.3878, 45.7453 ], [ -90.3919, 45.7467 ], [ -90.399, 45.7425 ], [ -90.4046, 45.7434 ], [ -90.402, 45.7506 ], [ -90.4056, 45.7555 ], [ -90.4141, 45.7587 ], [ -90.4268, 45.7584 ], [ -90.4295, 45.751 ], [ -90.4287, 45.7944 ], [ -90.4418, 45.7952 ], [ -90.4461, 45.8023 ], [ -90.4515, 45.7985 ], [ -90.4522, 45.7944 ], [ -90.4607, 45.7904 ], [ -90.4631, 45.7856 ], [ -90.4695, 45.7854 ], [ -90.4702, 45.7903 ], [ -90.4728, 45.791 ], [ -90.4812, 45.79 ], [ -90.4888, 45.7857 ], [ -90.4942, 45.7842 ], [ -90.5002, 45.7853 ], [ -90.4942, 45.7846 ], [ -90.482, 45.7903 ], [ -90.4813, 45.7969 ], [ -90.4848, 45.8034 ], [ -90.4828, 45.8065 ], [ -90.4869, 45.8099 ], [ -90.5121, 45.8088 ], [ -90.5116, 45.8067 ], [ -90.5155, 45.8069 ], [ -90.5191, 45.8104 ], [ -90.5324, 45.8094 ], [ -90.5328, 45.87 ], [ -90.5536, 45.8604 ], [ -90.5744, 45.8619 ], [ -90.6186, 45.8434 ], [ -90.6399, 45.8389 ], [ -90.6487, 45.841 ], [ -90.6576, 45.8397 ], [ -90.6778, 45.8448 ] ] ] } },
{ "type": "Feature", "properties": { "GEOID": "55073000601", "county": "Census Tract 6.01" }, "geometry": { "type": "Polygon", "coordinates": [ [ [ -89.6666, 44.9562 ], [ -89.6631, 44.9607 ], [ -89.6441, 44.9593 ], [ -89.6437, 44.9538 ], [ -89.649, 44.9538 ], [ -89.649, 44.9424 ], [ -89.6538, 44.9403 ], [ -89.657, 44.9447 ], [ -89.6664, 44.9446 ], [ -89.6666, 44.9562 ] ] ] } },
{ "type": "Feature", "properties": { "GEOID": "55079009600", "county": "Census Tract 96" }, "geometry": { "type": "Polygon", "coordinates": [ [ [ -87.9721, 43.0488 ], [ -87.9719, 43.0571 ], [ -87.9576, 43.0564 ], [ -87.9576, 43.0487 ], [ -87.9721, 43.0488 ] ] ] } },
{ "type": "Feature", "properties": { "GEOID": "55079090800", "county": "Census Tract 908" }, "geometry": { "type": "Polygon", "coordinates": [ [ [ -88.0225, 43.0674 ], [ -88.0124, 43.0675 ], [ -88.0134, 43.0586 ], [ -88.0218, 43.0584 ], [ -88.0225, 43.0674 ] ] ] } },
{ "type": "Feature", "properties": { "GEOID": "55079186300", "county": "Census Tract 1863" }, "geometry": { "type": "Polygon", "coordinates": [ [ [ -87.9271, 43.0458 ], [ -87.9134, 43.0457 ], [ -87.9103, 43.0347 ], [ -87.9205, 43.0356 ], [ -87.9217, 43.0402 ], [ -87.9272, 43.0416 ], [ -87.9271, 43.0458 ] ] ] } },
{ "type": "Feature", "properties": { "GEOID": "55079003300", "county": "Census Tract 33" }, "geometry": { "type": "Polygon", "coordinates": [ [ [ -88.0276, 43.097 ], [ -88.0275, 43.105 ], [ -88.0065, 43.105 ], [ -88.0071, 43.0972 ], [ -88.0276, 43.097 ] ] ] } },
{ "type": "Feature", "properties": { "GEOID": "55079016000", "county": "Census Tract 160" }, "geometry": { "type": "Polygon", "coordinates": [ [ [ -87.9623, 43.0234 ], [ -87.9526, 43.0238 ], [ -87.9526, 43.019 ], [ -87.9618, 43.019 ], [ -87.9623, 43.0234 ] ] ] } },
{ "type": "Feature", "properties": { "GEOID": "55079160101", "county": "Census Tract 1601.01" }, "geometry": { "type": "Polygon", "coordinates": [ [ [ -87.9108, 42.9156 ], [ -87.8902, 42.9154 ], [ -87.8878, 42.93 ], [ -87.8814, 42.93 ], [ -87.8818, 42.9009 ], [ -87.9115, 42.9011 ], [ -87.9108, 42.9156 ] ] ] } },
{ "type": "Feature", "properties": { "GEOID": "55087010700", "county": "Census Tract 107" }, "geometry": { "type": "Polygon", "coordinates": [ [ [ -88.4065, 44.2567 ], [ -88.3995, 44.2592 ], [ -88.3938, 44.2566 ], [ -88.3896, 44.2607 ], [ -88.3835, 44.2586 ], [ -88.366, 44.2439 ], [ -88.4041, 44.2441 ], [ -88.4065, 44.2567 ] ] ] } },
{ "type": "Feature", "properties": { "GEOID": "55117000201", "county": "Census Tract 2.01" }, "geometry": { "type": "Polygon", "coordinates": [ [ [ -87.7245, 43.7684 ], [ -87.7129, 43.7684 ], [ -87.7129, 43.7607 ], [ -87.7227, 43.7617 ], [ -87.7245, 43.7684 ] ] ] } },
{ "type": "Feature", "properties": { "GEOID": "55139001801", "county": "Census Tract 18.01" }, "geometry": { "type": "Polygon", "coordinates": [ [ [ -88.644, 43.9821 ], [ -88.6435, 44.0113 ], [ -88.5821, 44.0108 ], [ -88.5826, 43.9816 ], [ -88.5967, 43.9819 ], [ -88.6017, 43.9802 ], [ -88.6033, 43.9818 ], [ -88.644, 43.9821 ] ] ] } },
{ "type": "Feature", "properties": { "GEOID": "55133200102", "county": "Census Tract 2001.02" }, "geometry": { "type": "Polygon", "coordinates": [ [ [ -88.1273, 43.192 ], [ -88.1031, 43.1919 ], [ -88.1037, 43.1702 ], [ -88.1237, 43.1703 ], [ -88.1231, 43.1899 ], [ -88.1273, 43.192 ] ] ] } },
{ "type": "Feature", "properties": { "GEOID": "55079002300", "county": "Census Tract 23" }, "geometry": { "type": "Polygon", "coordinates": [ [ [ -87.9464, 43.104 ], [ -87.9465, 43.1118 ], [ -87.9329, 43.1116 ], [ -87.9321, 43.1137 ], [ -87.925, 43.1003 ], [ -87.9286, 43.1004 ], [ -87.927, 43.0978 ], [ -87.9464, 43.104 ] ] ] } },
{ "type": "Feature", "properties": { "GEOID": "55079003200", "county": "Census Tract 32" }, "geometry": { "type": "Polygon", "coordinates": [ [ [ -88.0071, 43.0972 ], [ -88.0065, 43.105 ], [ -87.9931, 43.1048 ], [ -87.9957, 43.0973 ], [ -88.0071, 43.0972 ] ] ] } },
{ "type": "Feature", "properties": { "GEOID": "55079008000", "county": "Census Tract 80" }, "geometry": { "type": "Polygon", "coordinates": [ [ [ -87.9053, 43.0638 ], [ -87.9053, 43.0711 ], [ -87.9003, 43.0711 ], [ -87.9004, 43.0638 ], [ -87.9053, 43.0638 ] ] ] } },
{ "type": "Feature", "properties": { "GEOID": "55079000303", "county": "Census Tract 3.03" }, "geometry": { "type": "Polygon", "coordinates": [ [ [ -88.0555, 43.1247 ], [ -88.0552, 43.134 ], [ -88.0326, 43.134 ], [ -88.042, 43.1246 ], [ -88.0555, 43.1247 ] ] ] } },
{ "type": "Feature", "properties": { "GEOID": "55079185400", "county": "Census Tract 1854" }, "geometry": { "type": "Polygon", "coordinates": [ [ [ -87.9427, 43.0563 ], [ -87.9425, 43.0642 ], [ -87.9326, 43.0641 ], [ -87.9327, 43.0562 ], [ -87.9427, 43.0563 ] ] ] } },
{ "type": "Feature", "properties": { "GEOID": "55079021800", "county": "Census Tract 218" }, "geometry": { "type": "Polygon", "coordinates": [ [ [ -87.9645, 42.9449 ], [ -87.9623, 42.9431 ], [ -87.9602, 42.9449 ], [ -87.9491, 42.9437 ], [ -87.9492, 42.9376 ], [ -87.9641, 42.9376 ], [ -87.9645, 42.9449 ] ] ] } },
{ "type": "Feature", "properties": { "GEOID": "55079160205", "county": "Census Tract 1602.05" }, "geometry": { "type": "Polygon", "coordinates": [ [ [ -87.9366, 42.8871 ], [ -87.9122, 42.8866 ], [ -87.9128, 42.8721 ], [ -87.9371, 42.8725 ], [ -87.9366, 42.8871 ] ] ] } },
{ "type": "Feature", "properties": { "GEOID": "55105000600", "county": "Census Tract 6" }, "geometry": { "type": "Polygon", "coordinates": [ [ [ -89.0338, 42.704 ], [ -89.0068, 42.7043 ], [ -89.0168, 42.6883 ], [ -89.0266, 42.6853 ], [ -89.0326, 42.6904 ], [ -89.0338, 42.704 ] ] ] } },
{ "type": "Feature", "properties": { "GEOID": "55131400102", "county": "Census Tract 4001.02" }, "geometry": { "type": "Polygon", "coordinates": [ [ [ -88.1616, 43.4549 ], [ -88.1408, 43.4545 ], [ -88.1409, 43.4486 ], [ -88.1307, 43.4447 ], [ -88.1161, 43.4445 ], [ -88.1163, 43.4263 ], [ -88.1614, 43.4268 ], [ -88.1616, 43.4549 ] ] ] } },
{ "type": "Feature", "properties": { "GEOID": "55101000901", "county": "Census Tract 9.01" }, "geometry": { "type": "Polygon", "coordinates": [ [ [ -87.8543, 42.6975 ], [ -87.8513, 42.7058 ], [ -87.8161, 42.7091 ], [ -87.8161, 42.6969 ], [ -87.8543, 42.6975 ] ] ] } },
{ "type": "Feature", "properties": { "GEOID": "55039040800", "county": "Census Tract 408" }, "geometry": { "type": "Polygon", "coordinates": [ [ [ -88.4479, 43.7624 ], [ -88.4471, 43.7715 ], [ -88.4445, 43.7736 ], [ -88.4347, 43.7728 ], [ -88.4308, 43.7691 ], [ -88.4317, 43.7623 ], [ -88.4479, 43.7624 ] ] ] } },
{ "type": "Feature", "properties": { "GEOID": "55025010702", "county": "Census Tract 107.02" }, "geometry": { "type": "Polygon", "coordinates": [ [ [ -89.5442, 42.9511 ], [ -89.5146, 42.9508 ], [ -89.5139, 42.9688 ], [ -89.5116, 42.9722 ], [ -89.5139, 42.977 ], [ -89.5135, 42.9924 ], [ -89.5107, 42.9954 ], [ -89.5042, 42.9965 ], [ -89.4993, 43.0015 ], [ -89.4989, 43.0157 ], [ -89.4554, 43.0154 ], [ -89.4629, 42.9795 ], [ -89.4297, 42.9795 ], [ -89.428, 43.0012 ], [ -89.3967, 43.0017 ], [ -89.3952, 43.0236 ], [ -89.3829, 43.0258 ], [ -89.3815, 43.0179 ], [ -89.3862, 42.9957 ], [ -89.3866, 42.9712 ], [ -89.4119, 42.9723 ], [ -89.4167, 42.9653 ], [ -89.4174, 42.9504 ], [ -89.4372, 42.9505 ], [ -89.4387, 42.9432 ], [ -89.4855, 42.9434 ], [ -89.544, 42.9438 ], [ -89.5442, 42.9511 ] ] ] } },
{ "type": "Feature", "properties": { "GEOID": "55035000801", "county": "Census Tract 8.01" }, "geometry": { "type": "Polygon", "coordinates": [ [ [ -91.496, 44.7926 ], [ -91.4683, 44.7945 ], [ -91.4682, 44.7823 ], [ -91.4783, 44.7821 ], [ -91.4783, 44.7789 ], [ -91.4846, 44.779 ], [ -91.4858, 44.7857 ], [ -91.4962, 44.7856 ], [ -91.496, 44.7926 ] ] ] } },
{ "type": "Feature", "properties": { "GEOID": "55139003200", "county": "Census Tract 32" }, "geometry": { "type": "Polygon", "coordinates": [ [ [ -88.4599, 44.1816 ], [ -88.4557, 44.1862 ], [ -88.4507, 44.1835 ], [ -88.4445, 44.187 ], [ -88.4045, 44.1862 ], [ -88.4043, 44.1686 ], [ -88.442, 44.1689 ], [ -88.4478, 44.1723 ], [ -88.4599, 44.1711 ], [ -88.4599, 44.1816 ] ] ] } },
{ "type": "Feature", "properties": { "GEOID": "55139000400", "county": "Census Tract 4" }, "geometry": { "type": "Polygon", "coordinates": [ [ [ -88.5429, 44.054 ], [ -88.5328, 44.0541 ], [ -88.528, 44.0515 ], [ -88.5276, 44.0322 ], [ -88.5425, 44.0321 ], [ -88.5429, 44.054 ] ] ] } },
{ "type": "Feature", "properties": { "GEOID": "55063001200", "county": "Census Tract 12" }, "geometry": { "type": "Polygon", "coordinates": [ [ [ -91.2193, 43.7832 ], [ -91.2199, 43.7969 ], [ -91.2053, 43.7901 ], [ -91.1993, 43.7907 ], [ -91.1994, 43.7886 ], [ -91.2085, 43.7834 ], [ -91.2086, 43.7798 ], [ -91.2032, 43.7798 ], [ -91.2038, 43.7702 ], [ -91.2098, 43.7705 ], [ -91.2119, 43.7777 ], [ -91.2224, 43.7833 ], [ -91.2193, 43.7832 ] ] ] } },
{ "type": "Feature", "properties": { "GEOID": "55109120300", "county": "Census Tract 1203" }, "geometry": { "type": "Polygon", "coordinates": [ [ [ -92.7712, 45.0014 ], [ -92.764, 45.0176 ], [ -92.6725, 45.0177 ], [ -92.6755, 45.0139 ], [ -92.6754, 44.9977 ], [ -92.6802, 44.9923 ], [ -92.7034, 44.9925 ], [ -92.7149, 44.9893 ], [ -92.7289, 44.9888 ], [ -92.7261, 44.9915 ], [ -92.7259, 44.9973 ], [ -92.7206, 45.0 ], [ -92.7206, 45.0021 ], [ -92.7284, 44.9998 ], [ -92.7296, 44.9985 ], [ -92.7278, 44.9977 ], [ -92.7286, 44.9949 ], [ -92.7285, 44.9977 ], [ -92.7323, 44.9948 ], [ -92.7291, 44.9935 ], [ -92.7351, 44.9916 ], [ -92.7339, 44.9891 ], [ -92.7377, 44.9893 ], [ -92.7414, 44.9861 ], [ -92.7414, 44.9898 ], [ -92.7445, 44.9852 ], [ -92.749, 44.9879 ], [ -92.7588, 44.9892 ], [ -92.7616, 44.9858 ], [ -92.7612, 44.9806 ], [ -92.7703, 44.9789 ], [ -92.7712, 45.0014 ] ] ] } },
{ "type": "Feature", "properties": { "GEOID": "55139001500", "county": "Census Tract 15" }, "geometry": { "type": "Polygon", "coordinates": [ [ [ -88.5446, 43.99 ], [ -88.5487, 43.9958 ], [ -88.545, 43.9958 ], [ -88.545, 44.0104 ], [ -88.5336, 44.0116 ], [ -88.52, 44.0037 ], [ -88.525, 43.9908 ], [ -88.5275, 43.9907 ], [ -88.5268, 43.981 ], [ -88.5529, 43.9813 ], [ -88.5446, 43.99 ] ] ] } },
{ "type": "Feature", "properties": { "GEOID": "55089660100", "county": "Census Tract 6601" }, "geometry": { "type": "Polygon", "coordinates": [ [ [ -87.989, 43.2254 ], [ -87.9888, 43.2435 ], [ -87.9689, 43.2434 ], [ -87.9685, 43.2394 ], [ -87.9638, 43.2389 ], [ -87.9648, 43.2331 ], [ -87.9821, 43.2304 ], [ -87.9828, 43.2254 ], [ -87.989, 43.2254 ] ] ] } },
{ "type": "Feature", "properties": { "GEOID": "55133204201", "county": "Census Tract 2042.01" }, "geometry": { "type": "Polygon", "coordinates": [ [ [ -88.5188, 43.1182 ], [ -88.4994, 43.1114 ], [ -88.4959, 43.1077 ], [ -88.4958, 43.0968 ], [ -88.5074, 43.0971 ], [ -88.5188, 43.1182 ] ] ] } },
{ "type": "Feature", "properties": { "GEOID": "55025000506", "county": "Census Tract 5.06" }, "geometry": { "type": "Polygon", "coordinates": [ [ [ -89.4888, 43.0319 ], [ -89.4831, 43.0319 ], [ -89.4842, 43.03 ], [ -89.4803, 43.0261 ], [ -89.4688, 43.0237 ], [ -89.4726, 43.0155 ], [ -89.484, 43.0157 ], [ -89.4839, 43.0235 ], [ -89.4889, 43.023 ], [ -89.4888, 43.0319 ] ] ] } },
{ "type": "Feature", "properties": { "GEOID": "55079007000", "county": "Census Tract 70" }, "geometry": { "type": "Polygon", "coordinates": [ [ [ -87.917, 43.0711 ], [ -87.9169, 43.0776 ], [ -87.9052, 43.0766 ], [ -87.9053, 43.0711 ], [ -87.917, 43.0711 ] ] ] } },
{ "type": "Feature", "properties": { "GEOID": "55043960500", "county": "Census Tract 9605" }, "geometry": { "type": "Polygon", "coordinates": [ [ [ -91.0695, 42.7696 ], [ -91.0787, 42.8277 ], [ -91.0761, 42.8283 ], [ -91.0707, 42.8265 ], [ -91.0541, 42.8303 ], [ -91.0196, 42.8296 ], [ -91.0202, 42.8434 ], [ -90.9308, 42.8434 ], [ -90.9318, 42.862 ], [ -90.9021, 42.862 ], [ -90.902, 42.8689 ], [ -90.8978, 42.8693 ], [ -90.8974, 42.8816 ], [ -90.8869, 42.8875 ], [ -90.8906, 42.8961 ], [ -90.888, 42.9002 ], [ -90.8884, 42.931 ], [ -90.8783, 42.9306 ], [ -90.8778, 42.9281 ], [ -90.8709, 42.9352 ], [ -90.8747, 42.9478 ], [ -90.8642, 42.9544 ], [ -90.8342, 42.9522 ], [ -90.8333, 42.9384 ], [ -90.7993, 42.9381 ], [ -90.7949, 42.9418 ], [ -90.7907, 42.9554 ], [ -90.7649, 42.9559 ], [ -90.7601, 42.9541 ], [ -90.757, 42.9668 ], [ -90.7385, 42.9667 ], [ -90.7353, 42.9655 ], [ -90.7343, 42.9594 ], [ -90.7156, 42.9592 ], [ -90.7129, 42.9572 ], [ -90.7005, 42.9626 ], [ -90.6902, 42.9643 ], [ -90.6931, 42.9556 ], [ -90.6755, 42.956 ], [ -90.6762, 42.9341 ], [ -90.6812, 42.9169 ], [ -90.6808, 42.9154 ], [ -90.67, 42.9153 ], [ -90.6592, 42.8941 ], [ -90.6596, 42.8897 ], [ -90.6683, 42.8775 ], [ -90.6733, 42.8728 ], [ -90.681, 42.8764 ], [ -90.7113, 42.8754 ], [ -90.7109, 42.8633 ], [ -90.7315, 42.8648 ], [ -90.7484, 42.872 ], [ -90.7514, 42.87 ], [ -90.7539, 42.8712 ], [ -90.7525, 42.8686 ], [ -90.755, 42.8666 ], [ -90.7625, 42.8622 ], [ -90.7644, 42.8638 ], [ -90.7682, 42.8607 ], [ -90.7755, 42.8596 ], [ -90.7868, 42.8497 ], [ -90.7829, 42.85 ], [ -90.7642, 42.8414 ], [ -90.758, 42.8331 ], [ -90.7831, 42.8332 ], [ -90.8076, 42.8199 ], [ -90.8074, 42.8 ], [ -90.8194, 42.7996 ], [ -90.8215, 42.7977 ], [ -90.8234, 42.78 ], [ -90.818, 42.7812 ], [ -90.8183, 42.7862 ], [ -90.7711, 42.7848 ], [ -90.7814, 42.7783 ], [ -90.7809, 42.7655 ], [ -90.786, 42.7587 ], [ -90.7809, 42.7587 ], [ -90.7807, 42.7262 ], [ -90.7591, 42.7248 ], [ -90.7589, 42.7201 ], [ -90.7621, 42.7215 ], [ -90.7657, 42.7197 ], [ -90.758, 42.7132 ], [ -90.7656, 42.7121 ], [ -90.7764, 42.7163 ], [ -90.7821, 42.7104 ], [ -90.7764, 42.7053 ], [ -90.7765, 42.7026 ], [ -90.7716, 42.7021 ], [ -90.7681, 42.6967 ], [ -90.7711, 42.6934 ], [ -90.7696, 42.6922 ], [ -90.7643, 42.694 ], [ -90.7642, 42.6827 ], [ -90.7532, 42.6799 ], [ -90.762, 42.6729 ], [ -90.7584, 42.6702 ], [ -90.7477, 42.669 ], [ -90.7625, 42.6497 ], [ -90.8439, 42.6631 ], [ -90.8874, 42.6725 ], [ -90.9211, 42.6854 ], [ -90.9416, 42.6838 ], [ -90.9777, 42.6968 ], [ -90.9955, 42.7137 ], [ -91.0096, 42.7201 ], [ -91.0172, 42.7196 ], [ -91.0268, 42.7242 ], [ -91.0354, 42.7373 ], [ -91.0537, 42.7382 ], [ -91.0563, 42.7473 ], [ -91.0647, 42.7509 ], [ -91.0655, 42.7571 ], [ -91.0614, 42.758 ], [ -91.0603, 42.7618 ], [ -91.0695, 42.7696 ] ] ] } },
{ "type": "Feature", "properties": { "GEOID": "55111000603", "county": "Census Tract 6.03" }, "geometry": { "type": "Polygon", "coordinates": [ [ [ -89.7789, 43.282 ], [ -89.7767, 43.3148 ], [ -89.7358, 43.3148 ], [ -89.7304, 43.3003 ], [ -89.7227, 43.2931 ], [ -89.7292, 43.293 ], [ -89.7311, 43.2784 ], [ -89.7393, 43.2783 ], [ -89.7392, 43.2819 ], [ -89.7789, 43.282 ] ] ] } },
{ "type": "Feature", "properties": { "GEOID": "55071010500", "county": "Census Tract 105" }, "geometry": { "type": "Polygon", "coordinates": [ [ [ -87.8016, 43.9791 ], [ -87.8016, 44.1531 ], [ -87.7083, 44.1535 ], [ -87.7097, 44.1312 ], [ -87.7327, 44.1333 ], [ -87.7307, 44.1096 ], [ -87.7409, 44.1096 ], [ -87.7409, 44.0727 ], [ -87.733, 44.0734 ], [ -87.7412, 44.0663 ], [ -87.7282, 44.0663 ], [ -87.7308, 44.0597 ], [ -87.7265, 44.0522 ], [ -87.7036, 44.0525 ], [ -87.7011, 44.0508 ], [ -87.6808, 44.052 ], [ -87.6809, 44.0243 ], [ -87.6955, 43.9896 ], [ -87.697, 43.9795 ], [ -87.8016, 43.9791 ] ] ] } },
{ "type": "Feature", "properties": { "GEOID": "55133200803", "county": "Census Tract 2008.03" }, "geometry": { "type": "Polygon", "coordinates": [ [ [ -88.1781, 43.0961 ], [ -88.1723, 43.1046 ], [ -88.1256, 43.1047 ], [ -88.1258, 43.0756 ], [ -88.1459, 43.076 ], [ -88.146, 43.0905 ], [ -88.164, 43.0884 ], [ -88.1648, 43.0903 ], [ -88.1753, 43.0919 ], [ -88.1781, 43.0961 ] ] ] } },
{ "type": "Feature", "properties": { "GEOID": "55079003000", "county": "Census Tract 30" }, "geometry": { "type": "Polygon", "coordinates": [ [ [ -88.0065, 43.105 ], [ -88.0061, 43.1123 ], [ -87.9862, 43.112 ], [ -87.9865, 43.1047 ], [ -88.0065, 43.105 ] ] ] } },
{ "type": "Feature", "properties": { "GEOID": "55079170300", "county": "Census Tract 1703" }, "geometry": { "type": "Polygon", "coordinates": [ [ [ -87.8817, 42.9037 ], [ -87.8812, 42.9154 ], [ -87.869, 42.9153 ], [ -87.8696, 42.9036 ], [ -87.8817, 42.9037 ] ] ] } },
{ "type": "Feature", "properties": { "GEOID": "55117011400", "county": "Census Tract 114" }, "geometry": { "type": "Polygon", "coordinates": [ [ [ -87.7184, 43.7515 ], [ -87.7146, 43.7509 ], [ -87.7146, 43.7607 ], [ -87.7009, 43.7606 ], [ -87.7042, 43.7558 ], [ -87.7031, 43.7488 ], [ -87.7087, 43.7485 ], [ -87.7134, 43.7445 ], [ -87.7184, 43.7515 ] ] ] } },
{ "type": "Feature", "properties": { "GEOID": "55009020504", "county": "Census Tract 205.04" }, "geometry": { "type": "Polygon", "coordinates": [ [ [ -88.1905, 44.5868 ], [ -88.1094, 44.5906 ], [ -88.1096, 44.5811 ], [ -88.0996, 44.5807 ], [ -88.0981, 44.5655 ], [ -88.1007, 44.5484 ], [ -88.1852, 44.582 ], [ -88.1901, 44.5844 ], [ -88.1905, 44.5868 ] ] ] } },
{ "type": "Feature", "properties": { "GEOID": "55071005300", "county": "Census Tract 53" }, "geometry": { "type": "Polygon", "coordinates": [ [ [ -87.5794, 44.1609 ], [ -87.5673, 44.1614 ], [ -87.5652, 44.1596 ], [ -87.5649, 44.1466 ], [ -87.5689, 44.1451 ], [ -87.5728, 44.1473 ], [ -87.572, 44.1537 ], [ -87.5794, 44.1609 ] ] ] } },
{ "type": "Feature", "properties": { "GEOID": "55101001702", "county": "Census Tract 17.02" }, "geometry": { "type": "Polygon", "coordinates": [ [ [ -87.9156, 42.6692 ], [ -87.9148, 42.7201 ], [ -87.8772, 42.7191 ], [ -87.8848, 42.6688 ], [ -87.9156, 42.6692 ] ] ] } },
{ "type": "Feature", "properties": { "GEOID": "55055101702", "county": "Census Tract 1017.02" }, "geometry": { "type": "Polygon", "coordinates": [ [ [ -88.6935, 43.1923 ], [ -88.6873, 43.1943 ], [ -88.687, 43.1971 ], [ -88.5358, 43.196 ], [ -88.5393, 43.1221 ], [ -88.5931, 43.1228 ], [ -88.593, 43.1172 ], [ -88.5863, 43.108 ], [ -88.6569, 43.1079 ], [ -88.6562, 43.1447 ], [ -88.6722, 43.1475 ], [ -88.6696, 43.148 ], [ -88.6746, 43.1537 ], [ -88.6836, 43.1575 ], [ -88.6844, 43.1748 ], [ -88.6792, 43.1743 ], [ -88.6831, 43.1799 ], [ -88.6936, 43.1865 ], [ -88.6935, 43.1923 ] ] ] } },
{ "type": "Feature", "properties": { "GEOID": "55025000202", "county": "Census Tract 2.02" }, "geometry": { "type": "Polygon", "coordinates": [ [ [ -89.5028, 43.0607 ], [ -89.5024, 43.0766 ], [ -89.4827, 43.0752 ], [ -89.4828, 43.068 ], [ -89.4859, 43.067 ], [ -89.4865, 43.0608 ], [ -89.5028, 43.0607 ] ] ] } },
{ "type": "Feature", "properties": { "GEOID": "55025001802", "county": "Census Tract 18.02" }, "geometry": { "type": "Polygon", "coordinates": [ [ [ -89.383, 43.0818 ], [ -89.3758, 43.0886 ], [ -89.3721, 43.0962 ], [ -89.3653, 43.0922 ], [ -89.378, 43.0832 ], [ -89.3751, 43.081 ], [ -89.3787, 43.0785 ], [ -89.383, 43.0818 ] ] ] } },
{ "type": "Feature", "properties": { "GEOID": "55079007400", "county": "Census Tract 74" }, "geometry": { "type": "Polygon", "coordinates": [ [ [ -87.8829, 43.0746 ], [ -87.8828, 43.0819 ], [ -87.8701, 43.0819 ], [ -87.8666, 43.0747 ], [ -87.8829, 43.0746 ] ] ] } },
{ "type": "Feature", "properties": { "GEOID": "55133203501", "county": "Census Tract 2035.01" }, "geometry": { "type": "Polygon", "coordinates": [ [ [ -88.4009, 43.1421 ], [ -88.3992, 43.194 ], [ -88.3001, 43.1931 ], [ -88.3012, 43.163 ], [ -88.3088, 43.1624 ], [ -88.3083, 43.1558 ], [ -88.3264, 43.1559 ], [ -88.327, 43.1415 ], [ -88.3715, 43.142 ], [ -88.372, 43.1369 ], [ -88.3818, 43.137 ], [ -88.4009, 43.1421 ] ] ] } },
{ "type": "Feature", "properties": { "GEOID": "55131450108", "county": "Census Tract 4501.08" }, "geometry": { "type": "Polygon", "coordinates": [ [ [ -88.1638, 43.3095 ], [ -88.149, 43.3167 ], [ -88.1423, 43.3235 ], [ -88.0629, 43.3223 ], [ -88.0633, 43.2789 ], [ -88.1473, 43.2804 ], [ -88.1612, 43.295 ], [ -88.1638, 43.3095 ] ] ] } },
{ "type": "Feature", "properties": { "GEOID": "55063000100", "county": "Census Tract 1" }, "geometry": { "type": "Polygon", "coordinates": [ [ [ -91.2532, 43.8492 ], [ -91.2404, 43.8639 ], [ -91.2098, 43.8741 ], [ -91.2086, 43.8677 ], [ -91.2027, 43.866 ], [ -91.2057, 43.8593 ], [ -91.2295, 43.8451 ], [ -91.2342, 43.8464 ], [ -91.2396, 43.8414 ], [ -91.2397, 43.8447 ], [ -91.2481, 43.8447 ], [ -91.2482, 43.8464 ], [ -91.253, 43.8465 ], [ -91.2532, 43.8492 ] ] ] } },
{ "type": "Feature", "properties": { "GEOID": "55039041800", "county": "Census Tract 418" }, "geometry": { "type": "Polygon", "coordinates": [ [ [ -88.7654, 43.6331 ], [ -88.7651, 43.7203 ], [ -88.6442, 43.72 ], [ -88.6446, 43.633 ], [ -88.7654, 43.6331 ] ] ] } },
{ "type": "Feature", "properties": { "GEOID": "55139001000", "county": "Census Tract 10" }, "geometry": { "type": "Polygon", "coordinates": [ [ [ -88.5833, 44.0398 ], [ -88.58, 44.045 ], [ -88.5678, 44.039 ], [ -88.5552, 44.0229 ], [ -88.5574, 44.0214 ], [ -88.5606, 44.0255 ], [ -88.5818, 44.0258 ], [ -88.5833, 44.0398 ] ] ] } },
{ "type": "Feature", "properties": { "GEOID": "55055100302", "county": "Census Tract 1003.02" }, "geometry": { "type": "Polygon", "coordinates": [ [ [ -88.7722, 43.1977 ], [ -88.7244, 43.1977 ], [ -88.7243, 43.1968 ], [ -88.7266, 43.1874 ], [ -88.7347, 43.1894 ], [ -88.7724, 43.19 ], [ -88.7722, 43.1977 ] ] ] } },
{ "type": "Feature", "properties": { "GEOID": "55035001600", "county": "Census Tract 16" }, "geometry": { "type": "Polygon", "coordinates": [ [ [ -91.6502, 44.5966 ], [ -91.6496, 44.7805 ], [ -91.6357, 44.7712 ], [ -91.6003, 44.7697 ], [ -91.5886, 44.7573 ], [ -91.5841, 44.7564 ], [ -91.5783, 44.759 ], [ -91.5774, 44.7617 ], [ -91.5802, 44.766 ], [ -91.5787, 44.7737 ], [ -91.559, 44.7846 ], [ -91.5501, 44.7841 ], [ -91.5417, 44.7798 ], [ -91.5376, 44.7808 ], [ -91.5287, 44.7772 ], [ -91.5287, 44.727 ], [ -91.4074, 44.727 ], [ -91.4076, 44.596 ], [ -91.6502, 44.5966 ] ] ] } },
{ "type": "Feature", "properties": { "GEOID": "55079170400", "county": "Census Tract 1704" }, "geometry": { "type": "Polygon", "coordinates": [ [ [ -87.8821, 42.8936 ], [ -87.8817, 42.9037 ], [ -87.8656, 42.9036 ], [ -87.8635, 42.8934 ], [ -87.8821, 42.8936 ] ] ] } },
{ "type": "Feature", "properties": { "GEOID": "55087010300", "county": "Census Tract 103" }, "geometry": { "type": "Polygon", "coordinates": [ [ [ -88.4157, 44.2729 ], [ -88.4059, 44.273 ], [ -88.4059, 44.2662 ], [ -88.4157, 44.264 ], [ -88.4157, 44.2729 ] ] ] } },
{ "type": "Feature", "properties": { "GEOID": "55087011200", "county": "Census Tract 112" }, "geometry": { "type": "Polygon", "coordinates": [ [ [ -88.4361, 44.2805 ], [ -88.4158, 44.2804 ], [ -88.4157, 44.2729 ], [ -88.4362, 44.2732 ], [ -88.4361, 44.2805 ] ] ] } },
{ "type": "Feature", "properties": { "GEOID": "55087012800", "county": "Census Tract 128" }, "geometry": { "type": "Polygon", "coordinates": [ [ [ -88.6158, 44.5024 ], [ -88.3714, 44.5013 ], [ -88.3743, 44.4147 ], [ -88.4961, 44.4157 ], [ -88.4964, 44.3301 ], [ -88.6158, 44.3307 ], [ -88.6136, 44.3381 ], [ -88.6157, 44.3381 ], [ -88.6158, 44.5024 ] ] ] } },
{ "type": "Feature", "properties": { "GEOID": "55135100800", "county": "Census Tract 1008" }, "geometry": { "type": "Polygon", "coordinates": [ [ [ -88.9955, 44.245 ], [ -88.9929, 44.2497 ], [ -88.9897, 44.2499 ], [ -88.9895, 44.2538 ], [ -88.9943, 44.2562 ], [ -88.9896, 44.2627 ], [ -88.9907, 44.2657 ], [ -88.9817, 44.2729 ], [ -88.9921, 44.2792 ], [ -88.9816, 44.2792 ], [ -88.9699, 44.2749 ], [ -88.9155, 44.2658 ], [ -88.9121, 44.2709 ], [ -88.878, 44.2696 ], [ -88.871, 44.2709 ], [ -88.8699, 44.2748 ], [ -88.8616, 44.2769 ], [ -88.8668, 44.2837 ], [ -88.8657, 44.2905 ], [ -88.8576, 44.2891 ], [ -88.8516, 44.2916 ], [ -88.8578, 44.2925 ], [ -88.8652, 44.3027 ], [ -88.85, 44.3144 ], [ -88.8512, 44.3239 ], [ -88.8557, 44.3249 ], [ -88.8547, 44.3274 ], [ -88.8603, 44.3298 ], [ -88.8803, 44.3297 ], [ -88.8802, 44.3412 ], [ -88.8752, 44.3452 ], [ -88.8803, 44.3559 ], [ -88.8461, 44.3743 ], [ -88.8341, 44.3758 ], [ -88.8201, 44.3923 ], [ -88.8076, 44.401 ], [ -88.7982, 44.4032 ], [ -88.7945, 44.4019 ], [ -88.7977, 44.3986 ], [ -88.7928, 44.3915 ], [ -88.795, 44.3867 ], [ -88.7886, 44.3852 ], [ -88.7916, 44.3822 ], [ -88.7995, 44.3834 ], [ -88.7975, 44.3757 ], [ -88.8041, 44.3736 ], [ -88.7985, 44.3699 ], [ -88.7588, 44.3702 ], [ -88.7562, 44.374 ], [ -88.7368, 44.3739 ], [ -88.7398, 44.2433 ], [ -89.0001, 44.2428 ], [ -88.9955, 44.245 ] ] ] } },
{ "type": "Feature", "properties": { "GEOID": "55135100500", "county": "Census Tract 1005" }, "geometry": { "type": "Polygon", "coordinates": [ [ [ -89.2242, 44.3232 ], [ -89.2237, 44.4174 ], [ -89.2141, 44.4174 ], [ -89.2147, 44.4227 ], [ -89.2092, 44.4264 ], [ -89.2064, 44.421 ], [ -89.1904, 44.4174 ], [ -89.1855, 44.4174 ], [ -89.1829, 44.4222 ], [ -89.1744, 44.4223 ], [ -89.169, 44.4197 ], [ -89.1266, 44.4123 ], [ -89.1103, 44.4137 ], [ -89.0932, 44.399 ], [ -89.0918, 44.3739 ], [ -89.0937, 44.3724 ], [ -89.122, 44.3754 ], [ -89.1251, 44.3622 ], [ -89.1183, 44.3561 ], [ -89.1184, 44.3514 ], [ -89.1411, 44.3385 ], [ -89.1481, 44.3302 ], [ -89.1666, 44.3309 ], [ -89.1735, 44.3373 ], [ -89.2046, 44.3378 ], [ -89.2138, 44.3306 ], [ -89.2155, 44.3232 ], [ -89.2242, 44.3232 ] ] ] } },
{ "type": "Feature", "properties": { "GEOID": "55135101000", "county": "Census Tract 1010" }, "geometry": { "type": "Polygon", "coordinates": [ [ [ -89.1251, 44.3622 ], [ -89.122, 44.3754 ], [ -89.0937, 44.3724 ], [ -89.0876, 44.383 ], [ -89.0837, 44.3825 ], [ -89.0822, 44.3785 ], [ -89.0794, 44.3787 ], [ -89.0715, 44.3861 ], [ -89.0655, 44.3855 ], [ -89.0665, 44.3869 ], [ -89.063, 44.3873 ], [ -89.0623, 44.3663 ], [ -89.0573, 44.3663 ], [ -89.0571, 44.3595 ], [ -89.0592, 44.3585 ], [ -89.0571, 44.3525 ], [ -89.0607, 44.3517 ], [ -89.0634, 44.3473 ], [ -89.0542, 44.3482 ], [ -89.0541, 44.3415 ], [ -89.0655, 44.3415 ], [ -89.0672, 44.3442 ], [ -89.0688, 44.3426 ], [ -89.0704, 44.3437 ], [ -89.0699, 44.338 ], [ -89.0894, 44.3411 ], [ -89.0918, 44.3342 ], [ -89.0862, 44.3248 ], [ -89.0952, 44.3223 ], [ -89.0934, 44.32 ], [ -89.1086, 44.3184 ], [ -89.1059, 44.3352 ], [ -89.1078, 44.3371 ], [ -89.1162, 44.3374 ], [ -89.1183, 44.3561 ], [ -89.1251, 44.3622 ] ] ] } },
{ "type": "Feature", "properties": { "GEOID": "55139002602", "county": "Census Tract 26.02" }, "geometry": { "type": "Polygon", "coordinates": [ [ [ -88.4274, 44.2224 ], [ -88.424, 44.2277 ], [ -88.424, 44.2341 ], [ -88.4039, 44.2338 ], [ -88.4042, 44.2185 ], [ -88.4242, 44.2153 ], [ -88.4223, 44.2201 ], [ -88.4274, 44.2224 ] ] ] } },
{ "type": "Feature", "properties": { "GEOID": "55139002300", "county": "Census Tract 23" }, "geometry": { "type": "Polygon", "coordinates": [ [ [ -88.6452, 44.2436 ], [ -88.5248, 44.244 ], [ -88.5243, 44.1124 ], [ -88.4838, 44.1127 ], [ -88.4933, 44.1054 ], [ -88.4829, 44.1071 ], [ -88.4044, 44.1055 ], [ -88.4046, 44.0983 ], [ -88.6433, 44.0975 ], [ -88.6452, 44.2436 ] ] ] } },
{ "type": "Feature", "properties": { "GEOID": "55139003600", "county": "Census Tract 36" }, "geometry": { "type": "Polygon", "coordinates": [ [ [ -88.4649, 44.1711 ], [ -88.4478, 44.1723 ], [ -88.442, 44.1689 ], [ -88.4043, 44.1686 ], [ -88.4045, 44.1553 ], [ -88.4637, 44.1566 ], [ -88.4649, 44.1711 ] ] ] } },
{ "type": "Feature", "properties": { "GEOID": "55139000200", "county": "Census Tract 2" }, "geometry": { "type": "Polygon", "coordinates": [ [ [ -88.5365, 44.0249 ], [ -88.5203, 44.0251 ], [ -88.5118, 44.0239 ], [ -88.5148, 44.0168 ], [ -88.5172, 44.0167 ], [ -88.5315, 44.0177 ], [ -88.5315, 44.0196 ], [ -88.5353, 44.0196 ], [ -88.5365, 44.0249 ] ] ] } },
{ "type": "Feature", "properties": { "GEOID": "55139000300", "county": "Census Tract 3" }, "geometry": { "type": "Polygon", "coordinates": [ [ [ -88.5288, 43.9854 ], [ -88.5118, 44.0239 ], [ -88.5275, 44.025 ], [ -88.528, 44.0515 ], [ -88.4041, 44.0513 ], [ -88.4033, 43.98 ], [ -88.5268, 43.981 ], [ -88.5288, 43.9854 ] ] ] } },
{ "type": "Feature", "properties": { "GEOID": "55139000900", "county": "Census Tract 9" }, "geometry": { "type": "Polygon", "coordinates": [ [ [ -88.582, 44.0448 ], [ -88.5738, 44.0596 ], [ -88.5707, 44.0537 ], [ -88.5429, 44.054 ], [ -88.5426, 44.0394 ], [ -88.5678, 44.039 ], [ -88.582, 44.0448 ] ] ] } },
{ "type": "Feature", "properties": { "GEOID": "55139002201", "county": "Census Tract 22.01" }, "geometry": { "type": "Polygon", "coordinates": [ [ [ -88.7647, 44.0695 ], [ -88.7648, 44.1562 ], [ -88.7561, 44.1552 ], [ -88.7329, 44.1633 ], [ -88.7177, 44.1588 ], [ -88.7167, 44.1609 ], [ -88.7192, 44.1621 ], [ -88.7237, 44.1675 ], [ -88.7201, 44.1635 ], [ -88.7182, 44.1647 ], [ -88.7106, 44.155 ], [ -88.6443, 44.1553 ], [ -88.643, 44.0692 ], [ -88.7647, 44.0695 ] ] ] } },
{ "type": "Feature", "properties": { "GEOID": "55087012506", "county": "Census Tract 125.06" }, "geometry": { "type": "Polygon", "coordinates": [ [ [ -88.4968, 44.2441 ], [ -88.4961, 44.2871 ], [ -88.4664, 44.288 ], [ -88.4663, 44.2441 ], [ -88.4968, 44.2441 ] ] ] } },
{ "type": "Feature", "properties": { "GEOID": "55087940000", "county": "Census Tract 9400" }, "geometry": { "type": "Polygon", "coordinates": [ [ [ -88.3425, 44.4419 ], [ -88.219, 44.586 ], [ -88.1905, 44.5868 ], [ -88.1914, 44.3916 ], [ -88.202, 44.383 ], [ -88.3425, 44.4419 ] ] ] } },
{ "type": "Feature", "properties": { "GEOID": "55131440106", "county": "Census Tract 4401.06" }, "geometry": { "type": "Polygon", "coordinates": [ [ [ -88.4192, 43.2819 ], [ -88.3005, 43.2813 ], [ -88.3001, 43.1931 ], [ -88.418, 43.1947 ], [ -88.4192, 43.2819 ] ] ] } },
{ "type": "Feature", "properties": { "GEOID": "55133203406", "county": "Census Tract 2034.06" }, "geometry": { "type": "Polygon", "coordinates": [ [ [ -88.3012, 43.163 ], [ -88.3001, 43.1931 ], [ -88.1822, 43.1926 ], [ -88.1829, 43.1771 ], [ -88.2124, 43.1781 ], [ -88.2132, 43.1627 ], [ -88.2232, 43.1627 ], [ -88.2237, 43.1482 ], [ -88.2435, 43.1485 ], [ -88.2446, 43.1122 ], [ -88.2644, 43.1125 ], [ -88.2778, 43.1212 ], [ -88.2936, 43.138 ], [ -88.2927, 43.163 ], [ -88.3012, 43.163 ] ] ] } },
{ "type": "Feature", "properties": { "GEOID": "55131450106", "county": "Census Tract 4501.06" }, "geometry": { "type": "Polygon", "coordinates": [ [ [ -88.3196, 43.3203 ], [ -88.3192, 43.3287 ], [ -88.3017, 43.3323 ], [ -88.3016, 43.3357 ], [ -88.2992, 43.3357 ], [ -88.2976, 43.3695 ], [ -88.2806, 43.3463 ], [ -88.2009, 43.2883 ], [ -88.2017, 43.2809 ], [ -88.3004, 43.2813 ], [ -88.2994, 43.3249 ], [ -88.3094, 43.3248 ], [ -88.3196, 43.3203 ] ] ] } },
{ "type": "Feature", "properties": { "GEOID": "55133203304", "county": "Census Tract 2033.04" }, "geometry": { "type": "Polygon", "coordinates": [ [ [ -88.2742, 43.118 ], [ -88.2644, 43.1125 ], [ -88.2046, 43.112 ], [ -88.1927, 43.0826 ], [ -88.2514, 43.0834 ], [ -88.2553, 43.0905 ], [ -88.2733, 43.0941 ], [ -88.2689, 43.0997 ], [ -88.2744, 43.1111 ], [ -88.2742, 43.118 ] ] ] } },
{ "type": "Feature", "properties": { "GEOID": "55133200202", "county": "Census Tract 2002.02" }, "geometry": { "type": "Polygon", "coordinates": [ [ [ -88.1044, 43.1483 ], [ -88.1038, 43.1693 ], [ -88.0843, 43.1555 ], [ -88.0835, 43.1834 ], [ -88.0793, 43.1835 ], [ -88.0829, 43.192 ], [ -88.0633, 43.1921 ], [ -88.0644, 43.148 ], [ -88.1044, 43.1483 ] ] ] } },
{ "type": "Feature", "properties": { "GEOID": "55133201504", "county": "Census Tract 2015.04" }, "geometry": { "type": "Polygon", "coordinates": [ [ [ -88.0892, 42.9299 ], [ -88.0892, 42.9588 ], [ -88.0692, 42.9592 ], [ -88.0696, 42.9219 ], [ -88.0807, 42.9165 ], [ -88.0868, 42.9181 ], [ -88.0888, 42.9242 ], [ -88.0816, 42.9244 ], [ -88.0778, 42.9299 ], [ -88.0892, 42.9299 ] ] ] } },
{ "type": "Feature", "properties": { "GEOID": "55133203702", "county": "Census Tract 2037.02" }, "geometry": { "type": "Polygon", "coordinates": [ [ [ -88.4386, 43.0203 ], [ -88.4327, 43.026 ], [ -88.4324, 43.0397 ], [ -88.4256, 43.0456 ], [ -88.4252, 43.0565 ], [ -88.3514, 43.049 ], [ -88.3043, 43.0508 ], [ -88.3047, 43.021 ], [ -88.3174, 43.0193 ], [ -88.3592, 43.0202 ], [ -88.3888, 43.0107 ], [ -88.4117, 43.0174 ], [ -88.4325, 43.0181 ], [ -88.4386, 43.0203 ] ] ] } },
{ "type": "Feature", "properties": { "GEOID": "55133204302", "county": "Census Tract 2043.02" }, "geometry": { "type": "Polygon", "coordinates": [ [ [ -88.4993, 43.1094 ], [ -88.4705, 43.105 ], [ -88.4709, 43.0766 ], [ -88.4809, 43.0768 ], [ -88.4955, 43.0818 ], [ -88.4959, 43.1077 ], [ -88.4993, 43.1094 ] ] ] } },
{ "type": "Feature", "properties": { "GEOID": "55133200500", "county": "Census Tract 2005" }, "geometry": { "type": "Polygon", "coordinates": [ [ [ -88.1351, 43.1192 ], [ -88.0771, 43.1185 ], [ -88.0758, 43.1083 ], [ -88.0775, 43.1047 ], [ -88.1355, 43.1046 ], [ -88.1351, 43.1192 ] ] ] } },
{ "type": "Feature", "properties": { "GEOID": "55133200804", "county": "Census Tract 2008.04" }, "geometry": { "type": "Polygon", "coordinates": [ [ [ -88.1646, 43.0753 ], [ -88.1605, 43.0863 ], [ -88.164, 43.0884 ], [ -88.146, 43.0905 ], [ -88.1459, 43.076 ], [ -88.1258, 43.0756 ], [ -88.1262, 43.0609 ], [ -88.1639, 43.0614 ], [ -88.1582, 43.0693 ], [ -88.1631, 43.0709 ], [ -88.1646, 43.0753 ] ] ] } },
{ "type": "Feature", "properties": { "GEOID": "55133202002", "county": "Census Tract 2020.02" }, "geometry": { "type": "Polygon", "coordinates": [ [ [ -88.2501, 42.8739 ], [ -88.2481, 42.8769 ], [ -88.2482, 42.9021 ], [ -88.2077, 42.914 ], [ -88.1889, 42.9244 ], [ -88.1836, 42.8428 ], [ -88.2457, 42.842 ], [ -88.2417, 42.8588 ], [ -88.2479, 42.8598 ], [ -88.2501, 42.8739 ] ] ] } },
{ "type": "Feature", "properties": { "GEOID": "55133201404", "county": "Census Tract 2014.04" }, "geometry": { "type": "Polygon", "coordinates": [ [ [ -88.1283, 42.9807 ], [ -88.1276, 43.0024 ], [ -88.0881, 43.0029 ], [ -88.0884, 42.9857 ], [ -88.1026, 42.9806 ], [ -88.1283, 42.9807 ] ] ] } },
{ "type": "Feature", "properties": { "GEOID": "55133201800", "county": "Census Tract 2018" }, "geometry": { "type": "Polygon", "coordinates": [ [ [ -88.1467, 42.9299 ], [ -88.0778, 42.9299 ], [ -88.0778, 42.9279 ], [ -88.0816, 42.9244 ], [ -88.0888, 42.9242 ], [ -88.0868, 42.9181 ], [ -88.0931, 42.9202 ], [ -88.0954, 42.9238 ], [ -88.1139, 42.917 ], [ -88.122, 42.9184 ], [ -88.1467, 42.9299 ] ] ] } },
{ "type": "Feature", "properties": { "GEOID": "55133204100", "county": "Census Tract 2041" }, "geometry": { "type": "Polygon", "coordinates": [ [ [ -88.5414, 43.0241 ], [ -88.54, 43.0805 ], [ -88.5252, 43.0842 ], [ -88.5098, 43.0847 ], [ -88.4809, 43.0768 ], [ -88.4709, 43.0766 ], [ -88.4705, 43.105 ], [ -88.447, 43.1088 ], [ -88.4317, 43.1075 ], [ -88.4317, 43.092 ], [ -88.4221, 43.0925 ], [ -88.421, 43.0788 ], [ -88.4256, 43.0456 ], [ -88.4324, 43.0397 ], [ -88.4327, 43.026 ], [ -88.4386, 43.0203 ], [ -88.4762, 43.0248 ], [ -88.4954, 43.0212 ], [ -88.5094, 43.0281 ], [ -88.5298, 43.0277 ], [ -88.5414, 43.0241 ] ] ] } },
{ "type": "Feature", "properties": { "GEOID": "55133203303", "county": "Census Tract 2033.03" }, "geometry": { "type": "Polygon", "coordinates": [ [ [ -88.3135, 43.0936 ], [ -88.313, 43.1196 ], [ -88.2761, 43.1196 ], [ -88.2689, 43.0997 ], [ -88.2733, 43.0941 ], [ -88.2553, 43.0905 ], [ -88.2514, 43.0834 ], [ -88.2626, 43.0824 ], [ -88.2655, 43.0853 ], [ -88.2758, 43.0864 ], [ -88.2757, 43.0881 ], [ -88.3135, 43.0936 ] ] ] } },
{ "type": "Feature", "properties": { "GEOID": "55097961300", "county": "Census Tract 9613" }, "geometry": { "type": "Polygon", "coordinates": [ [ [ -89.5243, 44.2444 ], [ -89.5188, 44.4308 ], [ -89.5107, 44.4253 ], [ -89.5086, 44.4322 ], [ -89.4883, 44.4326 ], [ -89.482, 44.4321 ], [ -89.469, 44.4243 ], [ -89.3981, 44.4214 ], [ -89.3855, 44.4166 ], [ -89.3655, 44.4171 ], [ -89.3247, 44.4135 ], [ -89.3091, 44.4078 ], [ -89.2998, 44.3998 ], [ -89.2851, 44.3984 ], [ -89.2808, 44.3981 ], [ -89.2787, 44.4032 ], [ -89.2338, 44.4031 ], [ -89.2342, 44.4089 ], [ -89.2238, 44.4042 ], [ -89.2248, 44.2434 ], [ -89.5243, 44.2444 ] ] ] } },
{ "type": "Feature", "properties": { "GEOID": "55097960500", "county": "Census Tract 9605" }, "geometry": { "type": "Polygon", "coordinates": [ [ [ -89.5958, 44.5681 ], [ -89.5887, 44.5716 ], [ -89.5835, 44.5791 ], [ -89.576, 44.5815 ], [ -89.5749, 44.5848 ], [ -89.5475, 44.5914 ], [ -89.5452, 44.5963 ], [ -89.5401, 44.5978 ], [ -89.54, 44.6136 ], [ -89.4894, 44.6134 ], [ -89.4923, 44.599 ], [ -89.4897, 44.5884 ], [ -89.4989, 44.5816 ], [ -89.502, 44.5761 ], [ -89.4996, 44.5764 ], [ -89.4994, 44.5528 ], [ -89.5044, 44.5524 ], [ -89.5043, 44.5417 ], [ -89.4254, 44.5389 ], [ -89.4259, 44.5204 ], [ -89.4464, 44.5212 ], [ -89.4468, 44.5102 ], [ -89.4954, 44.5132 ], [ -89.5091, 44.5169 ], [ -89.509, 44.5123 ], [ -89.5414, 44.5127 ], [ -89.5374, 44.5168 ], [ -89.5368, 44.5234 ], [ -89.5443, 44.5234 ], [ -89.5445, 44.538 ], [ -89.5467, 44.5392 ], [ -89.5444, 44.5409 ], [ -89.5544, 44.5479 ], [ -89.5804, 44.5495 ], [ -89.5958, 44.5681 ] ] ] } },
{ "type": "Feature", "properties": { "GEOID": "55099970200", "county": "Census Tract 9702" }, "geometry": { "type": "Polygon", "coordinates": [ [ [ -90.4745, 45.9018 ], [ -90.4693, 45.9111 ], [ -90.4681, 45.9489 ], [ -90.4476, 45.9454 ], [ -90.4476, 45.9526 ], [ -90.431, 45.9526 ], [ -90.4261, 45.9627 ], [ -90.4185, 45.97 ], [ -90.4185, 45.9775 ], [ -90.4124, 45.9778 ], [ -90.4083, 45.9815 ], [ -90.3282, 45.9814 ], [ -90.3301, 45.9765 ], [ -90.3338, 45.9758 ], [ -90.3372, 45.9627 ], [ -90.3336, 45.9609 ], [ -90.3319, 45.9558 ], [ -90.3358, 45.9509 ], [ -90.3309, 45.9464 ], [ -90.3608, 45.9421 ], [ -90.4073, 45.9419 ], [ -90.4139, 45.9386 ], [ -90.427, 45.9384 ], [ -90.4263, 45.9025 ], [ -90.4366, 45.9024 ], [ -90.4486, 45.9129 ], [ -90.4645, 45.9027 ], [ -90.4745, 45.9018 ] ] ] } },
{ "type": "Feature", "properties": { "GEOID": "55105001800", "county": "Census Tract 18" }, "geometry": { "type": "Polygon", "coordinates": [ [ [ -89.0374, 42.5252 ], [ -89.0172, 42.525 ], [ -89.0154, 42.5173 ], [ -89.024, 42.508 ], [ -89.0268, 42.508 ], [ -89.0268, 42.5106 ], [ -89.0339, 42.5079 ], [ -89.0374, 42.5252 ] ] ] } },
{ "type": "Feature", "properties": { "GEOID": "55105002500", "county": "Census Tract 25" }, "geometry": { "type": "Polygon", "coordinates": [ [ [ -89.0225, 42.5468 ], [ -89.0116, 42.5467 ], [ -89.0118, 42.525 ], [ -89.0172, 42.525 ], [ -89.0225, 42.5468 ] ] ] } },
{ "type": "Feature", "properties": { "GEOID": "55105000900", "county": "Census Tract 9" }, "geometry": { "type": "Polygon", "coordinates": [ [ [ -89.003, 42.6908 ], [ -88.9841, 42.6967 ], [ -88.9837, 42.6708 ], [ -89.0028, 42.6789 ], [ -89.003, 42.6908 ] ] ] } },
{ "type": "Feature", "properties": { "GEOID": "55105001202", "county": "Census Tract 12.02" }, "geometry": { "type": "Polygon", "coordinates": [ [ [ -89.1311, 42.7595 ], [ -89.0052, 42.76 ], [ -89.0046, 42.7368 ], [ -88.9931, 42.7258 ], [ -89.0068, 42.7043 ], [ -89.0338, 42.704 ], [ -89.0384, 42.7105 ], [ -89.0376, 42.7177 ], [ -89.0505, 42.716 ], [ -89.0522, 42.6957 ], [ -89.0633, 42.701 ], [ -89.1307, 42.7013 ], [ -89.1311, 42.7595 ] ] ] } },
{ "type": "Feature", "properties": { "GEOID": "55105000300", "county": "Census Tract 3" }, "geometry": { "type": "Polygon", "coordinates": [ [ [ -89.0318, 42.6793 ], [ -89.0227, 42.681 ], [ -89.0148, 42.6716 ], [ -89.0256, 42.6681 ], [ -89.0316, 42.6695 ], [ -89.0318, 42.6793 ] ] ] } },
{ "type": "Feature", "properties": { "GEOID": "55107960400", "county": "Census Tract 9604" }, "geometry": { "type": "Polygon", "coordinates": [ [ [ -91.2713, 45.3985 ], [ -91.2664, 45.401 ], [ -91.2661, 45.4344 ], [ -91.2561, 45.4348 ], [ -91.2564, 45.4522 ], [ -91.2327, 45.4656 ], [ -91.1254, 45.465 ], [ -91.1256, 45.458 ], [ -91.1314, 45.458 ], [ -91.131, 45.4459 ], [ -91.0803, 45.4477 ], [ -91.0803, 45.4513 ], [ -91.07, 45.4513 ], [ -91.0699, 45.4657 ], [ -90.9245, 45.4655 ], [ -90.9252, 45.4519 ], [ -90.9046, 45.4517 ], [ -90.9033, 45.4479 ], [ -90.9047, 45.3792 ], [ -90.9253, 45.3793 ], [ -90.9252, 45.2921 ], [ -91.1466, 45.2921 ], [ -91.1469, 45.2968 ], [ -91.158, 45.3005 ], [ -91.1539, 45.3014 ], [ -91.1551, 45.3031 ], [ -91.1496, 45.3075 ], [ -91.1476, 45.3176 ], [ -91.1406, 45.3238 ], [ -91.142, 45.3285 ], [ -91.1359, 45.3335 ], [ -91.1335, 45.3324 ], [ -91.132, 45.3354 ], [ -91.1938, 45.3358 ], [ -91.194, 45.3781 ], [ -91.2172, 45.3777 ], [ -91.2238, 45.3924 ], [ -91.2448, 45.3919 ], [ -91.248, 45.3936 ], [ -91.2508, 45.3918 ], [ -91.2714, 45.3916 ], [ -91.2713, 45.3985 ] ] ] } },
{ "type": "Feature", "properties": { "GEOID": "55069960200", "county": "Census Tract 9602" }, "geometry": { "type": "Polygon", "coordinates": [ [ [ -89.7631, 45.4785 ], [ -89.76, 45.4845 ], [ -89.7574, 45.4844 ], [ -89.7601, 45.4926 ], [ -89.7549, 45.4913 ], [ -89.755, 45.4877 ], [ -89.7518, 45.4877 ], [ -89.7531, 45.491 ], [ -89.7505, 45.4912 ], [ -89.7489, 45.4979 ], [ -89.7393, 45.5028 ], [ -89.7381, 45.5002 ], [ -89.7293, 45.4963 ], [ -89.6722, 45.4963 ], [ -89.6747, 45.4931 ], [ -89.6732, 45.4824 ], [ -89.6818, 45.4825 ], [ -89.6825, 45.4704 ], [ -89.7197, 45.472 ], [ -89.7289, 45.4671 ], [ -89.7336, 45.4671 ], [ -89.7345, 45.4547 ], [ -89.7385, 45.4603 ], [ -89.7631, 45.4785 ] ] ] } },
{ "type": "Feature", "properties": { "GEOID": "55117000202", "county": "Census Tract 2.02" }, "geometry": { "type": "Polygon", "coordinates": [ [ [ -87.7284, 43.7867 ], [ -87.7166, 43.7878 ], [ -87.7153, 43.7905 ], [ -87.7125, 43.7862 ], [ -87.7153, 43.7853 ], [ -87.7129, 43.7684 ], [ -87.7245, 43.7684 ], [ -87.725, 43.7797 ], [ -87.7284, 43.7867 ] ] ] } },
{ "type": "Feature", "properties": { "GEOID": "55117000500", "county": "Census Tract 5" }, "geometry": { "type": "Polygon", "coordinates": [ [ [ -87.7292, 43.7643 ], [ -87.7241, 43.7643 ], [ -87.7213, 43.7607 ], [ -87.7146, 43.7607 ], [ -87.7146, 43.7509 ], [ -87.7184, 43.7515 ], [ -87.7214, 43.755 ], [ -87.7251, 43.7547 ], [ -87.7257, 43.7498 ], [ -87.7292, 43.7474 ], [ -87.7292, 43.7643 ] ] ] } },
{ "type": "Feature", "properties": { "GEOID": "55119960600", "county": "Census Tract 9606" }, "geometry": { "type": "Polygon", "coordinates": [ [ [ -90.5569, 45.1185 ], [ -90.4338, 45.1178 ], [ -90.3472, 45.1207 ], [ -90.347, 45.119 ], [ -90.3427, 45.1189 ], [ -90.3429, 45.1209 ], [ -90.3189, 45.1213 ], [ -90.1978, 45.1206 ], [ -90.1975, 45.0336 ], [ -90.557, 45.0311 ], [ -90.5569, 45.1185 ] ] ] } },
{ "type": "Feature", "properties": { "GEOID": "55075961400", "county": "Census Tract 9614" }, "geometry": { "type": "Polygon", "coordinates": [ [ [ -87.6603, 45.0824 ], [ -87.6389, 45.0943 ], [ -87.6388, 45.0995 ], [ -87.6312, 45.0999 ], [ -87.6265, 45.1032 ], [ -87.6192, 45.1016 ], [ -87.6243, 45.0964 ], [ -87.6242, 45.0899 ], [ -87.6193, 45.0889 ], [ -87.6204, 45.0559 ], [ -87.6583, 45.0568 ], [ -87.6603, 45.0824 ] ] ] } },
{ "type": "Feature", "properties": { "GEOID": "55089660201", "county": "Census Tract 6602.01" }, "geometry": { "type": "Polygon", "coordinates": [ [ [ -88.0633, 43.1921 ], [ -88.0633, 43.2789 ], [ -88.004, 43.279 ], [ -88.0038, 43.1926 ], [ -88.0633, 43.1921 ] ] ] } },
{ "type": "Feature", "properties": { "GEOID": "55089660301", "county": "Census Tract 6603.01" }, "geometry": { "type": "Polygon", "coordinates": [ [ [ -87.9845, 43.2254 ], [ -87.9821, 43.2304 ], [ -87.9648, 43.2331 ], [ -87.9639, 43.2506 ], [ -87.9118, 43.2504 ], [ -87.9101, 43.2359 ], [ -87.9005, 43.2195 ], [ -87.9825, 43.2215 ], [ -87.9845, 43.2254 ] ] ] } },
{ "type": "Feature", "properties": { "GEOID": "55089610101", "county": "Census Tract 6101.01" }, "geometry": { "type": "Polygon", "coordinates": [ [ [ -88.0407, 43.4545 ], [ -88.0405, 43.5424 ], [ -87.921, 43.5434 ], [ -87.9205, 43.4558 ], [ -88.0407, 43.4545 ] ] ] } },
{ "type": "Feature", "properties": { "GEOID": "55089630201", "county": "Census Tract 6302.01" }, "geometry": { "type": "Polygon", "coordinates": [ [ [ -87.9208, 43.4047 ], [ -87.9205, 43.4558 ], [ -87.8107, 43.456 ], [ -87.8126, 43.4504 ], [ -87.8556, 43.4054 ], [ -87.8657, 43.3903 ], [ -87.8681, 43.3942 ], [ -87.8663, 43.3963 ], [ -87.8776, 43.398 ], [ -87.8775, 43.3944 ], [ -87.8813, 43.393 ], [ -87.9027, 43.4098 ], [ -87.9208, 43.4047 ] ] ] } },
{ "type": "Feature", "properties": { "GEOID": "55089630100", "county": "Census Tract 6301" }, "geometry": { "type": "Polygon", "coordinates": [ [ [ -87.886, 43.3838 ], [ -87.8857, 43.3975 ], [ -87.8813, 43.393 ], [ -87.8775, 43.3944 ], [ -87.8776, 43.398 ], [ -87.8663, 43.3963 ], [ -87.8681, 43.3942 ], [ -87.8657, 43.3903 ], [ -87.8728, 43.3796 ], [ -87.886, 43.3838 ] ] ] } },
{ "type": "Feature", "properties": { "GEOID": "55075960800", "county": "Census Tract 9608" }, "geometry": { "type": "Polygon", "coordinates": [ [ [ -88.1042, 45.2597 ], [ -88.1025, 45.3112 ], [ -88.0717, 45.3098 ], [ -88.0481, 45.3132 ], [ -88.0428, 45.3092 ], [ -88.0426, 45.3 ], [ -88.0399, 45.2981 ], [ -88.033, 45.2979 ], [ -88.0324, 45.2945 ], [ -87.992, 45.2944 ], [ -87.9913, 45.2862 ], [ -87.9829, 45.2837 ], [ -87.9703, 45.2833 ], [ -87.9684, 45.2787 ], [ -87.9636, 45.2784 ], [ -87.9549, 45.2701 ], [ -87.9409, 45.2653 ], [ -87.9343, 45.2561 ], [ -87.8751, 45.2608 ], [ -87.8681, 45.2683 ], [ -87.8623, 45.2669 ], [ -87.8508, 45.259 ], [ -87.8424, 45.2571 ], [ -87.8522, 45.2418 ], [ -87.8718, 45.2407 ], [ -87.8714, 45.1936 ], [ -87.9189, 45.1945 ], [ -87.9188, 45.1874 ], [ -87.9379, 45.1874 ], [ -87.9418, 45.1856 ], [ -87.9514, 45.1872 ], [ -87.9532, 45.189 ], [ -87.9486, 45.1934 ], [ -87.9577, 45.1922 ], [ -87.958, 45.1949 ], [ -87.9624, 45.1962 ], [ -87.9612, 45.199 ], [ -87.9655, 45.2046 ], [ -87.9633, 45.2069 ], [ -87.9693, 45.2082 ], [ -87.967, 45.2051 ], [ -87.9706, 45.2043 ], [ -87.9728, 45.2099 ], [ -87.9761, 45.2028 ], [ -88.0032, 45.2031 ], [ -88.005, 45.21 ], [ -88.0785, 45.2106 ], [ -88.0787, 45.2178 ], [ -88.0889, 45.2179 ], [ -88.0888, 45.232 ], [ -88.0837, 45.232 ], [ -88.0838, 45.25 ], [ -88.0916, 45.2558 ], [ -88.1042, 45.2597 ] ] ] } },
{ "type": "Feature", "properties": { "GEOID": "55047100100", "county": "Census Tract 1001" }, "geometry": { "type": "Polygon", "coordinates": [ [ [ -89.0327, 43.9587 ], [ -89.0313, 43.9715 ], [ -88.9873, 43.9685 ], [ -88.9467, 43.9684 ], [ -88.9468, 43.9711 ], [ -88.9366, 43.9711 ], [ -88.9366, 43.9739 ], [ -88.9298, 43.9757 ], [ -88.9112, 43.9757 ], [ -88.9065, 43.9775 ], [ -88.9063, 43.9833 ], [ -88.8862, 43.9832 ], [ -88.8859, 43.9393 ], [ -88.8913, 43.9406 ], [ -88.9054, 43.9391 ], [ -88.9669, 43.9394 ], [ -88.9669, 43.9485 ], [ -88.9699, 43.9512 ], [ -88.9769, 43.9511 ], [ -88.9848, 43.9544 ], [ -88.9889, 43.9609 ], [ -88.9934, 43.957 ], [ -89.0075, 43.9623 ], [ -89.0327, 43.9587 ] ] ] } },
{ "type": "Feature", "properties": { "GEOID": "55047100300", "county": "Census Tract 1003" }, "geometry": { "type": "Polygon", "coordinates": [ [ [ -89.1983, 43.8765 ], [ -89.1681, 43.8765 ], [ -89.1686, 43.9828 ], [ -89.0164, 43.9834 ], [ -89.0163, 43.9713 ], [ -89.0313, 43.9715 ], [ -89.0327, 43.9587 ], [ -89.0075, 43.9623 ], [ -88.9934, 43.957 ], [ -88.9889, 43.9609 ], [ -88.9848, 43.9544 ], [ -88.9769, 43.9511 ], [ -88.9699, 43.9512 ], [ -88.9669, 43.9485 ], [ -88.9669, 43.9394 ], [ -88.9054, 43.9391 ], [ -88.8913, 43.9406 ], [ -88.8859, 43.9393 ], [ -88.8857, 43.8952 ], [ -88.9464, 43.8954 ], [ -88.9461, 43.8839 ], [ -88.9561, 43.8842 ], [ -88.9562, 43.8878 ], [ -88.9867, 43.8879 ], [ -88.9867, 43.8734 ], [ -89.0068, 43.8727 ], [ -89.0072, 43.837 ], [ -89.1066, 43.8359 ], [ -89.1226, 43.8443 ], [ -89.1227, 43.8341 ], [ -89.1329, 43.8342 ], [ -89.1361, 43.8273 ], [ -89.1532, 43.8269 ], [ -89.1752, 43.8234 ], [ -89.1704, 43.8245 ], [ -89.1718, 43.8282 ], [ -89.1796, 43.83 ], [ -89.1917, 43.8291 ], [ -89.1959, 43.818 ], [ -89.198, 43.818 ], [ -89.1983, 43.8765 ] ] ] } },
{ "type": "Feature", "properties": { "GEOID": "55049950600", "county": "Census Tract 9506" }, "geometry": { "type": "Polygon", "coordinates": [ [ [ -90.2631, 42.8614 ], [ -90.2548, 42.8652 ], [ -90.2455, 42.8764 ], [ -90.2454, 42.8797 ], [ -90.2235, 42.8817 ], [ -90.2259, 42.8851 ], [ -90.2259, 42.898 ], [ -90.2208, 42.899 ], [ -90.22, 42.912 ], [ -90.2119, 42.9124 ], [ -90.211, 42.9161 ], [ -90.1195, 42.9163 ], [ -90.1095, 42.9185 ], [ -90.0935, 42.9168 ], [ -90.0797, 42.9218 ], [ -90.0784, 42.9247 ], [ -90.0684, 42.9205 ], [ -90.0685, 42.9135 ], [ -90.0632, 42.9121 ], [ -90.0598, 42.9073 ], [ -90.0734, 42.8996 ], [ -90.0731, 42.8138 ], [ -90.2575, 42.8146 ], [ -90.2518, 42.8225 ], [ -90.2413, 42.825 ], [ -90.2457, 42.831 ], [ -90.2402, 42.8347 ], [ -90.2354, 42.8424 ], [ -90.2394, 42.847 ], [ -90.2428, 42.8474 ], [ -90.2499, 42.8472 ], [ -90.2515, 42.8436 ], [ -90.2599, 42.8435 ], [ -90.2604, 42.8576 ], [ -90.2631, 42.8614 ] ] ] } },
{ "type": "Feature", "properties": { "GEOID": "55059001900", "county": "Census Tract 19" }, "geometry": { "type": "Polygon", "coordinates": [ [ [ -87.8203, 42.5808 ], [ -87.8137, 42.5808 ], [ -87.8125, 42.5564 ], [ -87.8201, 42.5568 ], [ -87.8203, 42.5808 ] ] ] } },
{ "type": "Feature", "properties": { "GEOID": "55059002700", "county": "Census Tract 27" }, "geometry": { "type": "Polygon", "coordinates": [ [ [ -88.0702, 42.5829 ], [ -87.953, 42.5823 ], [ -87.951, 42.4946 ], [ -88.0689, 42.4956 ], [ -88.0702, 42.5829 ] ] ] } },
{ "type": "Feature", "properties": { "GEOID": "55059000800", "county": "Census Tract 8" }, "geometry": { "type": "Polygon", "coordinates": [ [ [ -87.8457, 42.6028 ], [ -87.8359, 42.6014 ], [ -87.8357, 42.5879 ], [ -87.8456, 42.5881 ], [ -87.8457, 42.6028 ] ] ] } },
{ "type": "Feature", "properties": { "GEOID": "55059001600", "county": "Census Tract 16" }, "geometry": { "type": "Polygon", "coordinates": [ [ [ -87.843, 42.5776 ], [ -87.8259, 42.5777 ], [ -87.8254, 42.5715 ], [ -87.8332, 42.5732 ], [ -87.8332, 42.5711 ], [ -87.8415, 42.571 ], [ -87.843, 42.5776 ] ] ] } },
{ "type": "Feature", "properties": { "GEOID": "55059003001", "county": "Census Tract 30.01" }, "geometry": { "type": "Polygon", "coordinates": [ [ [ -88.3053, 42.5527 ], [ -88.2564, 42.5528 ], [ -88.2562, 42.531 ], [ -88.2477, 42.5293 ], [ -88.2565, 42.5212 ], [ -88.2687, 42.5189 ], [ -88.2746, 42.4948 ], [ -88.3047, 42.4948 ], [ -88.3053, 42.5527 ] ] ] } },
{ "type": "Feature", "properties": { "GEOID": "55065970500", "county": "Census Tract 9705" }, "geometry": { "type": "Polygon", "coordinates": [ [ [ -90.2113, 42.5371 ], [ -90.1793, 42.5372 ], [ -90.1657, 42.5349 ], [ -90.1675, 42.5509 ], [ -90.1724, 42.5518 ], [ -90.172, 42.6099 ], [ -90.1916, 42.61 ], [ -90.1916, 42.6173 ], [ -90.1863, 42.6173 ], [ -90.1861, 42.6464 ], [ -90.1811, 42.6463 ], [ -90.1812, 42.668 ], [ -90.1041, 42.668 ], [ -90.0881, 42.6664 ], [ -90.0875, 42.668 ], [ -90.0736, 42.6681 ], [ -90.0641, 42.6754 ], [ -90.0582, 42.6766 ], [ -90.0437, 42.675 ], [ -90.0345, 42.6673 ], [ -90.018, 42.6715 ], [ -90.0092, 42.677 ], [ -90.0023, 42.6771 ], [ -90.0, 42.6752 ], [ -89.9855, 42.6755 ], [ -89.9854, 42.6682 ], [ -89.9708, 42.6683 ], [ -89.9707, 42.6658 ], [ -89.9624, 42.6644 ], [ -89.9604, 42.669 ], [ -89.9509, 42.6722 ], [ -89.9503, 42.6827 ], [ -89.8816, 42.6831 ], [ -89.8814, 42.677 ], [ -89.8876, 42.6736 ], [ -89.885, 42.6642 ], [ -89.8783, 42.6666 ], [ -89.8768, 42.6652 ], [ -89.8745, 42.6678 ], [ -89.8544, 42.6695 ], [ -89.8453, 42.6794 ], [ -89.8459, 42.6832 ], [ -89.8372, 42.6832 ], [ -89.8376, 42.5055 ], [ -90.2061, 42.5077 ], [ -90.207, 42.5224 ], [ -90.2112, 42.5224 ], [ -90.2113, 42.5371 ] ] ] } },
{ "type": "Feature", "properties": { "GEOID": "55065970300", "county": "Census Tract 9703" }, "geometry": { "type": "Polygon", "coordinates": [ [ [ -90.4269, 42.8129 ], [ -90.2997, 42.8142 ], [ -90.3018, 42.792 ], [ -90.2898, 42.7904 ], [ -90.2893, 42.6977 ], [ -90.1824, 42.6975 ], [ -90.1811, 42.6463 ], [ -90.1861, 42.6464 ], [ -90.1863, 42.6173 ], [ -90.2209, 42.617 ], [ -90.2211, 42.6026 ], [ -90.2408, 42.6026 ], [ -90.2407, 42.6098 ], [ -90.3004, 42.6099 ], [ -90.3009, 42.6024 ], [ -90.3058, 42.5954 ], [ -90.2899, 42.5954 ], [ -90.2902, 42.5874 ], [ -90.2946, 42.5873 ], [ -90.3002, 42.5835 ], [ -90.3092, 42.5743 ], [ -90.3085, 42.562 ], [ -90.3295, 42.5659 ], [ -90.353, 42.5732 ], [ -90.3525, 42.5799 ], [ -90.364, 42.5796 ], [ -90.3668, 42.5756 ], [ -90.3682, 42.5868 ], [ -90.3591, 42.5912 ], [ -90.362, 42.5949 ], [ -90.4259, 42.5948 ], [ -90.4269, 42.8129 ] ] ] } },
{ "type": "Feature", "properties": { "GEOID": "55009010100", "county": "Census Tract 101" }, "geometry": { "type": "Polygon", "coordinates": [ [ [ -88.0683, 44.4536 ], [ -88.0558, 44.4649 ], [ -88.0402, 44.4579 ], [ -88.0428, 44.4542 ], [ -88.0148, 44.4442 ], [ -88.014, 44.4406 ], [ -88.0155, 44.4386 ], [ -88.0175, 44.4393 ], [ -88.0169, 44.4375 ], [ -88.0276, 44.4412 ], [ -88.0302, 44.4375 ], [ -88.0498, 44.4443 ], [ -88.0466, 44.4488 ], [ -88.0646, 44.4476 ], [ -88.0683, 44.4536 ] ] ] } },
{ "type": "Feature", "properties": { "GEOID": "55009940002", "county": "Census Tract 9400.02" }, "geometry": { "type": "Polygon", "coordinates": [ [ [ -88.1501, 44.514 ], [ -88.1447, 44.5165 ], [ -88.1466, 44.5192 ], [ -88.1398, 44.5239 ], [ -88.1298, 44.524 ], [ -88.1293, 44.5336 ], [ -88.1216, 44.5342 ], [ -88.1223, 44.5416 ], [ -88.105, 44.5431 ], [ -88.1059, 44.5369 ], [ -88.1112, 44.5399 ], [ -88.1095, 44.5239 ], [ -88.1128, 44.5239 ], [ -88.1128, 44.5167 ], [ -88.1095, 44.5167 ], [ -88.1095, 44.5064 ], [ -88.1133, 44.4968 ], [ -88.1311, 44.4958 ], [ -88.1499, 44.5013 ], [ -88.1501, 44.514 ] ] ] } },
{ "type": "Feature", "properties": { "GEOID": "55009000401", "county": "Census Tract 4.01" }, "geometry": { "type": "Polygon", "coordinates": [ [ [ -88.064, 44.5237 ], [ -88.0552, 44.5367 ], [ -88.04, 44.531 ], [ -88.0419, 44.5281 ], [ -88.0402, 44.5263 ], [ -88.0462, 44.5175 ], [ -88.064, 44.5237 ] ] ] } },
{ "type": "Feature", "properties": { "GEOID": "55009000800", "county": "Census Tract 8" }, "geometry": { "type": "Polygon", "coordinates": [ [ [ -88.0453, 44.4927 ], [ -88.0377, 44.4925 ], [ -88.0435, 44.4945 ], [ -88.0235, 44.5205 ], [ -88.0157, 44.5183 ], [ -88.0233, 44.5041 ], [ -88.0263, 44.4919 ], [ -88.0345, 44.4852 ], [ -88.0418, 44.4879 ], [ -88.0404, 44.4901 ], [ -88.0453, 44.4927 ] ] ] } },
{ "type": "Feature", "properties": { "GEOID": "55009001701", "county": "Census Tract 17.01" }, "geometry": { "type": "Polygon", "coordinates": [ [ [ -87.9828, 44.5123 ], [ -87.981, 44.5245 ], [ -87.9702, 44.5208 ], [ -87.9555, 44.519 ], [ -87.9635, 44.5132 ], [ -87.9828, 44.5123 ] ] ] } },
{ "type": "Feature", "properties": { "GEOID": "55009021400", "county": "Census Tract 214" }, "geometry": { "type": "Polygon", "coordinates": [ [ [ -88.1909, 44.2992 ], [ -88.1915, 44.3569 ], [ -88.1859, 44.3583 ], [ -88.1871, 44.357 ], [ -88.1441, 44.3572 ], [ -88.139, 44.3675 ], [ -88.1331, 44.3701 ], [ -88.1295, 44.3752 ], [ -88.124, 44.3768 ], [ -88.1179, 44.3838 ], [ -88.1175, 44.3882 ], [ -88.0952, 44.407 ], [ -88.089, 44.4168 ], [ -88.0569, 44.4157 ], [ -88.0562, 44.4087 ], [ -88.0495, 44.4012 ], [ -88.0281, 44.4012 ], [ -88.0163, 44.3938 ], [ -88.0091, 44.3938 ], [ -88.0091, 44.3865 ], [ -87.988, 44.3866 ], [ -87.9885, 44.3428 ], [ -88.0092, 44.3429 ], [ -88.0095, 44.299 ], [ -88.1909, 44.2992 ] ] ] } },
{ "type": "Feature", "properties": { "GEOID": "55073000400", "county": "Census Tract 4" }, "geometry": { "type": "Polygon", "coordinates": [ [ [ -89.6561, 44.9697 ], [ -89.6571, 44.9954 ], [ -89.6244, 44.9956 ], [ -89.6213, 44.9886 ], [ -89.6225, 44.9841 ], [ -89.631, 44.9778 ], [ -89.6317, 44.9696 ], [ -89.6561, 44.9697 ] ] ] } },
{ "type": "Feature", "properties": { "GEOID": "55071000100", "county": "Census Tract 1" }, "geometry": { "type": "Polygon", "coordinates": [ [ [ -87.6787, 44.1536 ], [ -87.6202, 44.1536 ], [ -87.6201, 44.1224 ], [ -87.6427, 44.1081 ], [ -87.6706, 44.1083 ], [ -87.6707, 44.1349 ], [ -87.6787, 44.1536 ] ] ] } },
{ "type": "Feature", "properties": { "GEOID": "55071000800", "county": "Census Tract 8" }, "geometry": { "type": "Polygon", "coordinates": [ [ [ -87.6714, 44.0372 ], [ -87.6608, 44.0524 ], [ -87.6607, 44.0665 ], [ -87.6662, 44.0665 ], [ -87.666, 44.0952 ], [ -87.6606, 44.0919 ], [ -87.6517, 44.0917 ], [ -87.6501, 44.0882 ], [ -87.6552, 44.0819 ], [ -87.6535, 44.0672 ], [ -87.6561, 44.0518 ], [ -87.6714, 44.0372 ] ] ] } },
{ "type": "Feature", "properties": { "GEOID": "55071005100", "county": "Census Tract 51" }, "geometry": { "type": "Polygon", "coordinates": [ [ [ -87.5797, 44.1777 ], [ -87.5754, 44.1803 ], [ -87.5751, 44.1842 ], [ -87.5692, 44.1823 ], [ -87.5411, 44.1827 ], [ -87.5347, 44.1806 ], [ -87.5518, 44.1594 ], [ -87.5443, 44.157 ], [ -87.5628, 44.1445 ], [ -87.5652, 44.1596 ], [ -87.5733, 44.1665 ], [ -87.5713, 44.1689 ], [ -87.5728, 44.1755 ], [ -87.576, 44.1747 ], [ -87.5797, 44.1777 ] ] ] } },
{ "type": "Feature", "properties": { "GEOID": "55057100700", "county": "Census Tract 1007" }, "geometry": { "type": "Polygon", "coordinates": [ [ [ -90.1778, 43.6926 ], [ -90.167, 43.6926 ], [ -90.1631, 43.7017 ], [ -90.1508, 43.7113 ], [ -90.1461, 43.7267 ], [ -90.1468, 43.7386 ], [ -90.1348, 43.7404 ], [ -90.1368, 43.7518 ], [ -90.1266, 43.7565 ], [ -90.1125, 43.7566 ], [ -90.1072, 43.7604 ], [ -90.0959, 43.761 ], [ -90.0912, 43.7652 ], [ -90.0739, 43.764 ], [ -90.0662, 43.7676 ], [ -90.0608, 43.7677 ], [ -90.0576, 43.7695 ], [ -90.0592, 43.7774 ], [ -90.0532, 43.7836 ], [ -90.055, 43.789 ], [ -90.042, 43.7924 ], [ -90.0411, 43.7889 ], [ -90.0308, 43.7907 ], [ -90.0205, 43.7872 ], [ -90.0216, 43.786 ], [ -90.0148, 43.7882 ], [ -90.0087, 43.7863 ], [ -90.0101, 43.7882 ], [ -90.0071, 43.7884 ], [ -90.0008, 43.7853 ], [ -89.9976, 43.7794 ], [ -89.9961, 43.7815 ], [ -89.9927, 43.7796 ], [ -89.987, 43.7813 ], [ -89.9853, 43.78 ], [ -89.9853, 43.782 ], [ -89.9817, 43.7826 ], [ -89.9759, 43.7796 ], [ -89.9715, 43.7832 ], [ -89.9681, 43.7847 ], [ -89.9658, 43.7834 ], [ -89.9585, 43.7875 ], [ -89.9547, 43.7867 ], [ -89.9578, 43.7843 ], [ -89.9506, 43.7849 ], [ -89.9402, 43.7758 ], [ -89.9294, 43.7747 ], [ -89.9279, 43.7711 ], [ -89.9229, 43.7711 ], [ -89.9207, 43.7674 ], [ -89.9187, 43.7696 ], [ -89.916, 43.7699 ], [ -89.9156, 43.768 ], [ -89.9095, 43.7709 ], [ -89.9079, 43.7685 ], [ -89.9029, 43.7711 ], [ -89.8956, 43.7689 ], [ -89.889, 43.7723 ], [ -89.8857, 43.7709 ], [ -89.8778, 43.7735 ], [ -89.8779, 43.7675 ], [ -89.8506, 43.7671 ], [ -89.85, 43.7635 ], [ -89.8429, 43.7575 ], [ -89.8412, 43.7367 ], [ -89.8225, 43.6974 ], [ -89.8077, 43.6772 ], [ -89.7913, 43.6706 ], [ -89.7869, 43.6661 ], [ -89.7861, 43.6504 ], [ -89.7892, 43.6452 ], [ -89.7849, 43.641 ], [ -90.1628, 43.6421 ], [ -90.1627, 43.6504 ], [ -90.167, 43.6542 ], [ -90.1692, 43.664 ], [ -90.163, 43.6694 ], [ -90.1651, 43.671 ], [ -90.1652, 43.6821 ], [ -90.1778, 43.6926 ] ] ] } },
{ "type": "Feature", "properties": { "GEOID": "55057100200", "county": "Census Tract 1002" }, "geometry": { "type": "Polygon", "coordinates": [ [ [ -90.3128, 44.0051 ], [ -90.2869, 43.9912 ], [ -90.2762, 43.9876 ], [ -90.2687, 43.9888 ], [ -90.2648, 43.9873 ], [ -90.2613, 43.9794 ], [ -90.2573, 43.9813 ], [ -90.2513, 43.976 ], [ -90.2483, 43.9771 ], [ -90.2469, 43.9847 ], [ -90.2319, 43.9849 ], [ -90.2319, 43.9813 ], [ -90.1419, 43.9812 ], [ -90.1247, 43.9572 ], [ -90.1216, 43.9546 ], [ -90.1184, 43.9549 ], [ -90.1177, 43.9522 ], [ -90.1228, 43.952 ], [ -90.1221, 43.915 ], [ -90.1282, 43.9087 ], [ -90.1526, 43.9087 ], [ -90.1522, 43.8853 ], [ -90.1725, 43.8943 ], [ -90.2116, 43.9055 ], [ -90.2114, 43.8621 ], [ -90.1914, 43.862 ], [ -90.1707, 43.8585 ], [ -90.1662, 43.8672 ], [ -90.1604, 43.8661 ], [ -90.1572, 43.869 ], [ -90.1459, 43.8697 ], [ -90.14, 43.8667 ], [ -90.1411, 43.8654 ], [ -90.1363, 43.8644 ], [ -90.1323, 43.8591 ], [ -90.129, 43.8604 ], [ -90.1222, 43.856 ], [ -90.1218, 43.8531 ], [ -90.1254, 43.8522 ], [ -90.1191, 43.8443 ], [ -90.1134, 43.8407 ], [ -90.1142, 43.8387 ], [ -90.1093, 43.8393 ], [ -90.1079, 43.8369 ], [ -90.1118, 43.8374 ], [ -90.1059, 43.8361 ], [ -90.1128, 43.8317 ], [ -90.1123, 43.8293 ], [ -90.1088, 43.83 ], [ -90.1054, 43.8277 ], [ -90.1083, 43.8272 ], [ -90.1077, 43.8251 ], [ -90.099, 43.8238 ], [ -90.0984, 43.8179 ], [ -90.1047, 43.8134 ], [ -90.1171, 43.8116 ], [ -90.117, 43.8072 ], [ -90.1219, 43.8072 ], [ -90.1217, 43.789 ], [ -90.1117, 43.7889 ], [ -90.1117, 43.7782 ], [ -90.0918, 43.7782 ], [ -90.1109, 43.7571 ], [ -90.1266, 43.7565 ], [ -90.1368, 43.7518 ], [ -90.1369, 43.7495 ], [ -90.1553, 43.7469 ], [ -90.1716, 43.7382 ], [ -90.1888, 43.735 ], [ -90.1934, 43.7371 ], [ -90.1947, 43.7474 ], [ -90.2057, 43.7581 ], [ -90.2103, 43.7599 ], [ -90.2226, 43.754 ], [ -90.226, 43.7569 ], [ -90.2385, 43.7604 ], [ -90.2666, 43.7563 ], [ -90.2653, 43.7606 ], [ -90.2718, 43.7605 ], [ -90.2734, 43.7552 ], [ -90.2902, 43.7534 ], [ -90.3123, 43.7656 ], [ -90.3128, 44.0051 ] ] ] } },
{ "type": "Feature", "properties": { "GEOID": "55071010600", "county": "Census Tract 106" }, "geometry": { "type": "Polygon", "coordinates": [ [ [ -88.0421, 43.9792 ], [ -87.8817, 43.9789 ], [ -87.697, 43.9795 ], [ -87.7015, 43.9605 ], [ -87.719, 43.9378 ], [ -87.7313, 43.8922 ], [ -87.8658, 43.8916 ], [ -87.9822, 43.8918 ], [ -87.9822, 43.9019 ], [ -87.9734, 43.8982 ], [ -87.9696, 43.9023 ], [ -87.9822, 43.9139 ], [ -87.9817, 43.9352 ], [ -88.0419, 43.9356 ], [ -88.0421, 43.9792 ] ] ] } },
{ "type": "Feature", "properties": { "GEOID": "55071010200", "county": "Census Tract 102" }, "geometry": { "type": "Polygon", "coordinates": [ [ [ -87.8881, 44.2405 ], [ -87.8875, 44.3276 ], [ -87.6442, 44.3275 ], [ -87.6446, 44.255 ], [ -87.6648, 44.255 ], [ -87.6648, 44.2405 ], [ -87.681, 44.2405 ], [ -87.6811, 44.2116 ], [ -87.6605, 44.2115 ], [ -87.6606, 44.1537 ], [ -87.8016, 44.1531 ], [ -87.8019, 44.2401 ], [ -87.8881, 44.2405 ] ] ] } },
{ "type": "Feature", "properties": { "GEOID": "55071010700", "county": "Census Tract 107" }, "geometry": { "type": "Polygon", "coordinates": [ [ [ -88.0419, 43.9356 ], [ -87.9817, 43.9352 ], [ -87.9822, 43.9139 ], [ -87.9704, 43.9047 ], [ -87.9734, 43.8982 ], [ -87.9822, 43.9019 ], [ -87.9822, 43.8918 ], [ -88.0418, 43.8917 ], [ -88.0419, 43.9356 ] ] ] } },
{ "type": "Feature", "properties": { "GEOID": "55071000500", "county": "Census Tract 5" }, "geometry": { "type": "Polygon", "coordinates": [ [ [ -87.6835, 44.1034 ], [ -87.6719, 44.0963 ], [ -87.6633, 44.0999 ], [ -87.6662, 44.0872 ], [ -87.6834, 44.0866 ], [ -87.6835, 44.1034 ] ] ] } },
{ "type": "Feature", "properties": { "GEOID": "55073001700", "county": "Census Tract 17" }, "geometry": { "type": "Polygon", "coordinates": [ [ [ -89.4899, 44.6858 ], [ -89.4907, 44.8584 ], [ -89.224, 44.8562 ], [ -89.2237, 44.6814 ], [ -89.3459, 44.6814 ], [ -89.4899, 44.6858 ] ] ] } },
{ "type": "Feature", "properties": { "GEOID": "55073001900", "county": "Census Tract 19" }, "geometry": { "type": "Polygon", "coordinates": [ [ [ -90.0792, 44.9453 ], [ -89.727, 44.9442 ], [ -89.7275, 44.8582 ], [ -90.0791, 44.8587 ], [ -90.0792, 44.9453 ] ] ] } },
{ "type": "Feature", "properties": { "GEOID": "55079003400", "county": "Census Tract 34" }, "geometry": { "type": "Polygon", "coordinates": [ [ [ -88.0477, 43.0902 ], [ -88.0427, 43.0907 ], [ -88.0427, 43.0981 ], [ -88.031, 43.0977 ], [ -88.0348, 43.0947 ], [ -88.037, 43.0969 ], [ -88.0367, 43.0907 ], [ -88.0327, 43.0914 ], [ -88.033, 43.0898 ], [ -88.0315, 43.0915 ], [ -88.0277, 43.0902 ], [ -88.0276, 43.097 ], [ -88.0071, 43.0972 ], [ -88.0072, 43.09 ], [ -88.0346, 43.0887 ], [ -88.0477, 43.0902 ] ] ] } },
{ "type": "Feature", "properties": { "GEOID": "55079040100", "county": "Census Tract 401" }, "geometry": { "type": "Polygon", "coordinates": [ [ [ -87.9627, 43.1743 ], [ -87.9596, 43.1743 ], [ -87.9558, 43.1782 ], [ -87.9554, 43.1812 ], [ -87.9608, 43.188 ], [ -87.9592, 43.1924 ], [ -87.9247, 43.1921 ], [ -87.9174, 43.1763 ], [ -87.9152, 43.1763 ], [ -87.9151, 43.1426 ], [ -87.9197, 43.1434 ], [ -87.9197, 43.1405 ], [ -87.9279, 43.144 ], [ -87.93, 43.1524 ], [ -87.9352, 43.1589 ], [ -87.9465, 43.1597 ], [ -87.961, 43.1702 ], [ -87.9627, 43.1743 ] ] ] } },
{ "type": "Feature", "properties": { "GEOID": "55079050101", "county": "Census Tract 501.01" }, "geometry": { "type": "Polygon", "coordinates": [ [ [ -87.9948, 43.1632 ], [ -87.9942, 43.1925 ], [ -87.984, 43.1925 ], [ -87.9844, 43.1881 ], [ -87.9743, 43.1879 ], [ -87.9749, 43.1631 ], [ -87.9948, 43.1632 ] ] ] } },
{ "type": "Feature", "properties": { "GEOID": "55079011300", "county": "Census Tract 113" }, "geometry": { "type": "Polygon", "coordinates": [ [ [ -87.9134, 43.0457 ], [ -87.9044, 43.0545 ], [ -87.9035, 43.0457 ], [ -87.9134, 43.0457 ] ] ] } },
{ "type": "Feature", "properties": { "GEOID": "55079003700", "county": "Census Tract 37" }, "geometry": { "type": "Polygon", "coordinates": [ [ [ -87.9895, 43.0881 ], [ -87.9771, 43.088 ], [ -87.9772, 43.0826 ], [ -87.9896, 43.0827 ], [ -87.9895, 43.0881 ] ] ] } },
{ "type": "Feature", "properties": { "GEOID": "55079008900", "county": "Census Tract 89" }, "geometry": { "type": "Polygon", "coordinates": [ [ [ -87.9575, 43.0643 ], [ -87.9574, 43.0716 ], [ -87.9498, 43.0716 ], [ -87.9512, 43.061 ], [ -87.9531, 43.0606 ], [ -87.9541, 43.0643 ], [ -87.9575, 43.0643 ] ] ] } },
{ "type": "Feature", "properties": { "GEOID": "55079006300", "county": "Census Tract 63" }, "geometry": { "type": "Polygon", "coordinates": [ [ [ -87.9574, 43.0716 ], [ -87.9572, 43.0811 ], [ -87.9472, 43.0812 ], [ -87.9473, 43.0716 ], [ -87.9574, 43.0716 ] ] ] } },
{ "type": "Feature", "properties": { "GEOID": "55079021700", "county": "Census Tract 217" }, "geometry": { "type": "Polygon", "coordinates": [ [ [ -87.9494, 42.9304 ], [ -87.949, 42.9449 ], [ -87.9201, 42.9447 ], [ -87.9097, 42.9478 ], [ -87.9097, 42.9592 ], [ -87.8833, 42.9591 ], [ -87.8891, 42.9227 ], [ -87.8903, 42.93 ], [ -87.93, 42.9303 ], [ -87.9306, 42.9208 ], [ -87.9405, 42.9209 ], [ -87.9402, 42.9303 ], [ -87.9494, 42.9304 ] ] ] } },
{ "type": "Feature", "properties": { "GEOID": "55079002200", "county": "Census Tract 22" }, "geometry": { "type": "Polygon", "coordinates": [ [ [ -87.9463, 43.1191 ], [ -87.946, 43.1155 ], [ -87.9439, 43.1155 ], [ -87.9453, 43.1123 ], [ -87.9434, 43.1154 ], [ -87.9385, 43.1154 ], [ -87.94, 43.119 ], [ -87.9349, 43.1189 ], [ -87.9333, 43.1153 ], [ -87.9273, 43.1152 ], [ -87.9277, 43.1188 ], [ -87.9208, 43.1187 ], [ -87.9242, 43.1112 ], [ -87.9298, 43.109 ], [ -87.9321, 43.1137 ], [ -87.9329, 43.1116 ], [ -87.9465, 43.1118 ], [ -87.9463, 43.1191 ] ] ] } },
{ "type": "Feature", "properties": { "GEOID": "55079101700", "county": "Census Tract 1017" }, "geometry": { "type": "Polygon", "coordinates": [ [ [ -88.0174, 42.9991 ], [ -88.0173, 43.0039 ], [ -87.9968, 43.0046 ], [ -87.9975, 42.999 ], [ -88.0174, 42.9991 ] ] ] } },
{ "type": "Feature", "properties": { "GEOID": "55079016600", "county": "Census Tract 166" }, "geometry": { "type": "Polygon", "coordinates": [ [ [ -87.9187, 43.0065 ], [ -87.9185, 43.0142 ], [ -87.9112, 43.0142 ], [ -87.9071, 43.0065 ], [ -87.9187, 43.0065 ] ] ] } },
{ "type": "Feature", "properties": { "GEOID": "55079009300", "county": "Census Tract 93" }, "geometry": { "type": "Polygon", "coordinates": [ [ [ -87.9875, 43.0571 ], [ -87.9875, 43.0644 ], [ -87.9787, 43.0643 ], [ -87.9788, 43.0571 ], [ -87.9875, 43.0571 ] ] ] } },
{ "type": "Feature", "properties": { "GEOID": "55079009100", "county": "Census Tract 91" }, "geometry": { "type": "Polygon", "coordinates": [ [ [ -87.9725, 43.0643 ], [ -87.9646, 43.0643 ], [ -87.9647, 43.0565 ], [ -87.9724, 43.0571 ], [ -87.9725, 43.0643 ] ] ] } },
{ "type": "Feature", "properties": { "GEOID": "55079185700", "county": "Census Tract 1857" }, "geometry": { "type": "Polygon", "coordinates": [ [ [ -87.9199, 43.0639 ], [ -87.9198, 43.0712 ], [ -87.9095, 43.0711 ], [ -87.9096, 43.0639 ], [ -87.9199, 43.0639 ] ] ] } },
{ "type": "Feature", "properties": { "GEOID": "55079000202", "county": "Census Tract 2.02" }, "geometry": { "type": "Polygon", "coordinates": [ [ [ -88.0644, 43.148 ], [ -88.0643, 43.1625 ], [ -88.0445, 43.1629 ], [ -88.0442, 43.1775 ], [ -88.0243, 43.1776 ], [ -88.0252, 43.1486 ], [ -88.0644, 43.148 ] ] ] } },
{ "type": "Feature", "properties": { "GEOID": "55079003800", "county": "Census Tract 38" }, "geometry": { "type": "Polygon", "coordinates": [ [ [ -87.9772, 43.0826 ], [ -87.9771, 43.09 ], [ -87.967, 43.0899 ], [ -87.9672, 43.0825 ], [ -87.9772, 43.0826 ] ] ] } },
{ "type": "Feature", "properties": { "GEOID": "55079020800", "county": "Census Tract 208" }, "geometry": { "type": "Polygon", "coordinates": [ [ [ -87.8886, 42.9882 ], [ -87.8713, 42.9881 ], [ -87.8689, 42.9866 ], [ -87.8745, 42.9845 ], [ -87.8747, 42.9805 ], [ -87.8834, 42.9806 ], [ -87.8886, 42.9882 ] ] ] } },
{ "type": "Feature", "properties": { "GEOID": "55079170500", "county": "Census Tract 1705" }, "geometry": { "type": "Polygon", "coordinates": [ [ [ -87.8652, 42.8989 ], [ -87.8607, 42.8979 ], [ -87.8591, 42.9034 ], [ -87.852, 42.9025 ], [ -87.8525, 42.8932 ], [ -87.8635, 42.8934 ], [ -87.8652, 42.8989 ] ] ] } },
{ "type": "Feature", "properties": { "GEOID": "55079017200", "county": "Census Tract 172" }, "geometry": { "type": "Polygon", "coordinates": [ [ [ -87.961, 43.0066 ], [ -87.9529, 43.0067 ], [ -87.953, 42.9979 ], [ -87.9554, 42.9964 ], [ -87.9579, 43.003 ], [ -87.9611, 43.003 ], [ -87.961, 43.0066 ] ] ] } },
{ "type": "Feature", "properties": { "GEOID": "55079012600", "county": "Census Tract 126" }, "geometry": { "type": "Polygon", "coordinates": [ [ [ -88.0073, 43.0352 ], [ -87.9968, 43.0341 ], [ -87.9952, 43.0365 ], [ -87.9875, 43.0364 ], [ -87.9841, 43.0384 ], [ -87.9849, 43.0322 ], [ -87.9887, 43.0309 ], [ -88.0073, 43.0322 ], [ -88.0073, 43.0352 ] ] ] } },
{ "type": "Feature", "properties": { "GEOID": "55079091200", "county": "Census Tract 912" }, "geometry": { "type": "Polygon", "coordinates": [ [ [ -88.0204, 43.0484 ], [ -88.0088, 43.0491 ], [ -88.01, 43.0525 ], [ -88.0074, 43.0527 ], [ -87.9875, 43.05 ], [ -87.9875, 43.0417 ], [ -87.9985, 43.0448 ], [ -88.0089, 43.0443 ], [ -88.0193, 43.0386 ], [ -88.0204, 43.0484 ] ] ] } },
{ "type": "Feature", "properties": { "GEOID": "55079150301", "county": "Census Tract 1503.01" }, "geometry": { "type": "Polygon", "coordinates": [ [ [ -88.0696, 42.8729 ], [ -88.0695, 42.9299 ], [ -88.0484, 42.9302 ], [ -88.046, 42.916 ], [ -88.0392, 42.9084 ], [ -88.0391, 42.8902 ], [ -88.0245, 42.8743 ], [ -88.0196, 42.8726 ], [ -88.0696, 42.8729 ] ] ] } },
{ "type": "Feature", "properties": { "GEOID": "55079100400", "county": "Census Tract 1004" }, "geometry": { "type": "Polygon", "coordinates": [ [ [ -88.0173, 43.0239 ], [ -88.0072, 43.0241 ], [ -88.0061, 43.0101 ], [ -88.0171, 43.0101 ], [ -88.0173, 43.0239 ] ] ] } },
{ "type": "Feature", "properties": { "GEOID": "55079019100", "county": "Census Tract 191" }, "geometry": { "type": "Polygon", "coordinates": [ [ [ -87.9778, 42.9884 ], [ -87.9581, 42.9885 ], [ -87.9601, 42.9752 ], [ -87.9682, 42.9727 ], [ -87.9706, 42.9786 ], [ -87.9681, 42.9786 ], [ -87.9679, 42.9857 ], [ -87.9714, 42.9856 ], [ -87.9699, 42.9871 ], [ -87.9722, 42.9879 ], [ -87.9779, 42.983 ], [ -87.9778, 42.9884 ] ] ] } },
{ "type": "Feature", "properties": { "GEOID": "55101001202", "county": "Census Tract 12.02" }, "geometry": { "type": "Polygon", "coordinates": [ [ [ -87.8383, 42.7368 ], [ -87.8355, 42.7438 ], [ -87.8247, 42.752 ], [ -87.7989, 42.7442 ], [ -87.7986, 42.7355 ], [ -87.8031, 42.7355 ], [ -87.802, 42.733 ], [ -87.8127, 42.73 ], [ -87.8383, 42.7368 ] ] ] } },
{ "type": "Feature", "properties": { "GEOID": "55101002600", "county": "Census Tract 26" }, "geometry": { "type": "Polygon", "coordinates": [ [ [ -88.3063, 42.6596 ], [ -88.281, 42.668 ], [ -88.2392, 42.6706 ], [ -88.2421, 42.6758 ], [ -88.2426, 42.6904 ], [ -88.2345, 42.6924 ], [ -88.246, 42.6962 ], [ -88.2421, 42.6993 ], [ -88.1888, 42.6982 ], [ -88.1882, 42.6115 ], [ -88.3059, 42.6108 ], [ -88.3063, 42.6596 ] ] ] } },
{ "type": "Feature", "properties": { "GEOID": "55101001001", "county": "Census Tract 10.01" }, "geometry": { "type": "Polygon", "coordinates": [ [ [ -87.8512, 42.706 ], [ -87.8461, 42.7189 ], [ -87.836, 42.7201 ], [ -87.8359, 42.7071 ], [ -87.8512, 42.706 ] ] ] } },
{ "type": "Feature", "properties": { "GEOID": "55101001701", "county": "Census Tract 17.01" }, "geometry": { "type": "Polygon", "coordinates": [ [ [ -87.8848, 42.6688 ], [ -87.8772, 42.7191 ], [ -87.8461, 42.7189 ], [ -87.8557, 42.6928 ], [ -87.8573, 42.6793 ], [ -87.8639, 42.6685 ], [ -87.8848, 42.6688 ] ] ] } },
{ "type": "Feature", "properties": { "GEOID": "55101001201", "county": "Census Tract 12.01" }, "geometry": { "type": "Polygon", "coordinates": [ [ [ -87.8364, 42.7548 ], [ -87.8362, 42.772 ], [ -87.8259, 42.772 ], [ -87.828, 42.7684 ], [ -87.8219, 42.7678 ], [ -87.8216, 42.77 ], [ -87.8053, 42.77 ], [ -87.7989, 42.7442 ], [ -87.8197, 42.7517 ], [ -87.8364, 42.7548 ] ] ] } },
{ "type": "Feature", "properties": { "GEOID": "55101001802", "county": "Census Tract 18.02" }, "geometry": { "type": "Polygon", "coordinates": [ [ [ -88.0718, 42.7571 ], [ -87.954, 42.757 ], [ -87.9533, 42.6696 ], [ -88.027, 42.6696 ], [ -88.0271, 42.679 ], [ -88.0227, 42.6791 ], [ -88.0224, 42.7091 ], [ -88.0711, 42.6995 ], [ -88.0718, 42.7571 ] ] ] } },
{ "type": "Feature", "properties": { "GEOID": "55079070200", "county": "Census Tract 702" }, "geometry": { "type": "Polygon", "coordinates": [ [ [ -87.9063, 43.1331 ], [ -87.9014, 43.1332 ], [ -87.8985, 43.1211 ], [ -87.8761, 43.099 ], [ -87.8972, 43.1002 ], [ -87.8971, 43.1087 ], [ -87.9042, 43.1258 ], [ -87.9065, 43.1258 ], [ -87.9063, 43.1331 ] ] ] } },
{ "type": "Feature", "properties": { "GEOID": "55079091100", "county": "Census Tract 911" }, "geometry": { "type": "Polygon", "coordinates": [ [ [ -88.0218, 43.0584 ], [ -87.9875, 43.0571 ], [ -87.9875, 43.05 ], [ -88.016, 43.0523 ], [ -88.0218, 43.0584 ] ] ] } },
{ "type": "Feature", "properties": { "GEOID": "55079001300", "county": "Census Tract 13" }, "geometry": { "type": "Polygon", "coordinates": [ [ [ -88.006, 43.1195 ], [ -88.0057, 43.1341 ], [ -87.9908, 43.134 ], [ -87.9911, 43.1194 ], [ -88.006, 43.1195 ] ] ] } },
{ "type": "Feature", "properties": { "GEOID": "55079006200", "county": "Census Tract 62" }, "geometry": { "type": "Polygon", "coordinates": [ [ [ -87.9646, 43.0643 ], [ -87.9645, 43.0715 ], [ -87.9574, 43.0716 ], [ -87.9575, 43.0643 ], [ -87.9646, 43.0643 ] ] ] } },
{ "type": "Feature", "properties": { "GEOID": "55079016200", "county": "Census Tract 162" }, "geometry": { "type": "Polygon", "coordinates": [ [ [ -87.9526, 43.019 ], [ -87.9423, 43.0191 ], [ -87.9423, 43.0142 ], [ -87.9527, 43.0141 ], [ -87.9526, 43.019 ] ] ] } },
{ "type": "Feature", "properties": { "GEOID": "55079000501", "county": "Census Tract 5.01" }, "geometry": { "type": "Polygon", "coordinates": [ [ [ -88.0657, 43.1169 ], [ -88.0656, 43.1245 ], [ -88.0569, 43.1246 ], [ -88.0568, 43.1264 ], [ -88.0555, 43.1247 ], [ -88.0428, 43.1252 ], [ -88.0259, 43.1126 ], [ -88.0275, 43.1044 ], [ -88.0459, 43.1043 ], [ -88.0458, 43.1194 ], [ -88.0657, 43.1169 ] ] ] } },
{ "type": "Feature", "properties": { "GEOID": "55079120202", "county": "Census Tract 1202.02" }, "geometry": { "type": "Polygon", "coordinates": [ [ [ -88.0083, 42.9592 ], [ -88.0081, 42.9699 ], [ -87.9988, 42.9701 ], [ -87.9901, 42.9739 ], [ -87.9928, 42.9702 ], [ -87.9881, 42.9699 ], [ -87.9884, 42.9624 ], [ -87.9983, 42.9626 ], [ -87.9984, 42.9593 ], [ -88.0083, 42.9592 ] ] ] } },
{ "type": "Feature", "properties": { "GEOID": "55079020200", "county": "Census Tract 202" }, "geometry": { "type": "Polygon", "coordinates": [ [ [ -87.9482, 42.9813 ], [ -87.9339, 42.9811 ], [ -87.934, 42.9738 ], [ -87.9483, 42.9739 ], [ -87.9482, 42.9813 ] ] ] } },
{ "type": "Feature", "properties": { "GEOID": "55079019400", "county": "Census Tract 194" }, "geometry": { "type": "Polygon", "coordinates": [ [ [ -88.0377, 42.9881 ], [ -88.0176, 42.9882 ], [ -88.0177, 42.981 ], [ -88.0375, 42.9809 ], [ -88.0377, 42.9881 ] ] ] } },
{ "type": "Feature", "properties": { "GEOID": "55079035200", "county": "Census Tract 352" }, "geometry": { "type": "Polygon", "coordinates": [ [ [ -87.9152, 43.1763 ], [ -87.9018, 43.1761 ], [ -87.9008, 43.1737 ], [ -87.9012, 43.1447 ], [ -87.9081, 43.135 ], [ -87.9083, 43.1495 ], [ -87.9143, 43.1503 ], [ -87.9117, 43.1619 ], [ -87.9155, 43.1623 ], [ -87.9152, 43.1763 ] ] ] } },
{ "type": "Feature", "properties": { "GEOID": "55079001700", "county": "Census Tract 17" }, "geometry": { "type": "Polygon", "coordinates": [ [ [ -88.0275, 43.1055 ], [ -88.0259, 43.1126 ], [ -88.0061, 43.1123 ], [ -88.0065, 43.105 ], [ -88.0275, 43.1055 ] ] ] } },
{ "type": "Feature", "properties": { "GEOID": "55079019700", "county": "Census Tract 197" }, "geometry": { "type": "Polygon", "coordinates": [ [ [ -88.0178, 42.9737 ], [ -88.0177, 42.981 ], [ -87.9978, 42.9811 ], [ -87.9981, 42.9705 ], [ -88.0148, 42.9699 ], [ -88.0148, 42.9737 ], [ -88.0178, 42.9737 ] ] ] } },
{ "type": "Feature", "properties": { "GEOID": "55079186500", "county": "Census Tract 1865" }, "geometry": { "type": "Polygon", "coordinates": [ [ [ -87.9225, 43.0191 ], [ -87.9214, 43.0263 ], [ -87.9168, 43.0274 ], [ -87.905, 43.028 ], [ -87.9024, 43.0251 ], [ -87.9047, 43.023 ], [ -87.9033, 43.0195 ], [ -87.9225, 43.0191 ] ] ] } },
{ "type": "Feature", "properties": { "GEOID": "55079019600", "county": "Census Tract 196" }, "geometry": { "type": "Polygon", "coordinates": [ [ [ -88.0176, 42.9882 ], [ -87.9977, 42.9883 ], [ -87.9978, 42.9811 ], [ -88.0177, 42.981 ], [ -88.0176, 42.9882 ] ] ] } },
{ "type": "Feature", "properties": { "GEOID": "55079101300", "county": "Census Tract 1013" }, "geometry": { "type": "Polygon", "coordinates": [ [ [ -88.0382, 43.0026 ], [ -88.0173, 43.0027 ], [ -88.0174, 42.9955 ], [ -88.0378, 42.9954 ], [ -88.0382, 43.0026 ] ] ] } },
{ "type": "Feature", "properties": { "GEOID": "55079016300", "county": "Census Tract 163" }, "geometry": { "type": "Polygon", "coordinates": [ [ [ -87.9423, 43.0124 ], [ -87.9423, 43.0191 ], [ -87.9331, 43.0191 ], [ -87.9331, 43.0123 ], [ -87.9423, 43.0124 ] ] ] } },
{ "type": "Feature", "properties": { "GEOID": "55079016500", "county": "Census Tract 165" }, "geometry": { "type": "Polygon", "coordinates": [ [ [ -87.9226, 43.0141 ], [ -87.9225, 43.0191 ], [ -87.9074, 43.0201 ], [ -87.9024, 43.0175 ], [ -87.9083, 43.0083 ], [ -87.9112, 43.0142 ], [ -87.9226, 43.0141 ] ] ] } },
{ "type": "Feature", "properties": { "GEOID": "55079000400", "county": "Census Tract 4" }, "geometry": { "type": "Polygon", "coordinates": [ [ [ -88.066, 43.1042 ], [ -88.0657, 43.1169 ], [ -88.0458, 43.1194 ], [ -88.0459, 43.1043 ], [ -88.066, 43.1042 ] ] ] } },
{ "type": "Feature", "properties": { "GEOID": "55079101800", "county": "Census Tract 1018" }, "geometry": { "type": "Polygon", "coordinates": [ [ [ -88.0176, 42.9882 ], [ -88.0174, 42.9991 ], [ -88.0013, 42.999 ], [ -88.0021, 42.9883 ], [ -88.0176, 42.9882 ] ] ] } },
{ "type": "Feature", "properties": { "GEOID": "55079017400", "county": "Census Tract 174" }, "geometry": { "type": "Polygon", "coordinates": [ [ [ -87.9445, 43.0031 ], [ -87.9423, 43.0067 ], [ -87.9332, 43.0065 ], [ -87.9334, 43.0029 ], [ -87.9445, 43.0031 ] ] ] } },
{ "type": "Feature", "properties": { "GEOID": "55079170700", "county": "Census Tract 1707" }, "geometry": { "type": "Polygon", "coordinates": [ [ [ -87.8572, 42.9025 ], [ -87.8567, 42.9132 ], [ -87.8489, 42.9112 ], [ -87.8468, 42.9077 ], [ -87.8429, 42.9067 ], [ -87.8467, 42.901 ], [ -87.8472, 42.8931 ], [ -87.8525, 42.8932 ], [ -87.852, 42.9025 ], [ -87.8572, 42.9025 ] ] ] } },
{ "type": "Feature", "properties": { "GEOID": "55079140100", "county": "Census Tract 1401" }, "geometry": { "type": "Polygon", "coordinates": [ [ [ -88.0301, 42.9488 ], [ -88.0238, 42.9537 ], [ -88.0113, 42.9551 ], [ -88.0127, 42.9529 ], [ -88.0084, 42.952 ], [ -88.009, 42.9248 ], [ -88.0164, 42.9248 ], [ -88.0165, 42.9196 ], [ -88.0288, 42.9197 ], [ -88.0284, 42.9424 ], [ -88.0258, 42.9441 ], [ -88.0301, 42.9488 ] ] ] } },
{ "type": "Feature", "properties": { "GEOID": "55081950200", "county": "Census Tract 9502" }, "geometry": { "type": "Polygon", "coordinates": [ [ [ -90.9781, 44.1285 ], [ -90.9703, 44.1286 ], [ -90.9671, 44.1356 ], [ -90.9586, 44.1372 ], [ -90.9573, 44.1414 ], [ -90.9518, 44.1415 ], [ -90.9465, 44.1473 ], [ -90.9434, 44.1437 ], [ -90.9381, 44.1474 ], [ -90.9257, 44.146 ], [ -90.9046, 44.1583 ], [ -90.5919, 44.1601 ], [ -90.581, 44.1339 ], [ -90.5843, 44.1246 ], [ -90.5867, 44.124 ], [ -90.5852, 44.1214 ], [ -90.5882, 44.1192 ], [ -90.5978, 44.1208 ], [ -90.6035, 44.1192 ], [ -90.6036, 44.0986 ], [ -90.6087, 44.0953 ], [ -90.6058, 44.0837 ], [ -90.6149, 44.0831 ], [ -90.6153, 44.0776 ], [ -90.6206, 44.0736 ], [ -90.618, 44.0684 ], [ -90.62, 44.064 ], [ -90.6172, 44.0641 ], [ -90.6122, 44.0518 ], [ -90.6138, 44.0281 ], [ -90.6126, 44.0222 ], [ -90.6027, 44.0221 ], [ -90.6024, 44.0112 ], [ -90.5958, 44.0084 ], [ -90.5857, 44.0103 ], [ -90.564, 44.0074 ], [ -90.5668, 44.0058 ], [ -90.5673, 43.9895 ], [ -90.5628, 43.9881 ], [ -90.5599, 43.9825 ], [ -90.5527, 43.9807 ], [ -90.5522, 43.9476 ], [ -90.577, 43.9441 ], [ -90.5769, 43.932 ], [ -90.5819, 43.9249 ], [ -90.5918, 43.9237 ], [ -90.5931, 43.919 ], [ -90.5951, 43.9197 ], [ -90.5978, 43.9167 ], [ -90.6201, 43.9139 ], [ -90.6228, 43.91 ], [ -90.6663, 43.93 ], [ -90.6998, 43.9317 ], [ -90.6997, 43.9176 ], [ -90.7048, 43.9034 ], [ -90.7014, 43.9015 ], [ -90.7037, 43.8991 ], [ -90.7479, 43.8992 ], [ -90.7798, 43.933 ], [ -90.7644, 43.9417 ], [ -90.7854, 43.9408 ], [ -90.7808, 43.9427 ], [ -90.7805, 43.9501 ], [ -90.7702, 43.9569 ], [ -90.7609, 43.9571 ], [ -90.7552, 43.9611 ], [ -90.7612, 43.9633 ], [ -90.779, 43.9686 ], [ -90.7863, 43.9642 ], [ -90.8111, 43.9642 ], [ -90.8109, 43.9534 ], [ -90.8334, 43.954 ], [ -90.8537, 43.9623 ], [ -90.8763, 43.9644 ], [ -90.8778, 43.9598 ], [ -90.8873, 43.957 ], [ -90.906, 43.957 ], [ -90.9062, 43.9629 ], [ -90.9118, 43.9642 ], [ -90.9129, 44.0715 ], [ -90.9731, 44.0709 ], [ -90.9737, 44.1166 ], [ -90.9672, 44.12 ], [ -90.9781, 44.1285 ] ] ] } },
{ "type": "Feature", "properties": { "GEOID": "55021970100", "county": "Census Tract 9701" }, "geometry": { "type": "Polygon", "coordinates": [ [ [ -89.2679, 43.5717 ], [ -89.2469, 43.5832 ], [ -89.2462, 43.5953 ], [ -89.2377, 43.6006 ], [ -89.2374, 43.6141 ], [ -89.2329, 43.6218 ], [ -89.2337, 43.6382 ], [ -89.2263, 43.6432 ], [ -89.1269, 43.6437 ], [ -89.1272, 43.6317 ], [ -89.0068, 43.633 ], [ -89.0061, 43.4588 ], [ -89.0683, 43.4578 ], [ -89.0756, 43.454 ], [ -89.0981, 43.4536 ], [ -89.096, 43.4573 ], [ -89.171, 43.4566 ], [ -89.1712, 43.4636 ], [ -89.1812, 43.464 ], [ -89.1911, 43.4711 ], [ -89.2163, 43.4748 ], [ -89.2262, 43.4748 ], [ -89.2261, 43.4712 ], [ -89.2412, 43.4712 ], [ -89.2416, 43.4855 ], [ -89.2465, 43.4858 ], [ -89.2468, 43.5002 ], [ -89.2216, 43.5002 ], [ -89.2218, 43.5093 ], [ -89.2266, 43.5123 ], [ -89.2365, 43.5135 ], [ -89.2388, 43.5161 ], [ -89.237, 43.5217 ], [ -89.2323, 43.5219 ], [ -89.2274, 43.5265 ], [ -89.2273, 43.5384 ], [ -89.2462, 43.5388 ], [ -89.2463, 43.556 ], [ -89.2658, 43.5668 ], [ -89.2679, 43.5717 ] ] ] } },
{ "type": "Feature", "properties": { "GEOID": "55021971100", "county": "Census Tract 9711" }, "geometry": { "type": "Polygon", "coordinates": [ [ [ -89.2552, 43.3053 ], [ -89.2466, 43.3108 ], [ -89.2451, 43.3184 ], [ -89.2446, 43.3592 ], [ -89.2317, 43.355 ], [ -89.232, 43.3693 ], [ -89.2144, 43.3695 ], [ -89.2146, 43.3767 ], [ -89.1349, 43.3769 ], [ -89.1311, 43.3845 ], [ -89.1251, 43.3882 ], [ -89.1261, 43.4422 ], [ -89.1152, 43.4422 ], [ -89.1159, 43.457 ], [ -89.096, 43.4573 ], [ -89.0981, 43.4536 ], [ -89.0756, 43.454 ], [ -89.0683, 43.4578 ], [ -89.0061, 43.4588 ], [ -89.0045, 43.375 ], [ -89.0047, 43.3717 ], [ -89.0088, 43.3715 ], [ -89.0091, 43.3584 ], [ -89.0135, 43.3562 ], [ -89.0133, 43.36 ], [ -89.0175, 43.3608 ], [ -89.0286, 43.3546 ], [ -89.0286, 43.3524 ], [ -89.036, 43.3602 ], [ -89.0394, 43.3522 ], [ -89.0415, 43.3565 ], [ -89.0593, 43.3587 ], [ -89.0639, 43.3567 ], [ -89.089, 43.355 ], [ -89.089, 43.3412 ], [ -89.069, 43.3415 ], [ -89.0689, 43.283 ], [ -89.2553, 43.2818 ], [ -89.2552, 43.3053 ] ] ] } },
{ "type": "Feature", "properties": { "GEOID": "55083100600", "county": "Census Tract 1006" }, "geometry": { "type": "Polygon", "coordinates": [ [ [ -88.4892, 44.8554 ], [ -88.4839, 45.1088 ], [ -88.4803, 45.1058 ], [ -88.4723, 45.1083 ], [ -88.4657, 45.099 ], [ -88.461, 45.0993 ], [ -88.4535, 45.0959 ], [ -88.4509, 45.0978 ], [ -88.4515, 45.1086 ], [ -88.4373, 45.11 ], [ -88.4324, 45.1188 ], [ -88.4283, 45.1195 ], [ -88.4223, 45.1256 ], [ -88.4183, 45.1254 ], [ -88.4244, 45.1294 ], [ -88.4048, 45.1274 ], [ -88.3754, 45.1148 ], [ -88.3566, 45.1145 ], [ -88.3589, 45.1079 ], [ -88.3564, 45.102 ], [ -88.3599, 45.1013 ], [ -88.3557, 45.0982 ], [ -88.3587, 45.0964 ], [ -88.3557, 45.0922 ], [ -88.3557, 45.0856 ], [ -88.3731, 45.0859 ], [ -88.3739, 45.0641 ], [ -88.3636, 45.0637 ], [ -88.364, 45.0422 ], [ -88.34, 45.0418 ], [ -88.3403, 45.0275 ], [ -88.3353, 45.0274 ], [ -88.3355, 45.0129 ], [ -88.3253, 45.0126 ], [ -88.3263, 44.9951 ], [ -88.3333, 44.9983 ], [ -88.3563, 44.9985 ], [ -88.3574, 44.9558 ], [ -88.3662, 44.9552 ], [ -88.3687, 44.8979 ], [ -88.3788, 44.8977 ], [ -88.3794, 44.8797 ], [ -88.3693, 44.8797 ], [ -88.3699, 44.8545 ], [ -88.4892, 44.8554 ] ] ] } },
{ "type": "Feature", "properties": { "GEOID": "55083100700", "county": "Census Tract 1007" }, "geometry": { "type": "Polygon", "coordinates": [ [ [ -88.3788, 44.8977 ], [ -88.3687, 44.8979 ], [ -88.3662, 44.9552 ], [ -88.3574, 44.9558 ], [ -88.3563, 44.9985 ], [ -88.3333, 44.9983 ], [ -88.3263, 44.9951 ], [ -88.3253, 45.0126 ], [ -88.3355, 45.0129 ], [ -88.3353, 45.0274 ], [ -88.3149, 45.0271 ], [ -88.3147, 45.0332 ], [ -88.3119, 45.0332 ], [ -88.3017, 45.0307 ], [ -88.2993, 45.027 ], [ -88.2794, 45.0244 ], [ -88.2734, 45.0214 ], [ -88.2702, 45.0171 ], [ -88.2724, 45.0161 ], [ -88.2682, 45.0138 ], [ -88.2565, 45.0142 ], [ -88.2537, 45.011 ], [ -88.2539, 45.0045 ], [ -88.2417, 45.0037 ], [ -88.23, 44.9912 ], [ -88.2305, 44.9898 ], [ -88.2545, 44.99 ], [ -88.2549, 44.9613 ], [ -88.2448, 44.9612 ], [ -88.2482, 44.8527 ], [ -88.3699, 44.8545 ], [ -88.3693, 44.8797 ], [ -88.3794, 44.8797 ], [ -88.3788, 44.8977 ] ] ] } },
{ "type": "Feature", "properties": { "GEOID": "55085971400", "county": "Census Tract 9714" }, "geometry": { "type": "Polygon", "coordinates": [ [ [ -89.4485, 45.6321 ], [ -89.4303, 45.6348 ], [ -89.4244, 45.6374 ], [ -89.4244, 45.6406 ], [ -89.4156, 45.6413 ], [ -89.4113, 45.639 ], [ -89.4113, 45.6424 ], [ -89.4016, 45.644 ], [ -89.3841, 45.6445 ], [ -89.3769, 45.6429 ], [ -89.3659, 45.6477 ], [ -89.3721, 45.6402 ], [ -89.3699, 45.6154 ], [ -89.3824, 45.6189 ], [ -89.3947, 45.6264 ], [ -89.3992, 45.6259 ], [ -89.4053, 45.6302 ], [ -89.4121, 45.6255 ], [ -89.414, 45.6282 ], [ -89.4258, 45.6289 ], [ -89.4204, 45.6318 ], [ -89.4369, 45.6317 ], [ -89.4483, 45.6235 ], [ -89.4485, 45.6321 ] ] ] } },
{ "type": "Feature", "properties": { "GEOID": "55085970800", "county": "Census Tract 9708" }, "geometry": { "type": "Polygon", "coordinates": [ [ [ -89.7508, 45.8913 ], [ -89.7471, 45.8936 ], [ -89.748, 45.8985 ], [ -89.538, 45.8986 ], [ -89.5315, 45.893 ], [ -89.5305, 45.8825 ], [ -89.5266, 45.8786 ], [ -89.5331, 45.8722 ], [ -89.5288, 45.8712 ], [ -89.5305, 45.8649 ], [ -89.5215, 45.8576 ], [ -89.5212, 45.8515 ], [ -89.5264, 45.8448 ], [ -89.5368, 45.839 ], [ -89.5495, 45.8356 ], [ -89.5571, 45.8279 ], [ -89.5598, 45.8181 ], [ -89.5694, 45.8139 ], [ -89.5903, 45.8131 ], [ -89.6001, 45.818 ], [ -89.6284, 45.8182 ], [ -89.6371, 45.8204 ], [ -89.6482, 45.8315 ], [ -89.6676, 45.83 ], [ -89.6874, 45.8388 ], [ -89.6882, 45.847 ], [ -89.6773, 45.8533 ], [ -89.6786, 45.8564 ], [ -89.6738, 45.8585 ], [ -89.6737, 45.8607 ], [ -89.6704, 45.8609 ], [ -89.6711, 45.8714 ], [ -89.6646, 45.8735 ], [ -89.6801, 45.8907 ], [ -89.7011, 45.8907 ], [ -89.7036, 45.8876 ], [ -89.7425, 45.8833 ], [ -89.7439, 45.8891 ], [ -89.7478, 45.8883 ], [ -89.7479, 45.8907 ], [ -89.7508, 45.8913 ] ] ] } },
{ "type": "Feature", "properties": { "GEOID": "55095960100", "county": "Census Tract 9601" }, "geometry": { "type": "Polygon", "coordinates": [ [ [ -92.5291, 45.6421 ], [ -92.5282, 45.7287 ], [ -92.3661, 45.726 ], [ -92.1544, 45.7256 ], [ -92.155, 45.5535 ], [ -92.2583, 45.5539 ], [ -92.2595, 45.5472 ], [ -92.2689, 45.5472 ], [ -92.2695, 45.5439 ], [ -92.2837, 45.5443 ], [ -92.2836, 45.5408 ], [ -92.3042, 45.5408 ], [ -92.3045, 45.5529 ], [ -92.3229, 45.555 ], [ -92.3305, 45.5635 ], [ -92.345, 45.5681 ], [ -92.3769, 45.5679 ], [ -92.4067, 45.5702 ], [ -92.4066, 45.6039 ], [ -92.385, 45.5999 ], [ -92.3765, 45.5959 ], [ -92.3764, 45.6104 ], [ -92.3866, 45.6116 ], [ -92.3865, 45.6402 ], [ -92.4478, 45.641 ], [ -92.4481, 45.6305 ], [ -92.4799, 45.628 ], [ -92.4893, 45.6285 ], [ -92.489, 45.6416 ], [ -92.5291, 45.6421 ] ] ] } },
{ "type": "Feature", "properties": { "GEOID": "55095960200", "county": "Census Tract 9602" }, "geometry": { "type": "Polygon", "coordinates": [ [ [ -92.8881, 45.6284 ], [ -92.8871, 45.6441 ], [ -92.489, 45.6416 ], [ -92.4893, 45.6285 ], [ -92.4799, 45.628 ], [ -92.4481, 45.6305 ], [ -92.4478, 45.641 ], [ -92.3865, 45.6402 ], [ -92.3866, 45.6116 ], [ -92.3764, 45.6104 ], [ -92.3765, 45.5959 ], [ -92.385, 45.5999 ], [ -92.4066, 45.6039 ], [ -92.4067, 45.5702 ], [ -92.4255, 45.569 ], [ -92.4292, 45.5659 ], [ -92.4383, 45.5655 ], [ -92.4446, 45.5617 ], [ -92.4579, 45.5623 ], [ -92.4579, 45.5409 ], [ -92.4885, 45.541 ], [ -92.4886, 45.5554 ], [ -92.61, 45.5556 ], [ -92.61, 45.5706 ], [ -92.6306, 45.5706 ], [ -92.6309, 45.5561 ], [ -92.7109, 45.5562 ], [ -92.7245, 45.5566 ], [ -92.7296, 45.5585 ], [ -92.734, 45.5525 ], [ -92.7425, 45.5531 ], [ -92.74, 45.5496 ], [ -92.7734, 45.5682 ], [ -92.7857, 45.5679 ], [ -92.8015, 45.5628 ], [ -92.8233, 45.5609 ], [ -92.8464, 45.5665 ], [ -92.8711, 45.5676 ], [ -92.8838, 45.5755 ], [ -92.8849, 45.5788 ], [ -92.8833, 45.5898 ], [ -92.8864, 45.5987 ], [ -92.8825, 45.6102 ], [ -92.8881, 45.6284 ] ] ] } },
{ "type": "Feature", "properties": { "GEOID": "55113100800", "county": "Census Tract 1008" }, "geometry": { "type": "Polygon", "coordinates": [ [ [ -91.198, 45.6893 ], [ -91.1942, 45.6897 ], [ -91.1946, 45.7256 ], [ -91.0494, 45.7257 ], [ -91.0491, 45.7475 ], [ -91.029, 45.7476 ], [ -91.0282, 45.7761 ], [ -91.0482, 45.7765 ], [ -91.0491, 45.7693 ], [ -91.1115, 45.769 ], [ -91.1121, 45.7868 ], [ -91.1167, 45.7981 ], [ -91.0647, 45.8112 ], [ -91.0658, 45.8263 ], [ -91.0606, 45.829 ], [ -91.0438, 45.8299 ], [ -91.0437, 45.827 ], [ -91.0287, 45.827 ], [ -91.0303, 45.8631 ], [ -91.0271, 45.8998 ], [ -91.0528, 45.9076 ], [ -91.0966, 45.9392 ], [ -91.0966, 45.9556 ], [ -91.0866, 45.9559 ], [ -91.0733, 45.9626 ], [ -91.063, 45.9599 ], [ -91.0551, 45.9657 ], [ -91.0415, 45.9654 ], [ -91.036, 45.9623 ], [ -91.0309, 45.9622 ], [ -91.0136, 45.9657 ], [ -91.0075, 45.9699 ], [ -91.001, 45.9699 ], [ -90.9925, 45.977 ], [ -90.981, 45.9704 ], [ -90.9801, 45.9624 ], [ -90.9625, 45.9646 ], [ -90.9444, 45.9776 ], [ -90.9425, 45.9744 ], [ -90.9357, 45.9732 ], [ -90.9281, 45.9681 ], [ -90.923, 45.972 ], [ -90.9233, 45.981 ], [ -90.677, 45.9815 ], [ -90.6787, 45.6383 ], [ -91.1893, 45.6385 ], [ -91.1929, 45.6425 ], [ -91.1839, 45.6485 ], [ -91.186, 45.654 ], [ -91.1784, 45.6579 ], [ -91.1759, 45.6628 ], [ -91.1843, 45.6758 ], [ -91.1883, 45.6775 ], [ -91.1904, 45.6748 ], [ -91.1953, 45.6769 ], [ -91.1935, 45.685 ], [ -91.198, 45.6893 ] ] ] } },
{ "type": "Feature", "properties": { "GEOID": "55129950100", "county": "Census Tract 9501" }, "geometry": { "type": "Polygon", "coordinates": [ [ [ -92.0504, 46.0771 ], [ -92.0496, 46.1576 ], [ -91.5513, 46.157 ], [ -91.5518, 45.9833 ], [ -91.5484, 45.983 ], [ -91.5593, 45.9815 ], [ -91.5866, 45.986 ], [ -91.5918, 45.9888 ], [ -91.5951, 45.9955 ], [ -91.6009, 45.9974 ], [ -91.6328, 45.9977 ], [ -91.6551, 45.9828 ], [ -91.6918, 45.9819 ], [ -91.7314, 45.9843 ], [ -91.7454, 45.9794 ], [ -91.7542, 45.9837 ], [ -91.818, 45.9834 ], [ -91.8153, 46.0164 ], [ -91.8214, 46.0445 ], [ -91.8195, 46.0631 ], [ -91.8214, 46.0672 ], [ -91.8322, 46.0637 ], [ -91.8481, 46.0636 ], [ -91.8509, 46.0671 ], [ -91.8509, 46.0909 ], [ -91.8613, 46.0855 ], [ -91.8627, 46.0809 ], [ -91.8705, 46.0735 ], [ -91.8722, 46.0648 ], [ -91.8805, 46.0604 ], [ -91.8968, 46.0576 ], [ -91.9169, 46.0469 ], [ -91.9257, 46.0525 ], [ -91.9344, 46.0525 ], [ -91.9354, 46.0558 ], [ -91.9659, 46.0564 ], [ -91.9658, 46.0526 ], [ -91.9705, 46.0533 ], [ -91.9828, 46.0592 ], [ -91.9831, 46.0612 ], [ -91.9867, 46.0612 ], [ -91.9885, 46.0681 ], [ -91.9945, 46.0677 ], [ -91.9954, 46.0704 ], [ -92.0035, 46.0682 ], [ -92.0132, 46.0712 ], [ -92.0168, 46.0698 ], [ -92.0166, 46.0723 ], [ -92.0217, 46.072 ], [ -92.026, 46.0765 ], [ -92.0384, 46.0769 ], [ -92.042, 46.0808 ], [ -92.0455, 46.0793 ], [ -92.0428, 46.0779 ], [ -92.0457, 46.0764 ], [ -92.0504, 46.0771 ] ] ] } },
{ "type": "Feature", "properties": { "GEOID": "55127000600", "county": "Census Tract 6" }, "geometry": { "type": "Polygon", "coordinates": [ [ [ -88.7766, 42.492 ], [ -88.7766, 42.6675 ], [ -88.6591, 42.6691 ], [ -88.6592, 42.6401 ], [ -88.6861, 42.6518 ], [ -88.6885, 42.6449 ], [ -88.6884, 42.6386 ], [ -88.6786, 42.6366 ], [ -88.6784, 42.6205 ], [ -88.6691, 42.6209 ], [ -88.6588, 42.6164 ], [ -88.6585, 42.4946 ], [ -88.7766, 42.492 ] ] ] } },
{ "type": "Feature", "properties": { "GEOID": "55127000502", "county": "Census Tract 5.02" }, "geometry": { "type": "Polygon", "coordinates": [ [ [ -88.7776, 42.8055 ], [ -88.7771, 42.8427 ], [ -88.7609, 42.8347 ], [ -88.7374, 42.835 ], [ -88.7378, 42.8166 ], [ -88.7444, 42.817 ], [ -88.7468, 42.8223 ], [ -88.7675, 42.8058 ], [ -88.7776, 42.8055 ] ] ] } },
{ "type": "Feature", "properties": { "GEOID": "55141010900", "county": "Census Tract 109" }, "geometry": { "type": "Polygon", "coordinates": [ [ [ -90.1042, 44.2901 ], [ -90.0953, 44.2921 ], [ -90.096, 44.3045 ], [ -90.0875, 44.3114 ], [ -90.0885, 44.3162 ], [ -90.0827, 44.327 ], [ -90.0854, 44.3307 ], [ -90.0855, 44.3406 ], [ -90.0801, 44.3476 ], [ -90.0799, 44.3575 ], [ -90.0631, 44.3726 ], [ -90.0601, 44.3902 ], [ -90.0547, 44.3927 ], [ -90.0554, 44.3986 ], [ -90.0504, 44.3979 ], [ -90.0483, 44.3996 ], [ -90.0539, 44.4036 ], [ -90.0453, 44.4095 ], [ -90.0473, 44.4164 ], [ -90.0651, 44.4166 ], [ -90.064, 44.4389 ], [ -90.0797, 44.4388 ], [ -90.0798, 44.4532 ], [ -90.0848, 44.4532 ], [ -90.0851, 44.4661 ], [ -90.0898, 44.4701 ], [ -90.09, 44.5116 ], [ -90.0801, 44.5116 ], [ -90.0801, 44.5188 ], [ -90.0044, 44.519 ], [ -90.0044, 44.5118 ], [ -89.9052, 44.5116 ], [ -89.9051, 44.4962 ], [ -89.8545, 44.4959 ], [ -89.8551, 44.4381 ], [ -89.8658, 44.4382 ], [ -89.8797, 44.449 ], [ -89.8884, 44.4485 ], [ -89.9019, 44.4418 ], [ -89.9158, 44.4419 ], [ -89.9158, 44.4293 ], [ -89.8951, 44.4125 ], [ -89.8951, 44.4094 ], [ -89.9051, 44.4092 ], [ -89.905, 44.3874 ], [ -89.9251, 44.3873 ], [ -89.9253, 44.3655 ], [ -89.8848, 44.3657 ], [ -89.8853, 44.3439 ], [ -89.9088, 44.3438 ], [ -89.9167, 44.3474 ], [ -89.9256, 44.3474 ], [ -89.9247, 44.3221 ], [ -89.9296, 44.3221 ], [ -89.9293, 44.3035 ], [ -89.9243, 44.298 ], [ -89.9244, 44.2929 ], [ -89.8881, 44.2928 ], [ -89.8857, 44.289 ], [ -89.8878, 44.282 ], [ -89.9045, 44.2799 ], [ -89.9118, 44.2756 ], [ -89.9129, 44.2722 ], [ -89.9104, 44.2697 ], [ -89.9012, 44.2699 ], [ -89.8934, 44.2669 ], [ -89.8938, 44.2614 ], [ -89.9027, 44.2495 ], [ -90.0913, 44.2491 ], [ -90.0941, 44.26 ], [ -90.091, 44.2636 ], [ -90.081, 44.2636 ], [ -90.0809, 44.2776 ], [ -90.0903, 44.278 ], [ -90.0909, 44.2887 ], [ -90.1021, 44.2886 ], [ -90.1042, 44.2901 ] ] ] } },
{ "type": "Feature", "properties": { "GEOID": "55141010800", "county": "Census Tract 108" }, "geometry": { "type": "Polygon", "coordinates": [ [ [ -90.318, 44.2487 ], [ -90.3158, 44.5128 ], [ -90.2184, 44.5121 ], [ -90.2184, 44.5266 ], [ -90.1799, 44.5261 ], [ -90.1798, 44.5116 ], [ -90.09, 44.5116 ], [ -90.0898, 44.4701 ], [ -90.0851, 44.4661 ], [ -90.0848, 44.4532 ], [ -90.0798, 44.4532 ], [ -90.0797, 44.4388 ], [ -90.064, 44.4389 ], [ -90.0651, 44.4166 ], [ -90.0473, 44.4164 ], [ -90.0453, 44.4095 ], [ -90.0539, 44.4036 ], [ -90.0483, 44.3996 ], [ -90.0504, 44.3979 ], [ -90.0554, 44.3986 ], [ -90.0547, 44.3927 ], [ -90.0601, 44.3902 ], [ -90.0631, 44.3726 ], [ -90.0799, 44.3575 ], [ -90.0801, 44.3476 ], [ -90.0855, 44.3406 ], [ -90.0854, 44.3307 ], [ -90.0827, 44.327 ], [ -90.0885, 44.3162 ], [ -90.0875, 44.3114 ], [ -90.096, 44.3045 ], [ -90.0953, 44.2921 ], [ -90.1042, 44.2901 ], [ -90.1021, 44.2886 ], [ -90.0909, 44.2887 ], [ -90.0903, 44.278 ], [ -90.0809, 44.2776 ], [ -90.081, 44.2636 ], [ -90.091, 44.2636 ], [ -90.0941, 44.26 ], [ -90.0913, 44.2491 ], [ -90.318, 44.2487 ] ] ] } },
{ "type": "Feature", "properties": { "GEOID": "55029101000", "county": "Census Tract 1010" }, "geometry": { "type": "Polygon", "coordinates": [ [ [ -87.7361, 44.677 ], [ -87.7176, 44.698 ], [ -87.7209, 44.7246 ], [ -87.7074, 44.7338 ], [ -87.6863, 44.7615 ], [ -87.6629, 44.7799 ], [ -87.6611, 44.7886 ], [ -87.6463, 44.7987 ], [ -87.6371, 44.8136 ], [ -87.6149, 44.835 ], [ -87.6101, 44.8384 ], [ -87.5934, 44.843 ], [ -87.5783, 44.8534 ], [ -87.5503, 44.8513 ], [ -87.5495, 44.8473 ], [ -87.5598, 44.8441 ], [ -87.5657, 44.8301 ], [ -87.5586, 44.831 ], [ -87.5593, 44.8251 ], [ -87.5567, 44.8249 ], [ -87.5419, 44.8323 ], [ -87.54, 44.8431 ], [ -87.5334, 44.8495 ], [ -87.534, 44.8572 ], [ -87.531, 44.8574 ], [ -87.5298, 44.8517 ], [ -87.5189, 44.8507 ], [ -87.5195, 44.8198 ], [ -87.5111, 44.8201 ], [ -87.4991, 44.8258 ], [ -87.4992, 44.781 ], [ -87.5195, 44.7711 ], [ -87.5314, 44.7689 ], [ -87.6408, 44.7705 ], [ -87.6413, 44.7121 ], [ -87.6509, 44.7122 ], [ -87.6512, 44.6759 ], [ -87.7361, 44.677 ] ] ] } },
{ "type": "Feature", "properties": { "GEOID": "55045960100", "county": "Census Tract 9601" }, "geometry": { "type": "Polygon", "coordinates": [ [ [ -89.6265, 42.7703 ], [ -89.6278, 42.785 ], [ -89.5909, 42.7848 ], [ -89.5887, 42.7863 ], [ -89.5906, 42.797 ], [ -89.5976, 42.7989 ], [ -89.6069, 42.8139 ], [ -89.6043, 42.8239 ], [ -89.6024, 42.8235 ], [ -89.6022, 42.8535 ], [ -89.5998, 42.8573 ], [ -89.3691, 42.8565 ], [ -89.3682, 42.7197 ], [ -89.4324, 42.7191 ], [ -89.4325, 42.7339 ], [ -89.4422, 42.7341 ], [ -89.4466, 42.7311 ], [ -89.4446, 42.7217 ], [ -89.4526, 42.7223 ], [ -89.4586, 42.7246 ], [ -89.458, 42.7263 ], [ -89.4668, 42.7248 ], [ -89.4666, 42.712 ], [ -89.5604, 42.7121 ], [ -89.5664, 42.7241 ], [ -89.5703, 42.7266 ], [ -89.5985, 42.7268 ], [ -89.6001, 42.7488 ], [ -89.6265, 42.7703 ] ] ] } },
{ "type": "Feature", "properties": { "GEOID": "55003950500", "county": "Census Tract 9505" }, "geometry": { "type": "Polygon", "coordinates": [ [ [ -90.9283, 46.2844 ], [ -90.925, 46.3064 ], [ -90.9241, 46.371 ], [ -90.9244, 46.5022 ], [ -90.9275, 46.5022 ], [ -90.9273, 46.5603 ], [ -90.8229, 46.5594 ], [ -90.8228, 46.5408 ], [ -90.8267, 46.5406 ], [ -90.8292, 46.5372 ], [ -90.8427, 46.5356 ], [ -90.8505, 46.5286 ], [ -90.8541, 46.5287 ], [ -90.8442, 46.52 ], [ -90.8411, 46.5096 ], [ -90.8403, 46.445 ], [ -90.8217, 46.4376 ], [ -90.8175, 46.4212 ], [ -90.8008, 46.407 ], [ -90.7161, 46.407 ], [ -90.7159, 46.4001 ], [ -90.6849, 46.3998 ], [ -90.685, 46.3855 ], [ -90.6745, 46.3851 ], [ -90.6739, 46.3422 ], [ -90.7152, 46.3423 ], [ -90.7156, 46.3566 ], [ -90.7358, 46.3572 ], [ -90.7369, 46.3494 ], [ -90.7774, 46.3495 ], [ -90.7773, 46.3224 ], [ -90.7836, 46.3203 ], [ -90.7907, 46.3218 ], [ -90.7983, 46.3206 ], [ -90.807, 46.3154 ], [ -90.8126, 46.2947 ], [ -90.8221, 46.2918 ], [ -90.8278, 46.2827 ], [ -90.8368, 46.2773 ], [ -90.842, 46.2587 ], [ -90.8583, 46.2566 ], [ -90.8665, 46.2578 ], [ -90.8792, 46.2505 ], [ -90.9025, 46.2466 ], [ -90.9086, 46.2414 ], [ -90.918, 46.2411 ], [ -90.9248, 46.2435 ], [ -90.9283, 46.2844 ] ] ] } },
{ "type": "Feature", "properties": { "GEOID": "55013970800", "county": "Census Tract 9708" }, "geometry": { "type": "Polygon", "coordinates": [ [ [ -92.5688, 45.8081 ], [ -92.5639, 45.8087 ], [ -92.5628, 45.8116 ], [ -92.5444, 45.8119 ], [ -92.539, 45.8152 ], [ -92.5216, 45.8157 ], [ -92.5189, 45.8183 ], [ -92.5186, 45.856 ], [ -92.5087, 45.8672 ], [ -92.4897, 45.8796 ], [ -92.4881, 45.8784 ], [ -92.4879, 45.881 ], [ -92.4743, 45.8849 ], [ -92.4672, 45.8781 ], [ -92.4587, 45.8795 ], [ -92.4573, 45.8773 ], [ -92.4468, 45.8808 ], [ -92.4453, 45.8769 ], [ -92.4439, 45.8794 ], [ -92.4387, 45.8784 ], [ -92.4328, 45.8814 ], [ -92.4339, 45.8793 ], [ -92.4313, 45.8778 ], [ -92.4286, 45.8788 ], [ -92.4282, 45.875 ], [ -92.4184, 45.8736 ], [ -92.4002, 45.8607 ], [ -92.3877, 45.8576 ], [ -92.3861, 45.8597 ], [ -92.3861, 45.8168 ], [ -92.3653, 45.8167 ], [ -92.3655, 45.8092 ], [ -92.3603, 45.8036 ], [ -92.3658, 45.7991 ], [ -92.3655, 45.7847 ], [ -92.3566, 45.7808 ], [ -92.3476, 45.7635 ], [ -92.3301, 45.7615 ], [ -92.33, 45.7576 ], [ -92.3249, 45.7519 ], [ -92.3247, 45.7336 ], [ -92.3198, 45.7335 ], [ -92.3198, 45.7265 ], [ -92.5282, 45.7287 ], [ -92.5277, 45.772 ], [ -92.569, 45.7721 ], [ -92.5688, 45.8081 ] ] ] } },
{ "type": "Feature", "properties": { "GEOID": "55013970600", "county": "Census Tract 9706" }, "geometry": { "type": "Polygon", "coordinates": [ [ [ -92.2828, 45.8877 ], [ -92.2838, 45.931 ], [ -92.1968, 45.9305 ], [ -92.1812, 45.9329 ], [ -92.1565, 45.9296 ], [ -92.156, 45.9187 ], [ -92.1524, 45.9169 ], [ -92.1559, 45.9122 ], [ -92.1548, 45.9055 ], [ -92.156, 45.9028 ], [ -92.1712, 45.8995 ], [ -92.1731, 45.8865 ], [ -92.1542, 45.8879 ], [ -92.1546, 45.8853 ], [ -92.1395, 45.8741 ], [ -92.1372, 45.876 ], [ -92.1353, 45.8743 ], [ -92.1315, 45.875 ], [ -92.1309, 45.8823 ], [ -92.1305, 45.8806 ], [ -92.1197, 45.8786 ], [ -92.1172, 45.8722 ], [ -92.1246, 45.8659 ], [ -92.1245, 45.8613 ], [ -92.1367, 45.8578 ], [ -92.1369, 45.8547 ], [ -92.1238, 45.8522 ], [ -92.1155, 45.8578 ], [ -92.1156, 45.8614 ], [ -92.1093, 45.8644 ], [ -92.1037, 45.8622 ], [ -92.1044, 45.8661 ], [ -92.1003, 45.8691 ], [ -92.0919, 45.866 ], [ -92.0936, 45.8768 ], [ -92.0894, 45.877 ], [ -92.0798, 45.8828 ], [ -92.0694, 45.8867 ], [ -92.0325, 45.887 ], [ -92.0314, 45.6399 ], [ -92.1549, 45.6397 ], [ -92.1544, 45.7256 ], [ -92.2474, 45.726 ], [ -92.2472, 45.7477 ], [ -92.2368, 45.749 ], [ -92.2365, 45.7615 ], [ -92.2242, 45.7604 ], [ -92.2231, 45.7647 ], [ -92.2174, 45.7643 ], [ -92.2094, 45.7682 ], [ -92.2134, 45.77 ], [ -92.2102, 45.778 ], [ -92.2163, 45.7836 ], [ -92.2151, 45.8088 ], [ -92.2571, 45.8245 ], [ -92.2595, 45.8331 ], [ -92.2553, 45.8406 ], [ -92.2574, 45.8438 ], [ -92.2573, 45.8591 ], [ -92.2473, 45.8593 ], [ -92.2474, 45.8662 ], [ -92.2429, 45.8672 ], [ -92.2426, 45.8737 ], [ -92.2575, 45.8738 ], [ -92.2579, 45.8846 ], [ -92.2736, 45.8848 ], [ -92.2828, 45.8877 ] ] ] } },
{ "type": "Feature", "properties": { "GEOID": "55005000800", "county": "Census Tract 8" }, "geometry": { "type": "Polygon", "coordinates": [ [ [ -91.7867, 45.401 ], [ -91.7774, 45.4016 ], [ -91.781, 45.4083 ], [ -91.7792, 45.4139 ], [ -91.7824, 45.4206 ], [ -91.7774, 45.4227 ], [ -91.7802, 45.4285 ], [ -91.7759, 45.4311 ], [ -91.7766, 45.4354 ], [ -91.7704, 45.4373 ], [ -91.7681, 45.4422 ], [ -91.7705, 45.4435 ], [ -91.7522, 45.4469 ], [ -91.7474, 45.4579 ], [ -91.7446, 45.4562 ], [ -91.7318, 45.4568 ], [ -91.7178, 45.461 ], [ -91.7162, 45.4646 ], [ -91.7096, 45.4674 ], [ -91.7094, 45.4707 ], [ -91.7005, 45.4702 ], [ -91.6971, 45.4752 ], [ -91.6919, 45.4744 ], [ -91.6889, 45.4771 ], [ -91.6881, 45.4873 ], [ -91.7042, 45.4872 ], [ -91.702, 45.5303 ], [ -91.7308, 45.5312 ], [ -91.7344, 45.5526 ], [ -91.5397, 45.5517 ], [ -91.5411, 45.3898 ], [ -91.6375, 45.39 ], [ -91.6562, 45.3853 ], [ -91.6582, 45.3877 ], [ -91.664, 45.3883 ], [ -91.664, 45.3937 ], [ -91.7047, 45.3938 ], [ -91.7047, 45.3974 ], [ -91.7085, 45.3974 ], [ -91.7073, 45.3931 ], [ -91.7116, 45.3829 ], [ -91.7176, 45.3831 ], [ -91.7179, 45.3873 ], [ -91.725, 45.3867 ], [ -91.7344, 45.3899 ], [ -91.7355, 45.3983 ], [ -91.7458, 45.3959 ], [ -91.7869, 45.3937 ], [ -91.7867, 45.401 ] ] ] } },
{ "type": "Feature", "properties": { "GEOID": "55005000500", "county": "Census Tract 5" }, "geometry": { "type": "Polygon", "coordinates": [ [ [ -91.7861, 45.5098 ], [ -91.7651, 45.5094 ], [ -91.7649, 45.5309 ], [ -91.7463, 45.5305 ], [ -91.7358, 45.4883 ], [ -91.7396, 45.464 ], [ -91.7431, 45.4566 ], [ -91.7474, 45.4579 ], [ -91.7522, 45.4469 ], [ -91.7656, 45.4452 ], [ -91.7657, 45.495 ], [ -91.7861, 45.4953 ], [ -91.7861, 45.5098 ] ] ] } },
{ "type": "Feature", "properties": { "GEOID": "55005000200", "county": "Census Tract 2" }, "geometry": { "type": "Polygon", "coordinates": [ [ [ -92.1559, 45.4894 ], [ -92.1549, 45.6397 ], [ -91.9927, 45.6396 ], [ -91.9942, 45.6288 ], [ -92.0171, 45.6006 ], [ -92.0173, 45.5585 ], [ -92.0095, 45.558 ], [ -91.9917, 45.5642 ], [ -91.9878, 45.5607 ], [ -91.9833, 45.5606 ], [ -91.9763, 45.5532 ], [ -91.9759, 45.546 ], [ -91.9708, 45.5461 ], [ -91.9711, 45.5183 ], [ -92.0519, 45.517 ], [ -92.053, 45.4948 ], [ -92.0796, 45.4743 ], [ -92.0955, 45.4863 ], [ -92.1559, 45.4894 ] ] ] } },
{ "type": "Feature", "properties": { "GEOID": "55005000100", "county": "Census Tract 1" }, "geometry": { "type": "Polygon", "coordinates": [ [ [ -92.0177, 45.5979 ], [ -92.0154, 45.6039 ], [ -91.993, 45.6307 ], [ -91.9927, 45.6396 ], [ -91.5403, 45.6376 ], [ -91.5397, 45.5517 ], [ -91.7344, 45.5526 ], [ -91.7308, 45.5312 ], [ -91.7357, 45.5303 ], [ -91.7649, 45.5309 ], [ -91.7663, 45.5527 ], [ -91.9096, 45.5532 ], [ -91.9094, 45.5424 ], [ -91.9243, 45.5424 ], [ -91.925, 45.546 ], [ -91.9502, 45.5459 ], [ -91.9501, 45.5423 ], [ -91.9707, 45.5424 ], [ -91.9708, 45.5461 ], [ -91.9759, 45.546 ], [ -91.9763, 45.5532 ], [ -91.9805, 45.5581 ], [ -91.9917, 45.5625 ], [ -91.9917, 45.5642 ], [ -92.0095, 45.558 ], [ -92.0173, 45.5585 ], [ -92.0177, 45.5979 ] ] ] } },
{ "type": "Feature", "properties": { "GEOID": "55025010701", "county": "Census Tract 107.01" }, "geometry": { "type": "Polygon", "coordinates": [ [ [ -89.4629, 42.9795 ], [ -89.4554, 43.0154 ], [ -89.4248, 43.0153 ], [ -89.4285, 43.011 ], [ -89.4297, 42.9795 ], [ -89.4629, 42.9795 ] ] ] } },
{ "type": "Feature", "properties": { "GEOID": "55025000201", "county": "Census Tract 2.01" }, "geometry": { "type": "Polygon", "coordinates": [ [ [ -89.4865, 43.0608 ], [ -89.4859, 43.067 ], [ -89.4828, 43.068 ], [ -89.4827, 43.0752 ], [ -89.4675, 43.0743 ], [ -89.4721, 43.0609 ], [ -89.4865, 43.0608 ] ] ] } },
{ "type": "Feature", "properties": { "GEOID": "55025001000", "county": "Census Tract 10" }, "geometry": { "type": "Polygon", "coordinates": [ [ [ -89.4433, 43.0511 ], [ -89.438, 43.0553 ], [ -89.4387, 43.0608 ], [ -89.429, 43.068 ], [ -89.4288, 43.0608 ], [ -89.421, 43.0624 ], [ -89.4171, 43.0592 ], [ -89.4241, 43.0554 ], [ -89.4279, 43.0565 ], [ -89.4374, 43.0516 ], [ -89.4433, 43.0511 ] ] ] } },
{ "type": "Feature", "properties": { "GEOID": "55025013100", "county": "Census Tract 131" }, "geometry": { "type": "Polygon", "coordinates": [ [ [ -89.8381, 43.2061 ], [ -89.8061, 43.2385 ], [ -89.7587, 43.2413 ], [ -89.7489, 43.2487 ], [ -89.7431, 43.2478 ], [ -89.7317, 43.2522 ], [ -89.7251, 43.2601 ], [ -89.724, 43.2636 ], [ -89.7267, 43.2649 ], [ -89.7197, 43.2704 ], [ -89.7196, 43.1189 ], [ -89.838, 43.1186 ], [ -89.8381, 43.2061 ] ] ] } },
{ "type": "Feature", "properties": { "GEOID": "55025010400", "county": "Census Tract 104" }, "geometry": { "type": "Polygon", "coordinates": [ [ [ -89.3496, 43.0563 ], [ -89.3394, 43.0629 ], [ -89.3262, 43.0622 ], [ -89.3247, 43.0477 ], [ -89.3361, 43.0471 ], [ -89.3397, 43.0585 ], [ -89.3449, 43.0544 ], [ -89.3496, 43.0563 ] ] ] } },
{ "type": "Feature", "properties": { "GEOID": "55025011302", "county": "Census Tract 113.02" }, "geometry": { "type": "Polygon", "coordinates": [ [ [ -89.4618, 43.1775 ], [ -89.4618, 43.192 ], [ -89.4118, 43.192 ], [ -89.4116, 43.1774 ], [ -89.432, 43.1773 ], [ -89.4335, 43.1746 ], [ -89.4388, 43.1773 ], [ -89.4618, 43.1775 ] ] ] } },
{ "type": "Feature", "properties": { "GEOID": "55025002301", "county": "Census Tract 23.01" }, "geometry": { "type": "Polygon", "coordinates": [ [ [ -89.3932, 43.1338 ], [ -89.3843, 43.1338 ], [ -89.393, 43.1418 ], [ -89.3881, 43.1397 ], [ -89.3768, 43.141 ], [ -89.3769, 43.1362 ], [ -89.3635, 43.1306 ], [ -89.3636, 43.1261 ], [ -89.3712, 43.1257 ], [ -89.3716, 43.123 ], [ -89.3825, 43.1295 ], [ -89.3933, 43.1285 ], [ -89.3932, 43.1338 ] ] ] } },
{ "type": "Feature", "properties": { "GEOID": "55025002700", "county": "Census Tract 27" }, "geometry": { "type": "Polygon", "coordinates": [ [ [ -89.3343, 43.0898 ], [ -89.3327, 43.0929 ], [ -89.3307, 43.0922 ], [ -89.3327, 43.0977 ], [ -89.3286, 43.1041 ], [ -89.3237, 43.1066 ], [ -89.3167, 43.1065 ], [ -89.3114, 43.084 ], [ -89.325, 43.0837 ], [ -89.3267, 43.0869 ], [ -89.3343, 43.0898 ] ] ] } },
{ "type": "Feature", "properties": { "GEOID": "55025003100", "county": "Census Tract 31" }, "geometry": { "type": "Polygon", "coordinates": [ [ [ -89.3114, 43.084 ], [ -89.2838, 43.0845 ], [ -89.2773, 43.0633 ], [ -89.2779, 43.0457 ], [ -89.2982, 43.0475 ], [ -89.3071, 43.0459 ], [ -89.3114, 43.084 ] ] ] } },
{ "type": "Feature", "properties": { "GEOID": "55025011900", "county": "Census Tract 119" }, "geometry": { "type": "Polygon", "coordinates": [ [ [ -89.1317, 42.934 ], [ -89.1296, 43.1086 ], [ -89.012, 43.1109 ], [ -89.0131, 42.9353 ], [ -89.1317, 42.934 ] ] ] } },
{ "type": "Feature", "properties": { "GEOID": "55031021100", "county": "Census Tract 211" }, "geometry": { "type": "Polygon", "coordinates": [ [ [ -92.1448, 46.7187 ], [ -92.1413, 46.7252 ], [ -92.1433, 46.7346 ], [ -92.1379, 46.7395 ], [ -92.1166, 46.7486 ], [ -92.0895, 46.7492 ], [ -92.0713, 46.736 ], [ -92.0859, 46.7286 ], [ -92.1008, 46.7286 ], [ -92.1009, 46.7193 ], [ -92.14, 46.7206 ], [ -92.1448, 46.7187 ] ] ] } },
{ "type": "Feature", "properties": { "GEOID": "55033970100", "county": "Census Tract 9701" }, "geometry": { "type": "Polygon", "coordinates": [ [ [ -92.1568, 45.1355 ], [ -92.1565, 45.2095 ], [ -91.6656, 45.208 ], [ -91.6664, 45.1208 ], [ -91.6515, 45.1204 ], [ -91.6515, 45.0371 ], [ -91.6587, 45.0372 ], [ -91.6609, 45.0323 ], [ -91.713, 45.0375 ], [ -91.71, 45.053 ], [ -91.7206, 45.0532 ], [ -91.7267, 45.0485 ], [ -91.7331, 45.0483 ], [ -91.7367, 45.034 ], [ -91.7335, 45.0315 ], [ -91.7314, 45.0138 ], [ -91.7341, 45.0089 ], [ -91.7381, 45.0093 ], [ -91.7437, 45.0155 ], [ -91.8348, 45.0165 ], [ -91.8585, 45.0346 ], [ -91.8702, 45.0365 ], [ -91.8705, 45.0603 ], [ -91.8925, 45.0599 ], [ -91.8953, 45.0636 ], [ -91.9148, 45.0635 ], [ -91.9154, 45.067 ], [ -91.9512, 45.0693 ], [ -91.9563, 45.0671 ], [ -91.9563, 45.0601 ], [ -92.0357, 45.0603 ], [ -92.0357, 45.0776 ], [ -92.0458, 45.0796 ], [ -92.0464, 45.0882 ], [ -92.0613, 45.0893 ], [ -92.0723, 45.0968 ], [ -92.0805, 45.106 ], [ -92.0809, 45.1138 ], [ -92.0928, 45.1179 ], [ -92.0977, 45.1255 ], [ -92.0981, 45.1315 ], [ -92.095, 45.1361 ], [ -92.123, 45.1344 ], [ -92.1324, 45.1366 ], [ -92.1495, 45.1332 ], [ -92.1568, 45.1355 ] ] ] } },
{ "type": "Feature", "properties": { "GEOID": "55077960300", "county": "Census Tract 9603" }, "geometry": { "type": "Polygon", "coordinates": [ [ [ -89.4246, 43.7747 ], [ -89.4152, 43.7755 ], [ -89.4152, 43.7893 ], [ -89.395, 43.7917 ], [ -89.3951, 43.8178 ], [ -89.375, 43.8152 ], [ -89.375, 43.8179 ], [ -89.3653, 43.818 ], [ -89.3651, 43.8251 ], [ -89.3578, 43.8251 ], [ -89.3521, 43.8216 ], [ -89.3163, 43.8217 ], [ -89.317, 43.7941 ], [ -89.294, 43.8008 ], [ -89.2729, 43.8154 ], [ -89.2562, 43.8198 ], [ -89.2464, 43.82 ], [ -89.246, 43.8033 ], [ -89.238, 43.8034 ], [ -89.2379, 43.7892 ], [ -89.2408, 43.7888 ], [ -89.2434, 43.783 ], [ -89.2428, 43.776 ], [ -89.2292, 43.771 ], [ -89.2298, 43.7679 ], [ -89.2358, 43.7677 ], [ -89.2433, 43.7633 ], [ -89.2405, 43.7599 ], [ -89.2454, 43.7598 ], [ -89.2454, 43.6431 ], [ -89.4073, 43.6426 ], [ -89.402, 43.657 ], [ -89.3946, 43.6652 ], [ -89.3922, 43.6741 ], [ -89.3964, 43.6845 ], [ -89.3946, 43.694 ], [ -89.3906, 43.7002 ], [ -89.3765, 43.7076 ], [ -89.3652, 43.7278 ], [ -89.3652, 43.7367 ], [ -89.3601, 43.7445 ], [ -89.3572, 43.7448 ], [ -89.3559, 43.7514 ], [ -89.3957, 43.7519 ], [ -89.3959, 43.7662 ], [ -89.371, 43.7663 ], [ -89.3892, 43.7779 ], [ -89.4224, 43.7704 ], [ -89.4246, 43.7747 ] ] ] } },
{ "type": "Feature", "properties": { "GEOID": "55031020900", "county": "Census Tract 209" }, "geometry": { "type": "Polygon", "coordinates": [ [ [ -92.0749, 46.7062 ], [ -92.0609, 46.706 ], [ -92.0428, 46.7154 ], [ -92.034, 46.7089 ], [ -92.0247, 46.7056 ], [ -92.0272, 46.6986 ], [ -92.0371, 46.6953 ], [ -92.0349, 46.6871 ], [ -92.0446, 46.6892 ], [ -92.0484, 46.6853 ], [ -92.0559, 46.6912 ], [ -92.0611, 46.6908 ], [ -92.0638, 46.693 ], [ -92.062, 46.6941 ], [ -92.0749, 46.7062 ] ] ] } },
{ "type": "Feature", "properties": { "GEOID": "55053960100", "county": "Census Tract 9601" }, "geometry": { "type": "Polygon", "coordinates": [ [ [ -90.9171, 44.1749 ], [ -90.9124, 44.1739 ], [ -90.9083, 44.1761 ], [ -90.9009, 44.1731 ], [ -90.8934, 44.1758 ], [ -90.8926, 44.1779 ], [ -90.9008, 44.185 ], [ -90.8952, 44.1889 ], [ -90.8847, 44.1898 ], [ -90.883, 44.1928 ], [ -90.8941, 44.2082 ], [ -90.8904, 44.2097 ], [ -90.8776, 44.2087 ], [ -90.8727, 44.2109 ], [ -90.8749, 44.2157 ], [ -90.8875, 44.223 ], [ -90.8778, 44.2215 ], [ -90.8751, 44.2246 ], [ -90.8912, 44.2321 ], [ -90.8782, 44.2384 ], [ -90.8818, 44.249 ], [ -90.8802, 44.2528 ], [ -90.8734, 44.2527 ], [ -90.8744, 44.2486 ], [ -90.8707, 44.2472 ], [ -90.8656, 44.2552 ], [ -90.8675, 44.2588 ], [ -90.8726, 44.2591 ], [ -90.8728, 44.2606 ], [ -90.8664, 44.2666 ], [ -90.8597, 44.2678 ], [ -90.8509, 44.2602 ], [ -90.8423, 44.2581 ], [ -90.8422, 44.2917 ], [ -90.8401, 44.2879 ], [ -90.8347, 44.2886 ], [ -90.8197, 44.2832 ], [ -90.8087, 44.2819 ], [ -90.823, 44.2959 ], [ -90.8108, 44.306 ], [ -90.8189, 44.3262 ], [ -90.8119, 44.3261 ], [ -90.8038, 44.3394 ], [ -90.7977, 44.3442 ], [ -90.7956, 44.3503 ], [ -90.7906, 44.3536 ], [ -90.7854, 44.3533 ], [ -90.7812, 44.3611 ], [ -90.7777, 44.3601 ], [ -90.7762, 44.3514 ], [ -90.7685, 44.3535 ], [ -90.7662, 44.362 ], [ -90.7596, 44.3713 ], [ -90.7634, 44.3853 ], [ -90.7586, 44.3897 ], [ -90.7535, 44.3905 ], [ -90.7544, 44.3926 ], [ -90.7464, 44.3943 ], [ -90.7465, 44.3997 ], [ -90.7381, 44.3973 ], [ -90.7354, 44.3987 ], [ -90.718, 44.4196 ], [ -90.7073, 44.4223 ], [ -90.3161, 44.4245 ], [ -90.318, 44.2487 ], [ -90.3127, 44.2487 ], [ -90.3125, 44.1552 ], [ -90.4357, 44.1611 ], [ -90.9061, 44.1583 ], [ -90.9029, 44.1661 ], [ -90.9153, 44.1704 ], [ -90.9171, 44.1749 ] ] ] } },
{ "type": "Feature", "properties": { "GEOID": "55115100900", "county": "Census Tract 1009" }, "geometry": { "type": "Polygon", "coordinates": [ [ [ -88.9713, 44.694 ], [ -88.9664, 44.6945 ], [ -88.9666, 44.7087 ], [ -88.9411, 44.7086 ], [ -88.9409, 44.7302 ], [ -88.9303, 44.7302 ], [ -88.9301, 44.7481 ], [ -88.9358, 44.7482 ], [ -88.935, 44.7589 ], [ -88.9453, 44.7599 ], [ -88.9451, 44.7682 ], [ -88.8075, 44.768 ], [ -88.8071, 44.7594 ], [ -88.7926, 44.7605 ], [ -88.7921, 44.7628 ], [ -88.7769, 44.7625 ], [ -88.7748, 44.768 ], [ -88.6423, 44.7676 ], [ -88.6307, 44.771 ], [ -88.6213, 44.771 ], [ -88.6183, 44.7675 ], [ -88.6106, 44.7657 ], [ -88.6137, 44.7601 ], [ -88.6086, 44.7558 ], [ -88.5873, 44.7479 ], [ -88.5811, 44.7425 ], [ -88.5687, 44.7392 ], [ -88.5697, 44.7359 ], [ -88.5649, 44.7299 ], [ -88.5674, 44.7281 ], [ -88.5731, 44.7289 ], [ -88.5835, 44.7197 ], [ -88.5847, 44.7116 ], [ -88.578, 44.7017 ], [ -88.5789, 44.6963 ], [ -88.5855, 44.6964 ], [ -88.5861, 44.6928 ], [ -88.6155, 44.6928 ], [ -88.6155, 44.6782 ], [ -88.9718, 44.6798 ], [ -88.9713, 44.694 ] ] ] } },
{ "type": "Feature", "properties": { "GEOID": "55043960200", "county": "Census Tract 9602" }, "geometry": { "type": "Polygon", "coordinates": [ [ [ -90.739, 43.1265 ], [ -90.7267, 43.1449 ], [ -90.6982, 43.1607 ], [ -90.6981, 43.1682 ], [ -90.6899, 43.173 ], [ -90.6566, 43.1718 ], [ -90.6425, 43.1787 ], [ -90.6086, 43.1854 ], [ -90.5889, 43.2007 ], [ -90.5757, 43.2047 ], [ -90.5608, 43.2067 ], [ -90.5608, 43.2036 ], [ -90.564, 43.2026 ], [ -90.561, 43.1887 ], [ -90.5559, 43.1857 ], [ -90.5522, 43.1868 ], [ -90.5507, 43.1829 ], [ -90.5472, 43.1816 ], [ -90.5362, 43.1851 ], [ -90.5342, 43.1821 ], [ -90.5276, 43.1809 ], [ -90.5194, 43.1803 ], [ -90.5171, 43.1825 ], [ -90.5134, 43.1816 ], [ -90.5151, 43.1798 ], [ -90.5124, 43.1778 ], [ -90.5087, 43.1798 ], [ -90.5038, 43.1719 ], [ -90.5135, 43.1651 ], [ -90.5217, 43.1626 ], [ -90.532, 43.1644 ], [ -90.5415, 43.1599 ], [ -90.5428, 43.1566 ], [ -90.5748, 43.1479 ], [ -90.5761, 43.1452 ], [ -90.6071, 43.1408 ], [ -90.6109, 43.13 ], [ -90.6345, 43.1311 ], [ -90.6416, 43.1284 ], [ -90.6536, 43.1134 ], [ -90.6402, 43.1042 ], [ -90.6384, 43.095 ], [ -90.6258, 43.0855 ], [ -90.6428, 43.0739 ], [ -90.6586, 43.0814 ], [ -90.6635, 43.0869 ], [ -90.6632, 43.0905 ], [ -90.6742, 43.0961 ], [ -90.6743, 43.1017 ], [ -90.6826, 43.1029 ], [ -90.6896, 43.1141 ], [ -90.708, 43.1238 ], [ -90.7308, 43.1179 ], [ -90.7339, 43.1192 ], [ -90.735, 43.1264 ], [ -90.739, 43.1265 ] ] ] } },
{ "type": "Feature", "properties": { "GEOID": "55043960300", "county": "Census Tract 9603" }, "geometry": { "type": "Polygon", "coordinates": [ [ [ -90.7987, 43.1088 ], [ -90.7633, 43.1156 ], [ -90.7502, 43.124 ], [ -90.7425, 43.1236 ], [ -90.739, 43.1265 ], [ -90.735, 43.1264 ], [ -90.7339, 43.1192 ], [ -90.7308, 43.1179 ], [ -90.708, 43.1238 ], [ -90.6896, 43.1141 ], [ -90.6826, 43.1029 ], [ -90.6743, 43.1017 ], [ -90.6754, 43.0975 ], [ -90.6632, 43.0905 ], [ -90.6635, 43.0869 ], [ -90.6586, 43.0814 ], [ -90.6428, 43.0739 ], [ -90.6424, 43.0656 ], [ -90.6571, 43.0544 ], [ -90.6569, 43.0401 ], [ -90.6535, 43.0358 ], [ -90.6469, 43.0355 ], [ -90.6454, 43.0318 ], [ -90.6155, 43.0317 ], [ -90.605, 43.0348 ], [ -90.5924, 43.0322 ], [ -90.5631, 43.0391 ], [ -90.5601, 43.0333 ], [ -90.564, 43.028 ], [ -90.5571, 43.0273 ], [ -90.5501, 43.0192 ], [ -90.5569, 43.0082 ], [ -90.5549, 42.9959 ], [ -90.5617, 42.9858 ], [ -90.5613, 42.9736 ], [ -90.5564, 42.9736 ], [ -90.5564, 42.9591 ], [ -90.6257, 42.9593 ], [ -90.6233, 42.9267 ], [ -90.6306, 42.9241 ], [ -90.6371, 42.93 ], [ -90.6422, 42.9295 ], [ -90.6478, 42.9335 ], [ -90.6539, 42.9336 ], [ -90.668, 42.9212 ], [ -90.67, 42.9153 ], [ -90.6808, 42.9154 ], [ -90.6762, 42.9341 ], [ -90.6755, 42.956 ], [ -90.6931, 42.9556 ], [ -90.6902, 42.9643 ], [ -90.7005, 42.9626 ], [ -90.7129, 42.9572 ], [ -90.7156, 42.9592 ], [ -90.7343, 42.9594 ], [ -90.7353, 42.9655 ], [ -90.757, 42.9668 ], [ -90.757, 42.9714 ], [ -90.7645, 42.9738 ], [ -90.7667, 42.9792 ], [ -90.7647, 42.9947 ], [ -90.7599, 43.0016 ], [ -90.766, 43.0107 ], [ -90.7659, 43.019 ], [ -90.7769, 43.0255 ], [ -90.7807, 43.0323 ], [ -90.7925, 43.0416 ], [ -90.7892, 43.0503 ], [ -90.7911, 43.0513 ], [ -90.7907, 43.0635 ], [ -90.7884, 43.0657 ], [ -90.7896, 43.0757 ], [ -90.7863, 43.0874 ], [ -90.7802, 43.093 ], [ -90.7807, 43.0946 ], [ -90.7889, 43.0936 ], [ -90.7919, 43.1024 ], [ -90.7987, 43.1088 ] ] ] } },
{ "type": "Feature", "properties": { "GEOID": "55043960100", "county": "Census Tract 9601" }, "geometry": { "type": "Polygon", "coordinates": [ [ [ -90.6571, 43.0544 ], [ -90.6424, 43.0656 ], [ -90.6428, 43.0739 ], [ -90.6258, 43.0855 ], [ -90.6384, 43.095 ], [ -90.6402, 43.1042 ], [ -90.6536, 43.1134 ], [ -90.6416, 43.1284 ], [ -90.6345, 43.1311 ], [ -90.6109, 43.13 ], [ -90.6071, 43.1408 ], [ -90.5761, 43.1452 ], [ -90.5748, 43.1479 ], [ -90.5428, 43.1566 ], [ -90.5415, 43.1599 ], [ -90.532, 43.1644 ], [ -90.5217, 43.1626 ], [ -90.5135, 43.1651 ], [ -90.5038, 43.1719 ], [ -90.5087, 43.1798 ], [ -90.5124, 43.1778 ], [ -90.5151, 43.1798 ], [ -90.5134, 43.1816 ], [ -90.5276, 43.1809 ], [ -90.5389, 43.1851 ], [ -90.5402, 43.1829 ], [ -90.5472, 43.1816 ], [ -90.5522, 43.1868 ], [ -90.5559, 43.1857 ], [ -90.561, 43.1887 ], [ -90.564, 43.2026 ], [ -90.5608, 43.2036 ], [ -90.5608, 43.2067 ], [ -90.5406, 43.2112 ], [ -90.5298, 43.2075 ], [ -90.5204, 43.2067 ], [ -90.5059, 43.2089 ], [ -90.4649, 43.2018 ], [ -90.4527, 43.2022 ], [ -90.4393, 43.1996 ], [ -90.4298, 43.2009 ], [ -90.4284, 42.9515 ], [ -90.5563, 42.9518 ], [ -90.5564, 42.9736 ], [ -90.5613, 42.9736 ], [ -90.5617, 42.9858 ], [ -90.5549, 42.9959 ], [ -90.5569, 43.0082 ], [ -90.5501, 43.0192 ], [ -90.5571, 43.0273 ], [ -90.564, 43.028 ], [ -90.5601, 43.0333 ], [ -90.5631, 43.0391 ], [ -90.5924, 43.0322 ], [ -90.605, 43.0348 ], [ -90.6155, 43.0317 ], [ -90.6454, 43.0318 ], [ -90.6469, 43.0355 ], [ -90.6535, 43.0358 ], [ -90.6569, 43.0401 ], [ -90.6571, 43.0544 ] ] ] } },
{ "type": "Feature", "properties": { "GEOID": "55043960700", "county": "Census Tract 9607" }, "geometry": { "type": "Polygon", "coordinates": [ [ [ -90.7726, 42.8602 ], [ -90.7644, 42.8638 ], [ -90.7625, 42.8622 ], [ -90.7525, 42.8686 ], [ -90.7547, 42.8697 ], [ -90.7539, 42.8712 ], [ -90.7514, 42.87 ], [ -90.7484, 42.872 ], [ -90.7315, 42.8648 ], [ -90.7109, 42.8633 ], [ -90.7113, 42.8754 ], [ -90.681, 42.8764 ], [ -90.6733, 42.8728 ], [ -90.6849, 42.8649 ], [ -90.6858, 42.8299 ], [ -90.6886, 42.8268 ], [ -90.7027, 42.8303 ], [ -90.717, 42.8229 ], [ -90.7229, 42.8163 ], [ -90.7241, 42.8499 ], [ -90.7348, 42.85 ], [ -90.7726, 42.8602 ] ] ] } },
{ "type": "Feature", "properties": { "GEOID": "55043961000", "county": "Census Tract 9610" }, "geometry": { "type": "Polygon", "coordinates": [ [ [ -90.5332, 42.7365 ], [ -90.5285, 42.7367 ], [ -90.5304, 42.7426 ], [ -90.5248, 42.7478 ], [ -90.5167, 42.7485 ], [ -90.5143, 42.7469 ], [ -90.5122, 42.739 ], [ -90.4992, 42.7414 ], [ -90.5052, 42.7434 ], [ -90.5045, 42.749 ], [ -90.5092, 42.7516 ], [ -90.4955, 42.7556 ], [ -90.4848, 42.7725 ], [ -90.4728, 42.7782 ], [ -90.4699, 42.777 ], [ -90.4633, 42.779 ], [ -90.4612, 42.7622 ], [ -90.4653, 42.7578 ], [ -90.4663, 42.7433 ], [ -90.4746, 42.7352 ], [ -90.4844, 42.7368 ], [ -90.4856, 42.7297 ], [ -90.5002, 42.7246 ], [ -90.5238, 42.727 ], [ -90.5283, 42.7231 ], [ -90.5295, 42.7318 ], [ -90.5332, 42.7365 ] ] ] } },
{ "type": "Feature", "properties": { "GEOID": "55043960400", "county": "Census Tract 9604" }, "geometry": { "type": "Polygon", "coordinates": [ [ [ -91.1568, 42.9882 ], [ -91.1365, 42.9989 ], [ -91.1312, 42.9995 ], [ -91.1014, 43.0001 ], [ -91.0871, 42.9936 ], [ -91.0772, 42.9944 ], [ -91.0653, 42.9921 ], [ -91.0573, 42.9941 ], [ -91.0526, 43.0017 ], [ -91.0229, 43.0075 ], [ -91.0121, 43.0132 ], [ -91.0044, 43.0224 ], [ -90.9977, 43.0252 ], [ -90.9829, 43.0269 ], [ -90.9694, 43.0332 ], [ -90.9531, 43.0437 ], [ -90.9375, 43.0635 ], [ -90.9292, 43.0652 ], [ -90.9141, 43.0626 ], [ -90.8829, 43.0733 ], [ -90.8666, 43.0728 ], [ -90.8486, 43.0766 ], [ -90.8399, 43.0852 ], [ -90.8228, 43.0881 ], [ -90.8098, 43.0972 ], [ -90.8078, 43.1032 ], [ -90.7987, 43.1088 ], [ -90.7919, 43.1024 ], [ -90.7889, 43.0936 ], [ -90.7807, 43.0946 ], [ -90.7863, 43.0874 ], [ -90.7904, 43.0723 ], [ -90.7884, 43.0657 ], [ -90.7907, 43.0635 ], [ -90.7911, 43.0513 ], [ -90.7892, 43.0503 ], [ -90.7925, 43.0416 ], [ -90.7807, 43.0323 ], [ -90.7769, 43.0255 ], [ -90.7659, 43.019 ], [ -90.766, 43.0107 ], [ -90.7599, 43.0016 ], [ -90.7647, 42.9947 ], [ -90.7667, 42.9792 ], [ -90.7645, 42.9738 ], [ -90.757, 42.9714 ], [ -90.7591, 42.9554 ], [ -90.7601, 42.9541 ], [ -90.7649, 42.9559 ], [ -90.7907, 42.9554 ], [ -90.7949, 42.9418 ], [ -90.7993, 42.9381 ], [ -90.8333, 42.9384 ], [ -90.8342, 42.9522 ], [ -90.8642, 42.9544 ], [ -90.874, 42.9488 ], [ -90.8744, 42.9413 ], [ -90.8709, 42.9352 ], [ -90.8778, 42.9281 ], [ -90.8783, 42.9306 ], [ -90.8884, 42.931 ], [ -90.888, 42.9002 ], [ -90.8906, 42.8961 ], [ -90.8869, 42.8875 ], [ -90.8974, 42.8816 ], [ -90.8978, 42.8693 ], [ -90.902, 42.8689 ], [ -90.9021, 42.862 ], [ -90.9318, 42.862 ], [ -90.9308, 42.8434 ], [ -91.0202, 42.8434 ], [ -91.0196, 42.8296 ], [ -91.0541, 42.8303 ], [ -91.0707, 42.8265 ], [ -91.0941, 42.8308 ], [ -91.0914, 42.8499 ], [ -91.0977, 42.8599 ], [ -91.1006, 42.8831 ], [ -91.1174, 42.8958 ], [ -91.1447, 42.906 ], [ -91.1443, 42.9266 ], [ -91.1499, 42.9419 ], [ -91.1454, 42.9582 ], [ -91.1566, 42.9782 ], [ -91.1568, 42.9882 ] ] ] } },
{ "type": "Feature", "properties": { "GEOID": "55017011100", "county": "Census Tract 111" }, "geometry": { "type": "Polygon", "coordinates": [ [ [ -91.6661, 45.1426 ], [ -91.6656, 45.208 ], [ -91.5422, 45.2065 ], [ -91.5413, 45.2922 ], [ -91.1107, 45.2921 ], [ -91.1101, 45.2268 ], [ -91.1269, 45.2283 ], [ -91.1334, 45.2318 ], [ -91.1518, 45.2347 ], [ -91.2473, 45.2335 ], [ -91.2475, 45.2293 ], [ -91.2556, 45.2228 ], [ -91.258, 45.2173 ], [ -91.2696, 45.2147 ], [ -91.2732, 45.2092 ], [ -91.2701, 45.2053 ], [ -91.2764, 45.2006 ], [ -91.2811, 45.1913 ], [ -91.278, 45.176 ], [ -91.283, 45.1675 ], [ -91.2904, 45.1608 ], [ -91.2953, 45.1596 ], [ -91.2969, 45.156 ], [ -91.3012, 45.1549 ], [ -91.3102, 45.1419 ], [ -91.3206, 45.1335 ], [ -91.3314, 45.1296 ], [ -91.3427, 45.1207 ], [ -91.4954, 45.1203 ], [ -91.5069, 45.1348 ], [ -91.5994, 45.1349 ], [ -91.6088, 45.1423 ], [ -91.6661, 45.1426 ] ] ] } },
{ "type": "Feature", "properties": { "GEOID": "55019950400", "county": "Census Tract 9504" }, "geometry": { "type": "Polygon", "coordinates": [ [ [ -90.9225, 44.9008 ], [ -90.8004, 44.9008 ], [ -90.8004, 44.9153 ], [ -90.6471, 44.9151 ], [ -90.6431, 44.8952 ], [ -90.6467, 44.8885 ], [ -90.6426, 44.8858 ], [ -90.5575, 44.8862 ], [ -90.5574, 44.7125 ], [ -90.7201, 44.7131 ], [ -90.7199, 44.7422 ], [ -90.841, 44.7415 ], [ -90.8411, 44.7373 ], [ -90.8478, 44.7348 ], [ -90.8492, 44.7317 ], [ -90.8775, 44.7364 ], [ -90.9042, 44.7138 ], [ -90.9217, 44.7124 ], [ -90.9225, 44.9008 ] ] ] } },
{ "type": "Feature", "properties": { "GEOID": "55039040400", "county": "Census Tract 404" }, "geometry": { "type": "Polygon", "coordinates": [ [ [ -88.4822, 43.7771 ], [ -88.4562, 43.7787 ], [ -88.4557, 43.7746 ], [ -88.4582, 43.772 ], [ -88.4634, 43.7724 ], [ -88.4669, 43.768 ], [ -88.4768, 43.7691 ], [ -88.4808, 43.7672 ], [ -88.4822, 43.7771 ] ] ] } },
{ "type": "Feature", "properties": { "GEOID": "55039041000", "county": "Census Tract 410" }, "geometry": { "type": "Polygon", "coordinates": [ [ [ -88.4496, 43.753 ], [ -88.4479, 43.7624 ], [ -88.4317, 43.7623 ], [ -88.4308, 43.7691 ], [ -88.4144, 43.7548 ], [ -88.4496, 43.753 ] ] ] } },
{ "type": "Feature", "properties": { "GEOID": "55023960100", "county": "Census Tract 9601" }, "geometry": { "type": "Polygon", "coordinates": [ [ [ -90.9576, 43.4183 ], [ -90.9493, 43.4239 ], [ -90.7676, 43.423 ], [ -90.7467, 43.4245 ], [ -90.6686, 43.423 ], [ -90.6686, 43.3798 ], [ -90.666, 43.3794 ], [ -90.6664, 43.269 ], [ -90.6772, 43.2693 ], [ -90.6869, 43.2738 ], [ -90.696, 43.2739 ], [ -90.6958, 43.2717 ], [ -90.7007, 43.2692 ], [ -90.7176, 43.2675 ], [ -90.7271, 43.263 ], [ -90.7435, 43.2633 ], [ -90.759, 43.2712 ], [ -90.7746, 43.2714 ], [ -90.7841, 43.2742 ], [ -90.8369, 43.2719 ], [ -90.8533, 43.2814 ], [ -90.8738, 43.285 ], [ -90.9018, 43.2859 ], [ -90.9032, 43.2897 ], [ -90.9159, 43.301 ], [ -90.9165, 43.3067 ], [ -90.9164, 43.3178 ], [ -90.9041, 43.3287 ], [ -90.9269, 43.3274 ], [ -90.9338, 43.3342 ], [ -90.9444, 43.3708 ], [ -90.939, 43.3849 ], [ -90.9403, 43.3953 ], [ -90.9571, 43.4121 ], [ -90.9576, 43.4183 ] ] ] } },
{ "type": "Feature", "properties": { "GEOID": "55023960500", "county": "Census Tract 9605" }, "geometry": { "type": "Polygon", "coordinates": [ [ [ -91.1601, 43.0554 ], [ -91.1488, 43.0563 ], [ -91.1493, 43.0629 ], [ -91.1359, 43.0655 ], [ -91.1408, 43.0581 ], [ -91.141, 43.0519 ], [ -91.1342, 43.0504 ], [ -91.1354, 43.0479 ], [ -91.1327, 43.0466 ], [ -91.149, 43.0456 ], [ -91.1492, 43.049 ], [ -91.1564, 43.0479 ], [ -91.1601, 43.0554 ] ] ] } },
{ "type": "Feature", "properties": { "GEOID": "55023960200", "county": "Census Tract 9602" }, "geometry": { "type": "Polygon", "coordinates": [ [ [ -91.215, 43.368 ], [ -91.2061, 43.375 ], [ -91.1977, 43.3953 ], [ -91.2012, 43.4159 ], [ -91.2056, 43.4229 ], [ -90.9493, 43.4239 ], [ -90.9572, 43.4188 ], [ -90.9578, 43.4136 ], [ -90.9403, 43.3953 ], [ -90.939, 43.3849 ], [ -90.9444, 43.3708 ], [ -90.9342, 43.3349 ], [ -90.9269, 43.3274 ], [ -90.9041, 43.3287 ], [ -90.9164, 43.3178 ], [ -90.9165, 43.3067 ], [ -90.9159, 43.301 ], [ -90.9011, 43.2857 ], [ -90.9124, 43.2796 ], [ -90.9121, 43.2769 ], [ -90.9173, 43.2731 ], [ -90.9176, 43.2652 ], [ -90.9074, 43.2455 ], [ -90.9003, 43.2451 ], [ -90.8908, 43.2318 ], [ -90.8984, 43.2325 ], [ -90.9023, 43.2288 ], [ -90.9014, 43.2215 ], [ -90.905, 43.2122 ], [ -90.9108, 43.2121 ], [ -90.9137, 43.207 ], [ -90.927, 43.2032 ], [ -90.9305, 43.199 ], [ -90.9633, 43.2093 ], [ -90.9815, 43.2086 ], [ -90.9894, 43.2103 ], [ -90.9988, 43.2077 ], [ -91.0132, 43.2076 ], [ -91.0134, 43.2119 ], [ -91.0343, 43.2194 ], [ -91.0477, 43.2217 ], [ -91.0559, 43.2312 ], [ -91.0597, 43.2419 ], [ -91.0583, 43.2442 ], [ -91.0617, 43.2448 ], [ -91.0586, 43.2577 ], [ -91.0618, 43.26 ], [ -91.0717, 43.261 ], [ -91.0737, 43.2747 ], [ -91.0857, 43.2919 ], [ -91.1072, 43.3136 ], [ -91.1373, 43.3298 ], [ -91.1811, 43.3459 ], [ -91.204, 43.3499 ], [ -91.215, 43.368 ] ] ] } },
{ "type": "Feature", "properties": { "GEOID": "55063010401", "county": "Census Tract 104.01" }, "geometry": { "type": "Polygon", "coordinates": [ [ [ -91.2201, 43.8843 ], [ -91.2201, 43.9128 ], [ -91.2109, 43.9129 ], [ -91.2091, 43.9181 ], [ -91.198, 43.918 ], [ -91.1955, 43.9211 ], [ -91.1821, 43.9261 ], [ -91.1755, 43.9329 ], [ -91.1739, 43.9388 ], [ -91.1629, 43.9444 ], [ -91.1553, 43.9435 ], [ -91.1396, 43.9502 ], [ -91.1354, 43.942 ], [ -91.1189, 43.9343 ], [ -91.1122, 43.928 ], [ -91.1069, 43.9269 ], [ -91.1065, 43.9214 ], [ -91.1014, 43.9136 ], [ -91.1005, 43.889 ], [ -91.1137, 43.8846 ], [ -91.1313, 43.8722 ], [ -91.1497, 43.8709 ], [ -91.1698, 43.8761 ], [ -91.1836, 43.8768 ], [ -91.1785, 43.8793 ], [ -91.1811, 43.8808 ], [ -91.2078, 43.8805 ], [ -91.2089, 43.8839 ], [ -91.2201, 43.8843 ] ] ] } },
{ "type": "Feature", "properties": { "GEOID": "55063010101", "county": "Census Tract 101.01" }, "geometry": { "type": "Polygon", "coordinates": [ [ [ -91.1754, 43.9705 ], [ -91.155, 43.9775 ], [ -91.1543, 43.9813 ], [ -91.145, 43.9872 ], [ -91.1427, 43.9933 ], [ -91.145, 43.9961 ], [ -91.1404, 44.004 ], [ -91.1424, 44.0347 ], [ -91.1325, 44.0519 ], [ -91.1326, 44.0575 ], [ -91.1071, 44.0573 ], [ -91.1076, 44.0647 ], [ -91.1123, 44.0711 ], [ -90.9129, 44.0715 ], [ -90.9101, 43.902 ], [ -90.9382, 43.8926 ], [ -91.0005, 43.8862 ], [ -91.0371, 43.8924 ], [ -91.0366, 43.8974 ], [ -91.0319, 43.9012 ], [ -91.0798, 43.9161 ], [ -91.0907, 43.9127 ], [ -91.0944, 43.9068 ], [ -91.0998, 43.9085 ], [ -91.1014, 43.9065 ], [ -91.1014, 43.9136 ], [ -91.1065, 43.9214 ], [ -91.1069, 43.9269 ], [ -91.1122, 43.928 ], [ -91.1189, 43.9343 ], [ -91.1354, 43.942 ], [ -91.1396, 43.9502 ], [ -91.1464, 43.9554 ], [ -91.1632, 43.9602 ], [ -91.1754, 43.9705 ] ] ] } },
{ "type": "Feature", "properties": { "GEOID": "55121100100", "county": "Census Tract 1001" }, "geometry": { "type": "Polygon", "coordinates": [ [ [ -91.4226, 44.4875 ], [ -91.4177, 44.4978 ], [ -91.4132, 44.4979 ], [ -91.413, 44.5021 ], [ -91.408, 44.5062 ], [ -91.3945, 44.5075 ], [ -91.3848, 44.5112 ], [ -91.3782, 44.5095 ], [ -91.3721, 44.5127 ], [ -91.3657, 44.5125 ], [ -91.3688, 44.5171 ], [ -91.3672, 44.5278 ], [ -91.3473, 44.5168 ], [ -91.3466, 44.5142 ], [ -91.3256, 44.5112 ], [ -91.3192, 44.5077 ], [ -91.3135, 44.4957 ], [ -91.3003, 44.4945 ], [ -91.2969, 44.5048 ], [ -91.2908, 44.5073 ], [ -91.279, 44.5198 ], [ -91.2773, 44.5228 ], [ -91.28, 44.528 ], [ -91.2774, 44.5313 ], [ -91.2678, 44.5358 ], [ -91.2675, 44.5773 ], [ -91.2728, 44.579 ], [ -91.2739, 44.5901 ], [ -91.2923, 44.5967 ], [ -91.1656, 44.597 ], [ -91.1649, 44.4514 ], [ -91.1759, 44.4566 ], [ -91.1752, 44.4667 ], [ -91.1784, 44.4686 ], [ -91.1885, 44.4701 ], [ -91.2148, 44.4693 ], [ -91.2178, 44.4657 ], [ -91.2566, 44.4661 ], [ -91.2559, 44.4425 ], [ -91.258, 44.4408 ], [ -91.2767, 44.448 ], [ -91.2833, 44.4437 ], [ -91.3054, 44.4438 ], [ -91.2908, 44.4141 ], [ -91.296, 44.4116 ], [ -91.2954, 44.4089 ], [ -91.3012, 44.4029 ], [ -91.3067, 44.4005 ], [ -91.3278, 44.4126 ], [ -91.3289, 44.418 ], [ -91.3488, 44.424 ], [ -91.3577, 44.4323 ], [ -91.3692, 44.4289 ], [ -91.3917, 44.4291 ], [ -91.3997, 44.4269 ], [ -91.4078, 44.4509 ], [ -91.4128, 44.4565 ], [ -91.4226, 44.4875 ] ] ] } },
{ "type": "Feature", "properties": { "GEOID": "55063010202", "county": "Census Tract 102.02" }, "geometry": { "type": "Polygon", "coordinates": [ [ [ -91.4252, 43.9843 ], [ -91.3226, 43.9845 ], [ -91.322, 43.9895 ], [ -91.3285, 43.9917 ], [ -91.33, 43.9953 ], [ -91.328, 43.9999 ], [ -91.3381, 44.0074 ], [ -91.3369, 44.0125 ], [ -91.3447, 44.0158 ], [ -91.3401, 44.02 ], [ -91.3396, 44.0351 ], [ -91.3373, 44.0375 ], [ -91.3284, 44.0366 ], [ -91.3321, 44.0435 ], [ -91.3186, 44.0508 ], [ -91.3161, 44.0602 ], [ -91.3075, 44.0649 ], [ -91.2911, 44.062 ], [ -91.2906, 44.0279 ], [ -91.2864, 43.996 ], [ -91.2807, 43.9918 ], [ -91.2751, 43.9814 ], [ -91.2639, 43.9689 ], [ -91.2488, 43.9166 ], [ -91.2573, 43.9161 ], [ -91.2496, 43.9097 ], [ -91.2351, 43.8814 ], [ -91.2384, 43.8795 ], [ -91.2452, 43.8851 ], [ -91.2565, 43.8876 ], [ -91.2567, 43.8913 ], [ -91.2467, 43.8898 ], [ -91.2466, 43.8922 ], [ -91.2671, 43.8978 ], [ -91.2609, 43.8882 ], [ -91.267, 43.8914 ], [ -91.2691, 43.897 ], [ -91.2763, 43.8747 ], [ -91.2726, 43.8602 ], [ -91.2999, 43.8578 ], [ -91.311, 43.8674 ], [ -91.3153, 43.8818 ], [ -91.3206, 43.8885 ], [ -91.3381, 43.8977 ], [ -91.3477, 43.912 ], [ -91.3574, 43.9172 ], [ -91.3666, 43.9375 ], [ -91.3858, 43.9542 ], [ -91.406, 43.9639 ], [ -91.4125, 43.9734 ], [ -91.4252, 43.9843 ] ], [ [ -91.2573, 43.9161 ], [ -91.2942, 43.9423 ], [ -91.3309, 43.958 ], [ -91.338, 43.9598 ], [ -91.3415, 43.9582 ], [ -91.3433, 43.9453 ], [ -91.346, 43.9435 ], [ -91.3493, 43.9443 ], [ -91.3507, 43.9397 ], [ -91.3449, 43.9377 ], [ -91.3454, 43.9399 ], [ -91.3433, 43.9398 ], [ -91.3376, 43.9357 ], [ -91.3379, 43.9388 ], [ -91.3311, 43.9406 ], [ -91.3327, 43.9428 ], [ -91.3274, 43.9379 ], [ -91.3237, 43.9367 ], [ -91.3239, 43.9394 ], [ -91.3113, 43.9328 ], [ -91.3186, 43.9383 ], [ -91.2799, 43.9168 ], [ -91.2669, 43.9143 ], [ -91.2573, 43.9161 ] ] ] } },
{ "type": "Feature", "properties": { "GEOID": "55035001300", "county": "Census Tract 13" }, "geometry": { "type": "Polygon", "coordinates": [ [ [ -91.6038, 44.843 ], [ -91.5602, 44.8437 ], [ -91.5492, 44.8379 ], [ -91.5444, 44.8375 ], [ -91.5439, 44.8217 ], [ -91.5269, 44.7972 ], [ -91.5332, 44.7966 ], [ -91.5377, 44.7914 ], [ -91.5354, 44.7854 ], [ -91.5376, 44.7808 ], [ -91.5437, 44.7849 ], [ -91.5666, 44.8186 ], [ -91.5772, 44.8301 ], [ -91.6038, 44.843 ] ] ] } },
{ "type": "Feature", "properties": { "GEOID": "55035000301", "county": "Census Tract 3.01" }, "geometry": { "type": "Polygon", "coordinates": [ [ [ -91.4582, 44.8263 ], [ -91.4581, 44.8398 ], [ -91.4377, 44.8398 ], [ -91.4377, 44.8434 ], [ -91.4275, 44.8434 ], [ -91.4269, 44.8573 ], [ -91.2265, 44.8569 ], [ -91.2263, 44.8147 ], [ -91.2778, 44.8141 ], [ -91.2819, 44.8101 ], [ -91.2841, 44.8189 ], [ -91.29, 44.8216 ], [ -91.2949, 44.8216 ], [ -91.299, 44.8156 ], [ -91.3072, 44.8202 ], [ -91.31, 44.814 ], [ -91.323, 44.8212 ], [ -91.3365, 44.821 ], [ -91.342, 44.8134 ], [ -91.3547, 44.8146 ], [ -91.3623, 44.8198 ], [ -91.3672, 44.8176 ], [ -91.3713, 44.8107 ], [ -91.3911, 44.8126 ], [ -91.4072, 44.8102 ], [ -91.4072, 44.8145 ], [ -91.4452, 44.8144 ], [ -91.4417, 44.8187 ], [ -91.4502, 44.8211 ], [ -91.4487, 44.8247 ], [ -91.4582, 44.8263 ] ] ] } },
{ "type": "Feature", "properties": { "GEOID": "55035000700", "county": "Census Tract 7" }, "geometry": { "type": "Polygon", "coordinates": [ [ [ -91.4987, 44.8138 ], [ -91.4735, 44.8149 ], [ -91.4721, 44.81 ], [ -91.4684, 44.8092 ], [ -91.4682, 44.8001 ], [ -91.4614, 44.7949 ], [ -91.4957, 44.7931 ], [ -91.4825, 44.797 ], [ -91.4817, 44.8005 ], [ -91.4866, 44.8029 ], [ -91.4893, 44.8017 ], [ -91.4864, 44.8046 ], [ -91.4987, 44.8138 ] ] ] } },
{ "type": "Feature", "properties": { "GEOID": "55011960300", "county": "Census Tract 9603" }, "geometry": { "type": "Polygon", "coordinates": [ [ [ -92.0838, 44.412 ], [ -92.0799, 44.4172 ], [ -92.0813, 44.4298 ], [ -92.0593, 44.4663 ], [ -92.0602, 44.474 ], [ -92.0561, 44.4889 ], [ -92.0439, 44.5124 ], [ -92.0437, 44.5205 ], [ -92.0479, 44.5304 ], [ -92.0388, 44.547 ], [ -92.0396, 44.5642 ], [ -92.0292, 44.5863 ], [ -92.0228, 44.5905 ], [ -92.0123, 44.5918 ], [ -92.0031, 44.5968 ], [ -91.8732, 44.5966 ], [ -91.873, 44.5852 ], [ -91.8671, 44.5851 ], [ -91.8771, 44.568 ], [ -91.8774, 44.5619 ], [ -91.8818, 44.5601 ], [ -91.9008, 44.56 ], [ -91.8862, 44.5422 ], [ -91.8843, 44.5316 ], [ -91.8846, 44.5242 ], [ -91.8926, 44.5239 ], [ -91.8929, 44.4817 ], [ -91.8838, 44.4789 ], [ -91.8778, 44.4711 ], [ -91.8895, 44.442 ], [ -91.8943, 44.4372 ], [ -91.9033, 44.436 ], [ -91.9031, 44.4301 ], [ -91.9076, 44.4268 ], [ -91.905, 44.4215 ], [ -91.9084, 44.4133 ], [ -91.8997, 44.4057 ], [ -91.8931, 44.4051 ], [ -91.885, 44.3966 ], [ -91.8779, 44.396 ], [ -91.8769, 44.3892 ], [ -91.8662, 44.3799 ], [ -91.87, 44.3736 ], [ -91.8892, 44.3653 ], [ -91.9015, 44.3565 ], [ -91.8954, 44.3553 ], [ -91.8902, 44.347 ], [ -91.8847, 44.3446 ], [ -91.8821, 44.3326 ], [ -91.8828, 44.3206 ], [ -91.8868, 44.3165 ], [ -91.8963, 44.3143 ], [ -91.8992, 44.3111 ], [ -91.8979, 44.3078 ], [ -91.8862, 44.3008 ], [ -91.8726, 44.3027 ], [ -91.8575, 44.3019 ], [ -91.8525, 44.3046 ], [ -91.8518, 44.2769 ], [ -91.8471, 44.2768 ], [ -91.8458, 44.2744 ], [ -91.846, 44.2667 ], [ -91.852, 44.2614 ], [ -91.8533, 44.2568 ], [ -91.8709, 44.2676 ], [ -91.8778, 44.2652 ], [ -91.8783, 44.2596 ], [ -91.8729, 44.2478 ], [ -91.8876, 44.248 ], [ -91.8878, 44.2542 ], [ -91.896, 44.2629 ], [ -91.8964, 44.2747 ], [ -91.9058, 44.2816 ], [ -91.9203, 44.2865 ], [ -91.9246, 44.2918 ], [ -91.9241, 44.2971 ], [ -91.9135, 44.3114 ], [ -91.9256, 44.3335 ], [ -91.9413, 44.341 ], [ -91.9595, 44.3594 ], [ -91.9703, 44.3658 ], [ -91.9873, 44.3691 ], [ -92.0062, 44.3788 ], [ -92.0193, 44.3812 ], [ -92.0382, 44.3887 ], [ -92.0565, 44.4027 ], [ -92.0786, 44.4049 ], [ -92.0836, 44.4072 ], [ -92.0838, 44.412 ] ] ] } },
{ "type": "Feature", "properties": { "GEOID": "55123960100", "county": "Census Tract 9601" }, "geometry": { "type": "Polygon", "coordinates": [ [ [ -90.5659, 43.6882 ], [ -90.5571, 43.6918 ], [ -90.5452, 43.7069 ], [ -90.536, 43.704 ], [ -90.5288, 43.7044 ], [ -90.5324, 43.7086 ], [ -90.533, 43.7158 ], [ -90.508, 43.7258 ], [ -90.4329, 43.7259 ], [ -90.3122, 43.7315 ], [ -90.3111, 43.554 ], [ -90.527, 43.5528 ], [ -90.5156, 43.5673 ], [ -90.5291, 43.5673 ], [ -90.5341, 43.5695 ], [ -90.5351, 43.5733 ], [ -90.5493, 43.5743 ], [ -90.5595, 43.5851 ], [ -90.539, 43.5867 ], [ -90.5398, 43.5973 ], [ -90.533, 43.6032 ], [ -90.5352, 43.6103 ], [ -90.5461, 43.6212 ], [ -90.5421, 43.631 ], [ -90.5418, 43.6418 ], [ -90.5582, 43.6457 ], [ -90.5635, 43.6451 ], [ -90.5643, 43.6503 ], [ -90.5585, 43.6561 ], [ -90.5459, 43.6594 ], [ -90.5356, 43.6693 ], [ -90.5488, 43.6789 ], [ -90.5506, 43.6844 ], [ -90.5596, 43.6837 ], [ -90.5659, 43.6882 ] ] ] } },
{ "type": "Feature", "properties": { "GEOID": "55123960700", "county": "Census Tract 9607" }, "geometry": { "type": "Polygon", "coordinates": [ [ [ -91.2727, 43.6766 ], [ -91.2678, 43.6956 ], [ -91.2685, 43.7098 ], [ -91.2578, 43.7257 ], [ -91.1713, 43.7253 ], [ -91.1733, 43.7235 ], [ -91.171, 43.7188 ], [ -91.1554, 43.7062 ], [ -91.1502, 43.7045 ], [ -91.1334, 43.7056 ], [ -91.1272, 43.6973 ], [ -91.1209, 43.6934 ], [ -91.1205, 43.6891 ], [ -91.1054, 43.6804 ], [ -91.1004, 43.6685 ], [ -91.1109, 43.6684 ], [ -91.1242, 43.665 ], [ -91.1273, 43.6612 ], [ -91.1397, 43.661 ], [ -91.148, 43.6582 ], [ -91.144, 43.6548 ], [ -91.1431, 43.6482 ], [ -91.1455, 43.6495 ], [ -91.1482, 43.6474 ], [ -91.1491, 43.64 ], [ -91.1542, 43.6349 ], [ -91.1485, 43.6218 ], [ -91.1484, 43.6144 ], [ -91.1541, 43.6121 ], [ -91.1463, 43.5998 ], [ -91.1407, 43.5979 ], [ -91.1384, 43.5923 ], [ -91.1341, 43.5902 ], [ -91.1435, 43.5835 ], [ -91.1466, 43.5704 ], [ -91.145, 43.5651 ], [ -91.1521, 43.5529 ], [ -91.143, 43.5522 ], [ -91.1317, 43.5559 ], [ -91.111, 43.5575 ], [ -91.1043, 43.5486 ], [ -91.0949, 43.5455 ], [ -91.092, 43.5418 ], [ -91.0927, 43.5267 ], [ -91.0971, 43.5215 ], [ -91.1048, 43.524 ], [ -91.1073, 43.5189 ], [ -91.1011, 43.5143 ], [ -91.0988, 43.5064 ], [ -91.1135, 43.4914 ], [ -91.1134, 43.4791 ], [ -91.1126, 43.4662 ], [ -91.0954, 43.4657 ], [ -91.0879, 43.4606 ], [ -91.0882, 43.452 ], [ -91.0856, 43.4473 ], [ -91.0803, 43.4451 ], [ -91.084, 43.4379 ], [ -91.0876, 43.4363 ], [ -91.0884, 43.4241 ], [ -91.2056, 43.4229 ], [ -91.2287, 43.4455 ], [ -91.2332, 43.4578 ], [ -91.2204, 43.4713 ], [ -91.2153, 43.4848 ], [ -91.2183, 43.4972 ], [ -91.2173, 43.5125 ], [ -91.2329, 43.524 ], [ -91.2432, 43.5403 ], [ -91.2432, 43.5507 ], [ -91.2328, 43.5648 ], [ -91.2327, 43.5835 ], [ -91.2616, 43.6062 ], [ -91.2687, 43.6153 ], [ -91.2685, 43.6273 ], [ -91.2624, 43.6418 ], [ -91.2639, 43.6477 ], [ -91.2717, 43.6549 ], [ -91.2727, 43.6766 ] ] ] } },
{ "type": "Feature", "properties": { "GEOID": "55123960300", "county": "Census Tract 9603" }, "geometry": { "type": "Polygon", "coordinates": [ [ [ -90.936, 43.6911 ], [ -90.9321, 43.6931 ], [ -90.9212, 43.6932 ], [ -90.9153, 43.6967 ], [ -90.8863, 43.6974 ], [ -90.8912, 43.7137 ], [ -90.9063, 43.7248 ], [ -90.9106, 43.7253 ], [ -90.7705, 43.7256 ], [ -90.7703, 43.7041 ], [ -90.7798, 43.7001 ], [ -90.7803, 43.6921 ], [ -90.7851, 43.6904 ], [ -90.7848, 43.6846 ], [ -90.7763, 43.6832 ], [ -90.776, 43.6787 ], [ -90.7804, 43.6733 ], [ -90.7804, 43.6684 ], [ -90.79, 43.6653 ], [ -90.7853, 43.6585 ], [ -90.7764, 43.6564 ], [ -90.7779, 43.643 ], [ -90.7728, 43.6389 ], [ -90.7722, 43.6339 ], [ -90.7778, 43.6265 ], [ -90.7755, 43.6226 ], [ -90.7823, 43.6194 ], [ -90.7833, 43.6152 ], [ -90.7798, 43.6094 ], [ -90.7813, 43.6022 ], [ -90.7781, 43.6022 ], [ -90.7788, 43.597 ], [ -90.7705, 43.5912 ], [ -90.7734, 43.5813 ], [ -90.7661, 43.5744 ], [ -90.7633, 43.5623 ], [ -90.7746, 43.5622 ], [ -90.7813, 43.5593 ], [ -90.8045, 43.5593 ], [ -90.8139, 43.5531 ], [ -90.8152, 43.5483 ], [ -90.8196, 43.5486 ], [ -90.8264, 43.558 ], [ -90.8147, 43.5628 ], [ -90.8147, 43.5815 ], [ -90.8288, 43.5814 ], [ -90.8331, 43.5785 ], [ -90.8455, 43.5815 ], [ -90.8693, 43.5819 ], [ -90.869, 43.5927 ], [ -90.8744, 43.5964 ], [ -90.8891, 43.5965 ], [ -90.889, 43.5846 ], [ -90.8986, 43.587 ], [ -90.9275, 43.588 ], [ -90.9247, 43.6034 ], [ -90.9123, 43.6035 ], [ -90.9098, 43.6073 ], [ -90.9106, 43.6536 ], [ -90.9138, 43.6535 ], [ -90.9155, 43.6575 ], [ -90.9056, 43.6585 ], [ -90.8901, 43.665 ], [ -90.8901, 43.6682 ], [ -90.9046, 43.6688 ], [ -90.9127, 43.675 ], [ -90.9182, 43.6764 ], [ -90.9205, 43.6815 ], [ -90.9318, 43.6839 ], [ -90.936, 43.6911 ] ] ] } },
{ "type": "Feature", "properties": { "GEOID": "55003940000", "county": "Census Tract 9400" }, "geometry": { "type": "Polygon", "coordinates": [ [ [ -90.8541, 46.5287 ], [ -90.8505, 46.5286 ], [ -90.8427, 46.5356 ], [ -90.8292, 46.5372 ], [ -90.8267, 46.5406 ], [ -90.8228, 46.5408 ], [ -90.8229, 46.6192 ], [ -90.7948, 46.6249 ], [ -90.7702, 46.6361 ], [ -90.7479, 46.6516 ], [ -90.7376, 46.6553 ], [ -90.7395, 46.6597 ], [ -90.7462, 46.664 ], [ -90.7609, 46.6604 ], [ -90.7617, 46.6617 ], [ -90.7481, 46.6698 ], [ -90.7122, 46.6659 ], [ -90.6932, 46.66 ], [ -90.7588, 46.7043 ], [ -90.7534, 46.7038 ], [ -90.6279, 46.6238 ], [ -90.5863, 46.5999 ], [ -90.5497, 46.5839 ], [ -90.5488, 46.414 ], [ -90.558, 46.414 ], [ -90.5578, 46.4102 ], [ -90.59, 46.3947 ], [ -90.5908, 46.3848 ], [ -90.6017, 46.3843 ], [ -90.61, 46.3745 ], [ -90.6308, 46.3713 ], [ -90.6365, 46.3752 ], [ -90.6407, 46.3723 ], [ -90.6447, 46.3725 ], [ -90.6501, 46.3662 ], [ -90.6596, 46.3713 ], [ -90.6742, 46.3673 ], [ -90.6747, 46.3856 ], [ -90.685, 46.3855 ], [ -90.6849, 46.3998 ], [ -90.7159, 46.4001 ], [ -90.7161, 46.407 ], [ -90.8008, 46.407 ], [ -90.8175, 46.4212 ], [ -90.8217, 46.4376 ], [ -90.8403, 46.445 ], [ -90.8411, 46.5096 ], [ -90.8442, 46.52 ], [ -90.8541, 46.5287 ] ] ] } },
{ "type": "Feature", "properties": { "GEOID": "55133200201", "county": "Census Tract 2002.01" }, "geometry": { "type": "Polygon", "coordinates": [ [ [ -88.1343, 43.1484 ], [ -88.1336, 43.1702 ], [ -88.1037, 43.1702 ], [ -88.1044, 43.1483 ], [ -88.1343, 43.1484 ] ] ] } },
{ "type": "Feature", "properties": { "GEOID": "55133201704", "county": "Census Tract 2017.04" }, "geometry": { "type": "Polygon", "coordinates": [ [ [ -88.1889, 42.9229 ], [ -88.1708, 42.9247 ], [ -88.1591, 42.9233 ], [ -88.1596, 42.9129 ], [ -88.1429, 42.8949 ], [ -88.1448, 42.8814 ], [ -88.1589, 42.8671 ], [ -88.161, 42.8429 ], [ -88.1836, 42.8428 ], [ -88.1889, 42.9229 ] ] ] } },
{ "type": "Feature", "properties": { "GEOID": "55055101201", "county": "Census Tract 1012.01" }, "geometry": { "type": "Polygon", "coordinates": [ [ [ -89.0136, 42.8476 ], [ -89.013, 42.9499 ], [ -88.9832, 42.9499 ], [ -88.974, 42.9523 ], [ -88.9558, 42.9496 ], [ -88.9391, 42.9523 ], [ -88.9272, 42.9495 ], [ -88.8946, 42.9479 ], [ -88.8954, 42.9239 ], [ -88.8808, 42.9187 ], [ -88.8678, 42.919 ], [ -88.8688, 42.9149 ], [ -88.8648, 42.9101 ], [ -88.8674, 42.9024 ], [ -88.8644, 42.8984 ], [ -88.8518, 42.8945 ], [ -88.8515, 42.8735 ], [ -88.8467, 42.873 ], [ -88.8366, 42.8622 ], [ -88.8365, 42.844 ], [ -89.0136, 42.8476 ] ] ] } },
{ "type": "Feature", "properties": { "GEOID": "55055100800", "county": "Census Tract 1008" }, "geometry": { "type": "Polygon", "coordinates": [ [ [ -88.6652, 42.9692 ], [ -88.6565, 42.9963 ], [ -88.6573, 43.0017 ], [ -88.6449, 43.0024 ], [ -88.6469, 43.0173 ], [ -88.6633, 43.0485 ], [ -88.6645, 43.0756 ], [ -88.6573, 43.0883 ], [ -88.6569, 43.1079 ], [ -88.5863, 43.108 ], [ -88.593, 43.1172 ], [ -88.5931, 43.1228 ], [ -88.5393, 43.1221 ], [ -88.5416, 42.9748 ], [ -88.5486, 42.9691 ], [ -88.5689, 42.9775 ], [ -88.5739, 42.9836 ], [ -88.5752, 42.984 ], [ -88.5751, 42.9816 ], [ -88.5785, 42.9806 ], [ -88.5871, 42.9838 ], [ -88.5928, 42.9828 ], [ -88.5934, 42.9799 ], [ -88.5976, 42.9805 ], [ -88.6009, 42.9774 ], [ -88.6159, 42.9862 ], [ -88.6261, 42.9797 ], [ -88.6168, 42.9672 ], [ -88.6652, 42.9692 ] ] ] } },
{ "type": "Feature", "properties": { "GEOID": "55055100602", "county": "Census Tract 1006.02" }, "geometry": { "type": "Polygon", "coordinates": [ [ [ -89.013, 42.9499 ], [ -89.0121, 43.0308 ], [ -88.9872, 43.0196 ], [ -88.9827, 43.0229 ], [ -88.9037, 43.0221 ], [ -88.8989, 43.0275 ], [ -88.8826, 43.0272 ], [ -88.8707, 43.0219 ], [ -88.8581, 43.0126 ], [ -88.855, 43.007 ], [ -88.847, 43.0068 ], [ -88.8466, 42.9974 ], [ -88.8361, 42.981 ], [ -88.8382, 42.9485 ], [ -88.8681, 42.9503 ], [ -88.8885, 42.9476 ], [ -88.91, 42.9483 ], [ -88.9391, 42.9523 ], [ -88.9558, 42.9496 ], [ -88.974, 42.9523 ], [ -88.9832, 42.9499 ], [ -89.013, 42.9499 ] ] ] } },
{ "type": "Feature", "properties": { "GEOID": "55133203703", "county": "Census Tract 2037.03" }, "geometry": { "type": "Polygon", "coordinates": [ [ [ -88.4317, 43.092 ], [ -88.4317, 43.1075 ], [ -88.4129, 43.1016 ], [ -88.403, 43.1016 ], [ -88.4029, 43.106 ], [ -88.3928, 43.1059 ], [ -88.3929, 43.1016 ], [ -88.3831, 43.1021 ], [ -88.3864, 43.1014 ], [ -88.3903, 43.0945 ], [ -88.3853, 43.0778 ], [ -88.3865, 43.0647 ], [ -88.3968, 43.0665 ], [ -88.4058, 43.0619 ], [ -88.4227, 43.0593 ], [ -88.4221, 43.0925 ], [ -88.4317, 43.092 ] ] ] } },
{ "type": "Feature", "properties": { "GEOID": "55027960600", "county": "Census Tract 9606" }, "geometry": { "type": "Polygon", "coordinates": [ [ [ -89.0071, 43.5457 ], [ -88.9773, 43.5472 ], [ -88.9239, 43.558 ], [ -88.9425, 43.5459 ], [ -88.9276, 43.5459 ], [ -88.9257, 43.5271 ], [ -88.8799, 43.5058 ], [ -88.8707, 43.4939 ], [ -88.8558, 43.4811 ], [ -88.8598, 43.4807 ], [ -88.8581, 43.459 ], [ -88.8609, 43.444 ], [ -88.8569, 43.4411 ], [ -88.8654, 43.435 ], [ -88.8914, 43.427 ], [ -88.8948, 43.4236 ], [ -88.8843, 43.4192 ], [ -88.8633, 43.4183 ], [ -88.8715, 43.4085 ], [ -88.874, 43.3999 ], [ -88.8881, 43.3875 ], [ -88.894, 43.3791 ], [ -88.9608, 43.3797 ], [ -88.9715, 43.3713 ], [ -88.9741, 43.3858 ], [ -89.0048, 43.3864 ], [ -89.0071, 43.5457 ] ] ] } },
{ "type": "Feature", "properties": { "GEOID": "55027960200", "county": "Census Tract 9602" }, "geometry": { "type": "Polygon", "coordinates": [ [ [ -88.7808, 43.588 ], [ -88.7756, 43.5906 ], [ -88.7756, 43.5965 ], [ -88.7655, 43.5968 ], [ -88.7654, 43.6051 ], [ -88.7451, 43.6084 ], [ -88.7451, 43.6128 ], [ -88.7348, 43.6187 ], [ -88.7348, 43.605 ], [ -88.725, 43.6052 ], [ -88.725, 43.6036 ], [ -88.7218, 43.6058 ], [ -88.7162, 43.6332 ], [ -88.5218, 43.6319 ], [ -88.5216, 43.5874 ], [ -88.5313, 43.5784 ], [ -88.5312, 43.5586 ], [ -88.5212, 43.5585 ], [ -88.5212, 43.5152 ], [ -88.5607, 43.5157 ], [ -88.5572, 43.5099 ], [ -88.5712, 43.5104 ], [ -88.5709, 43.4921 ], [ -88.5627, 43.4941 ], [ -88.5729, 43.4795 ], [ -88.5712, 43.4782 ], [ -88.5543, 43.4796 ], [ -88.5611, 43.4654 ], [ -88.5615, 43.4578 ], [ -88.6137, 43.4584 ], [ -88.6222, 43.4561 ], [ -88.6183, 43.461 ], [ -88.5808, 43.4866 ], [ -88.581, 43.5028 ], [ -88.5881, 43.5028 ], [ -88.5923, 43.5056 ], [ -88.5991, 43.5035 ], [ -88.6092, 43.5073 ], [ -88.6114, 43.502 ], [ -88.621, 43.5017 ], [ -88.625, 43.4943 ], [ -88.6307, 43.4902 ], [ -88.6379, 43.4929 ], [ -88.6441, 43.4895 ], [ -88.6441, 43.471 ], [ -88.6351, 43.4585 ], [ -88.6349, 43.4515 ], [ -88.6563, 43.4543 ], [ -88.6613, 43.4588 ], [ -88.761, 43.4588 ], [ -88.7683, 43.4661 ], [ -88.7627, 43.4669 ], [ -88.7583, 43.4706 ], [ -88.7597, 43.5458 ], [ -88.7658, 43.5457 ], [ -88.7657, 43.5603 ], [ -88.7759, 43.5602 ], [ -88.775, 43.5654 ], [ -88.7657, 43.5755 ], [ -88.781, 43.5747 ], [ -88.7808, 43.588 ] ] ] } },
{ "type": "Feature", "properties": { "GEOID": "55027961700", "county": "Census Tract 9617" }, "geometry": { "type": "Polygon", "coordinates": [ [ [ -88.8783, 43.2103 ], [ -88.8792, 43.2173 ], [ -88.8727, 43.2205 ], [ -88.8756, 43.2345 ], [ -88.8503, 43.2436 ], [ -88.8418, 43.2549 ], [ -88.8382, 43.256 ], [ -88.8312, 43.2802 ], [ -88.8215, 43.2873 ], [ -88.8107, 43.2856 ], [ -88.8083, 43.2885 ], [ -88.8124, 43.2896 ], [ -88.8074, 43.2961 ], [ -88.7958, 43.2996 ], [ -88.7911, 43.3084 ], [ -88.7837, 43.3116 ], [ -88.7837, 43.3141 ], [ -88.7738, 43.3141 ], [ -88.7736, 43.3286 ], [ -88.7355, 43.3288 ], [ -88.7387, 43.3431 ], [ -88.6512, 43.3428 ], [ -88.6517, 43.3233 ], [ -88.6573, 43.3144 ], [ -88.6602, 43.3136 ], [ -88.661, 43.2993 ], [ -88.6471, 43.2989 ], [ -88.6472, 43.2844 ], [ -88.6394, 43.2833 ], [ -88.6484, 43.2618 ], [ -88.649, 43.248 ], [ -88.6565, 43.2478 ], [ -88.6585, 43.2441 ], [ -88.6658, 43.2227 ], [ -88.666, 43.2116 ], [ -88.6693, 43.2116 ], [ -88.6709, 43.1978 ], [ -88.6914, 43.1972 ], [ -88.6941, 43.2117 ], [ -88.703, 43.2099 ], [ -88.7048, 43.22 ], [ -88.7143, 43.2129 ], [ -88.7286, 43.2164 ], [ -88.759, 43.2195 ], [ -88.7588, 43.1977 ], [ -88.8738, 43.198 ], [ -88.8699, 43.2062 ], [ -88.8711, 43.2084 ], [ -88.8783, 43.2103 ] ] ] } },
{ "type": "Feature", "properties": { "GEOID": "55091950200", "county": "Census Tract 9502" }, "geometry": { "type": "Polygon", "coordinates": [ [ [ -92.3162, 44.541 ], [ -92.1354, 44.5396 ], [ -92.1352, 44.6844 ], [ -91.8984, 44.6827 ], [ -91.8995, 44.6804 ], [ -91.916, 44.6748 ], [ -91.9198, 44.6707 ], [ -91.9322, 44.6708 ], [ -91.9444, 44.6682 ], [ -91.9558, 44.669 ], [ -91.9609, 44.6668 ], [ -91.9649, 44.6599 ], [ -91.9583, 44.6495 ], [ -91.9655, 44.641 ], [ -91.9697, 44.6289 ], [ -91.9979, 44.6107 ], [ -91.999, 44.5998 ], [ -92.0102, 44.5925 ], [ -92.02, 44.5915 ], [ -92.0292, 44.5863 ], [ -92.0396, 44.5642 ], [ -92.0388, 44.547 ], [ -92.0479, 44.5304 ], [ -92.0437, 44.5205 ], [ -92.0439, 44.5124 ], [ -92.0561, 44.4889 ], [ -92.0602, 44.474 ], [ -92.0593, 44.4663 ], [ -92.0813, 44.4298 ], [ -92.0799, 44.4172 ], [ -92.0831, 44.4142 ], [ -92.0836, 44.4072 ], [ -92.1111, 44.4139 ], [ -92.1245, 44.4221 ], [ -92.1954, 44.4338 ], [ -92.2152, 44.4385 ], [ -92.2325, 44.4454 ], [ -92.2449, 44.4568 ], [ -92.2768, 44.4736 ], [ -92.291, 44.4855 ], [ -92.3022, 44.5003 ], [ -92.303, 44.5187 ], [ -92.3162, 44.541 ] ] ] } },
{ "type": "Feature", "properties": { "GEOID": "55131400104", "county": "Census Tract 4001.04" }, "geometry": { "type": "Polygon", "coordinates": [ [ [ -88.1614, 43.4268 ], [ -88.1163, 43.4263 ], [ -88.1161, 43.4445 ], [ -88.1307, 43.4447 ], [ -88.1409, 43.4486 ], [ -88.1408, 43.4545 ], [ -88.0407, 43.4545 ], [ -88.0401, 43.3673 ], [ -88.1612, 43.3686 ], [ -88.1614, 43.4268 ] ] ] } },
{ "type": "Feature", "properties": { "GEOID": "55079186800", "county": "Census Tract 1868" }, "geometry": { "type": "Polygon", "coordinates": [ [ [ -87.9826, 43.0304 ], [ -87.9672, 43.0331 ], [ -87.9652, 43.0315 ], [ -87.9523, 43.0312 ], [ -87.9477, 43.0327 ], [ -87.9477, 43.0348 ], [ -87.9188, 43.0356 ], [ -87.9174, 43.0267 ], [ -87.9225, 43.0242 ], [ -87.9694, 43.0242 ], [ -87.9695, 43.0207 ], [ -87.9824, 43.0184 ], [ -87.9826, 43.0304 ] ] ] } },
{ "type": "Feature", "properties": { "GEOID": "55078940101", "county": "Census Tract 9401.01" }, "geometry": { "type": "Polygon", "coordinates": [ [ [ -88.7362, 44.8564 ], [ -88.7354, 44.9241 ], [ -88.7268, 44.9201 ], [ -88.7208, 44.9141 ], [ -88.6805, 44.9014 ], [ -88.6538, 44.8874 ], [ -88.6119, 44.8997 ], [ -88.6166, 44.8957 ], [ -88.6264, 44.893 ], [ -88.6291, 44.89 ], [ -88.6283, 44.8849 ], [ -88.6211, 44.8849 ], [ -88.615, 44.8814 ], [ -88.5805, 44.8749 ], [ -88.5638, 44.8773 ], [ -88.5507, 44.8765 ], [ -88.5475, 44.8745 ], [ -88.5401, 44.8557 ], [ -88.7362, 44.8564 ] ] ] } },
{ "type": "Feature", "properties": { "GEOID": "55015020700", "county": "Census Tract 207" }, "geometry": { "type": "Polygon", "coordinates": [ [ [ -88.3432, 44.2216 ], [ -88.3429, 44.2437 ], [ -88.3232, 44.2435 ], [ -88.3231, 44.2214 ], [ -88.3432, 44.2216 ] ] ] } },
{ "type": "Feature", "properties": { "GEOID": "55079980000", "county": "Census Tract 9800" }, "geometry": { "type": "Polygon", "coordinates": [ [ [ -87.8985, 43.0251 ], [ -87.8994, 43.0431 ], [ -87.8873, 43.0531 ], [ -87.8774, 43.0576 ], [ -87.8794, 43.0594 ], [ -87.8728, 43.0651 ], [ -87.872, 43.0746 ], [ -87.8641, 43.0743 ], [ -87.8638, 43.0706 ], [ -87.8755, 43.0585 ], [ -87.8864, 43.0521 ], [ -87.895, 43.0425 ], [ -87.8985, 43.0251 ] ] ] } },
{ "type": "Feature", "properties": { "GEOID": "55079150303", "county": "Census Tract 1503.03" }, "geometry": { "type": "Polygon", "coordinates": [ [ [ -88.0392, 42.9057 ], [ -88.0263, 42.9016 ], [ -88.0096, 42.9016 ], [ -88.0102, 42.8726 ], [ -88.0235, 42.8736 ], [ -88.0391, 42.8902 ], [ -88.0392, 42.9057 ] ] ] } },
{ "type": "Feature", "properties": { "GEOID": "55079186000", "county": "Census Tract 1860" }, "geometry": { "type": "Polygon", "coordinates": [ [ [ -87.927, 43.0565 ], [ -87.9142, 43.0565 ], [ -87.9143, 43.0512 ], [ -87.9271, 43.0526 ], [ -87.927, 43.0565 ] ] ] } },
{ "type": "Feature", "properties": { "GEOID": "55063000500", "county": "Census Tract 5" }, "geometry": { "type": "Polygon", "coordinates": [ [ [ -91.2398, 43.8284 ], [ -91.2308, 43.831 ], [ -91.2266, 43.8301 ], [ -91.2234, 43.8358 ], [ -91.2163, 43.8237 ], [ -91.2194, 43.8188 ], [ -91.2289, 43.8128 ], [ -91.2389, 43.8128 ], [ -91.2398, 43.8284 ] ] ] } },
{ "type": "Feature", "properties": { "GEOID": "55035001700", "county": "Census Tract 17" }, "geometry": { "type": "Polygon", "coordinates": [ [ [ -91.5269, 44.7972 ], [ -91.5099, 44.8008 ], [ -91.4948, 44.8009 ], [ -91.4947, 44.8032 ], [ -91.4896, 44.8055 ], [ -91.4864, 44.8046 ], [ -91.4893, 44.8017 ], [ -91.4866, 44.8029 ], [ -91.4817, 44.8005 ], [ -91.4825, 44.797 ], [ -91.4957, 44.7931 ], [ -91.5193, 44.7931 ], [ -91.5269, 44.7972 ] ] ] } },
{ "type": "Feature", "properties": { "GEOID": "55025001101", "county": "Census Tract 11.01" }, "geometry": { "type": "Polygon", "coordinates": [ [ [ -89.4139, 43.0678 ], [ -89.4139, 43.0734 ], [ -89.4006, 43.0733 ], [ -89.4009, 43.0677 ], [ -89.4139, 43.0678 ] ] ] } },
{ "type": "Feature", "properties": { "GEOID": "55025001704", "county": "Census Tract 17.04" }, "geometry": { "type": "Polygon", "coordinates": [ [ [ -89.3917, 43.0735 ], [ -89.387, 43.0769 ], [ -89.3813, 43.0725 ], [ -89.3852, 43.0686 ], [ -89.3917, 43.0735 ] ] ] } },
{ "type": "Feature", "properties": { "GEOID": "55025002603", "county": "Census Tract 26.03" }, "geometry": { "type": "Polygon", "coordinates": [ [ [ -89.3215, 43.1189 ], [ -89.2961, 43.137 ], [ -89.2862, 43.1121 ], [ -89.2856, 43.1042 ], [ -89.3167, 43.1065 ], [ -89.3177, 43.1101 ], [ -89.3109, 43.1138 ], [ -89.3151, 43.114 ], [ -89.3215, 43.1189 ] ] ] } },
{ "type": "Feature", "properties": { "GEOID": "55025011504", "county": "Census Tract 115.04" }, "geometry": { "type": "Polygon", "coordinates": [ [ [ -89.2652, 43.165 ], [ -89.264, 43.1957 ], [ -89.2541, 43.1959 ], [ -89.2543, 43.1904 ], [ -89.2258, 43.1934 ], [ -89.2652, 43.165 ] ] ] } },
{ "type": "Feature", "properties": { "GEOID": "55025001804", "county": "Census Tract 18.04" }, "geometry": { "type": "Polygon", "coordinates": [ [ [ -89.378, 43.0832 ], [ -89.3653, 43.0922 ], [ -89.3703, 43.095 ], [ -89.364, 43.1029 ], [ -89.3619, 43.0903 ], [ -89.3751, 43.081 ], [ -89.378, 43.0832 ] ] ] } },
{ "type": "Feature", "properties": { "GEOID": "55109120202", "county": "Census Tract 1202.02" }, "geometry": { "type": "Polygon", "coordinates": [ [ [ -92.7212, 44.9846 ], [ -92.7188, 44.9867 ], [ -92.7074, 44.9875 ], [ -92.7034, 44.9925 ], [ -92.6802, 44.9923 ], [ -92.6754, 44.9977 ], [ -92.6755, 45.0139 ], [ -92.6725, 45.0177 ], [ -92.6192, 45.0179 ], [ -92.6194, 44.963 ], [ -92.6604, 44.9652 ], [ -92.7211, 44.9636 ], [ -92.7212, 44.9846 ] ] ] } },
{ "type": "Feature", "properties": { "GEOID": "55117010100", "county": "Census Tract 101" }, "geometry": { "type": "Polygon", "coordinates": [ [ [ -87.9223, 43.892 ], [ -87.7313, 43.8922 ], [ -87.7362, 43.8804 ], [ -87.736, 43.8737 ], [ -87.7287, 43.8525 ], [ -87.7288, 43.8219 ], [ -87.7238, 43.8057 ], [ -87.8008, 43.8048 ], [ -87.801, 43.8483 ], [ -87.9222, 43.8484 ], [ -87.9223, 43.892 ] ] ] } },
{ "type": "Feature", "properties": { "GEOID": "55139002002", "county": "Census Tract 20.02" }, "geometry": { "type": "Polygon", "coordinates": [ [ [ -88.7726, 44.0333 ], [ -88.7643, 44.0396 ], [ -88.7122, 44.0405 ], [ -88.6854, 44.0334 ], [ -88.6431, 44.0331 ], [ -88.6444, 43.8946 ], [ -88.7648, 43.8949 ], [ -88.7649, 43.9749 ], [ -88.7449, 43.9747 ], [ -88.745, 43.9968 ], [ -88.7646, 43.9969 ], [ -88.7646, 44.0333 ], [ -88.7726, 44.0333 ] ] ] } },
{ "type": "Feature", "properties": { "GEOID": "55139003703", "county": "Census Tract 37.03" }, "geometry": { "type": "Polygon", "coordinates": [ [ [ -88.5243, 44.1124 ], [ -88.5238, 44.1998 ], [ -88.4859, 44.2003 ], [ -88.4884, 44.1761 ], [ -88.505, 44.171 ], [ -88.5051, 44.1672 ], [ -88.4951, 44.1671 ], [ -88.495, 44.1564 ], [ -88.486, 44.1561 ], [ -88.4879, 44.1474 ], [ -88.5022, 44.1234 ], [ -88.5209, 44.1124 ], [ -88.5243, 44.1124 ] ] ] } },
{ "type": "Feature", "properties": { "GEOID": "55139002401", "county": "Census Tract 24.01" }, "geometry": { "type": "Polygon", "coordinates": [ [ [ -88.5239, 44.207 ], [ -88.4993, 44.2071 ], [ -88.4953, 44.2129 ], [ -88.496, 44.2288 ], [ -88.4667, 44.2291 ], [ -88.466, 44.2441 ], [ -88.4405, 44.2443 ], [ -88.453, 44.2408 ], [ -88.4532, 44.2389 ], [ -88.4576, 44.2401 ], [ -88.4549, 44.2384 ], [ -88.4491, 44.2396 ], [ -88.4536, 44.2327 ], [ -88.4633, 44.2303 ], [ -88.4676, 44.2193 ], [ -88.4653, 44.2157 ], [ -88.4742, 44.2003 ], [ -88.5238, 44.1998 ], [ -88.5239, 44.207 ] ] ] } },
{ "type": "Feature", "properties": { "GEOID": "55087011902", "county": "Census Tract 119.02" }, "geometry": { "type": "Polygon", "coordinates": [ [ [ -88.314, 44.2802 ], [ -88.3129, 44.2979 ], [ -88.2879, 44.2978 ], [ -88.2879, 44.2885 ], [ -88.2828, 44.2879 ], [ -88.2825, 44.2801 ], [ -88.297, 44.2715 ], [ -88.3019, 44.274 ], [ -88.303, 44.2788 ], [ -88.3082, 44.2789 ], [ -88.3082, 44.2815 ], [ -88.314, 44.2802 ] ] ] } },
{ "type": "Feature", "properties": { "GEOID": "55097961101", "county": "Census Tract 9611.01" }, "geometry": { "type": "Polygon", "coordinates": [ [ [ -89.7268, 44.5185 ], [ -89.6073, 44.5189 ], [ -89.6117, 44.5227 ], [ -89.6099, 44.5256 ], [ -89.5975, 44.5245 ], [ -89.5932, 44.5203 ], [ -89.6073, 44.5151 ], [ -89.6187, 44.4993 ], [ -89.6166, 44.497 ], [ -89.5888, 44.4972 ], [ -89.5871, 44.4931 ], [ -89.5779, 44.4908 ], [ -89.5766, 44.4868 ], [ -89.5712, 44.4857 ], [ -89.5716, 44.4821 ], [ -89.5493, 44.4818 ], [ -89.5433, 44.4608 ], [ -89.5442, 44.4536 ], [ -89.5765, 44.4542 ], [ -89.6167, 44.444 ], [ -89.6166, 44.4478 ], [ -89.6255, 44.4528 ], [ -89.6355, 44.4552 ], [ -89.6499, 44.4522 ], [ -89.6744, 44.4532 ], [ -89.7129, 44.4505 ], [ -89.7262, 44.4455 ], [ -89.7268, 44.5185 ] ] ] } },
{ "type": "Feature", "properties": { "GEOID": "55097961102", "county": "Census Tract 9611.02" }, "geometry": { "type": "Polygon", "coordinates": [ [ [ -89.6187, 44.4993 ], [ -89.6073, 44.5151 ], [ -89.5848, 44.5225 ], [ -89.5795, 44.5131 ], [ -89.5732, 44.513 ], [ -89.5627, 44.4992 ], [ -89.5526, 44.4925 ], [ -89.5493, 44.4818 ], [ -89.5716, 44.4821 ], [ -89.5712, 44.4857 ], [ -89.5766, 44.4868 ], [ -89.5779, 44.4908 ], [ -89.5871, 44.4931 ], [ -89.5888, 44.4972 ], [ -89.6166, 44.497 ], [ -89.6187, 44.4993 ] ] ] } },
{ "type": "Feature", "properties": { "GEOID": "55031030301", "county": "Census Tract 303.01" }, "geometry": { "type": "Polygon", "coordinates": [ [ [ -92.2937, 46.1573 ], [ -92.2919, 46.5328 ], [ -92.1826, 46.5328 ], [ -92.1823, 46.5039 ], [ -92.0499, 46.5033 ], [ -92.0503, 46.4177 ], [ -91.9245, 46.4171 ], [ -91.9257, 46.4749 ], [ -91.7386, 46.4743 ], [ -91.7384, 46.4886 ], [ -91.7178, 46.4891 ], [ -91.7161, 46.4747 ], [ -91.6786, 46.4745 ], [ -91.674, 46.4564 ], [ -91.6753, 46.4339 ], [ -91.679, 46.4317 ], [ -91.6827, 46.4321 ], [ -91.6979, 46.4228 ], [ -91.7008, 46.4235 ], [ -91.7092, 46.4171 ], [ -91.8094, 46.4172 ], [ -91.8178, 46.3984 ], [ -91.8194, 46.3833 ], [ -91.8246, 46.3774 ], [ -91.8356, 46.3483 ], [ -91.8305, 46.3373 ], [ -91.8126, 46.3199 ], [ -91.811, 46.2867 ], [ -91.7997, 46.2617 ], [ -91.8018, 46.2538 ], [ -91.7999, 46.2204 ], [ -91.7964, 46.2128 ], [ -91.7994, 46.2035 ], [ -91.7989, 46.186 ], [ -91.8095, 46.1579 ], [ -92.2937, 46.1573 ] ] ] } },
{ "type": "Feature", "properties": { "GEOID": "55087012904", "county": "Census Tract 129.04" }, "geometry": { "type": "Polygon", "coordinates": [ [ [ -88.375, 44.3288 ], [ -88.3743, 44.4147 ], [ -88.3118, 44.4148 ], [ -88.3119, 44.3576 ], [ -88.2514, 44.3573 ], [ -88.2519, 44.3283 ], [ -88.375, 44.3288 ] ] ] } },
{ "type": "Feature", "properties": { "GEOID": "55067960102", "county": "Census Tract 9601.02" }, "geometry": { "type": "Polygon", "coordinates": [ [ [ -89.4248, 45.4672 ], [ -89.3443, 45.47 ], [ -89.1801, 45.4683 ], [ -89.1833, 45.436 ], [ -89.147, 45.4351 ], [ -89.1238, 45.4277 ], [ -89.1228, 45.3907 ], [ -89.117, 45.3874 ], [ -89.1104, 45.3749 ], [ -89.1133, 45.3731 ], [ -89.1245, 45.3727 ], [ -89.1337, 45.3665 ], [ -89.18, 45.3649 ], [ -89.1628, 45.3554 ], [ -89.1507, 45.3378 ], [ -89.1459, 45.3179 ], [ -89.1488, 45.2994 ], [ -89.1651, 45.2995 ], [ -89.1636, 45.2931 ], [ -89.1655, 45.291 ], [ -89.2216, 45.2935 ], [ -89.2439, 45.2917 ], [ -89.2841, 45.2929 ], [ -89.3546, 45.2912 ], [ -89.4247, 45.2932 ], [ -89.4248, 45.4672 ] ] ] } },
{ "type": "Feature", "properties": { "GEOID": "55105002902", "county": "Census Tract 29.02" }, "geometry": { "type": "Polygon", "coordinates": [ [ [ -89.368, 42.7085 ], [ -89.3691, 42.845 ], [ -89.3042, 42.8458 ], [ -89.3041, 42.8289 ], [ -89.2991, 42.817 ], [ -89.2987, 42.7856 ], [ -89.2991, 42.7778 ], [ -89.3012, 42.7778 ], [ -89.3012, 42.7727 ], [ -89.2991, 42.7737 ], [ -89.2988, 42.7393 ], [ -89.287, 42.7286 ], [ -89.2888, 42.7159 ], [ -89.3185, 42.7159 ], [ -89.3235, 42.7123 ], [ -89.3537, 42.7118 ], [ -89.3596, 42.7088 ], [ -89.368, 42.7085 ] ] ] } },
{ "type": "Feature", "properties": { "GEOID": "55129950502", "county": "Census Tract 9505.02" }, "geometry": { "type": "Polygon", "coordinates": [ [ [ -91.9337, 45.8109 ], [ -91.9324, 45.823 ], [ -91.8986, 45.8217 ], [ -91.8928, 45.8236 ], [ -91.8876, 45.8219 ], [ -91.8698, 45.8217 ], [ -91.8423, 45.8137 ], [ -91.7637, 45.8138 ], [ -91.7382, 45.8157 ], [ -91.7242, 45.8135 ], [ -91.7005, 45.8134 ], [ -91.6942, 45.8115 ], [ -91.6794, 45.8149 ], [ -91.6634, 45.8114 ], [ -91.6628, 45.7947 ], [ -91.6688, 45.7908 ], [ -91.6694, 45.7854 ], [ -91.6745, 45.7822 ], [ -91.7035, 45.7819 ], [ -91.7035, 45.753 ], [ -91.6803, 45.7528 ], [ -91.6792, 45.755 ], [ -91.6613, 45.7615 ], [ -91.6565, 45.7585 ], [ -91.6582, 45.7356 ], [ -91.6496, 45.7352 ], [ -91.6544, 45.7321 ], [ -91.6533, 45.7096 ], [ -91.6606, 45.7054 ], [ -91.6698, 45.7038 ], [ -91.6739, 45.6872 ], [ -91.6786, 45.6819 ], [ -91.6828, 45.6815 ], [ -91.6833, 45.6722 ], [ -91.6791, 45.6676 ], [ -91.6825, 45.6661 ], [ -91.6834, 45.6609 ], [ -91.6828, 45.6388 ], [ -91.8757, 45.6388 ], [ -91.8694, 45.6527 ], [ -91.8721, 45.6772 ], [ -91.8654, 45.6847 ], [ -91.8702, 45.6963 ], [ -91.8392, 45.6954 ], [ -91.8285, 45.697 ], [ -91.8109, 45.7089 ], [ -91.8013, 45.7108 ], [ -91.7858, 45.7105 ], [ -91.7854, 45.7244 ], [ -91.8103, 45.7244 ], [ -91.8975, 45.8075 ], [ -91.9179, 45.8072 ], [ -91.9194, 45.8036 ], [ -91.9288, 45.8037 ], [ -91.9274, 45.8109 ], [ -91.9337, 45.8109 ] ] ] } },
{ "type": "Feature", "properties": { "GEOID": "55025010908", "county": "Census Tract 109.08" }, "geometry": { "type": "Polygon", "coordinates": [ [ [ -89.601, 43.093 ], [ -89.6005, 43.2059 ], [ -89.5952, 43.2058 ], [ -89.5781, 43.1945 ], [ -89.5569, 43.1888 ], [ -89.5438, 43.177 ], [ -89.5164, 43.1336 ], [ -89.5159, 43.1255 ], [ -89.5126, 43.1245 ], [ -89.5096, 43.1115 ], [ -89.5117, 43.1023 ], [ -89.5167, 43.0968 ], [ -89.5717, 43.095 ], [ -89.591, 43.0909 ], [ -89.601, 43.093 ] ] ] } },
{ "type": "Feature", "properties": { "GEOID": "55025011201", "county": "Census Tract 112.01" }, "geometry": { "type": "Polygon", "coordinates": [ [ [ -89.432, 43.1773 ], [ -89.4116, 43.1774 ], [ -89.4116, 43.2063 ], [ -89.362, 43.2068 ], [ -89.3618, 43.1945 ], [ -89.345, 43.1945 ], [ -89.32, 43.1753 ], [ -89.3063, 43.1538 ], [ -89.3252, 43.153 ], [ -89.3284, 43.1546 ], [ -89.3325, 43.1501 ], [ -89.3424, 43.1533 ], [ -89.3546, 43.147 ], [ -89.382, 43.1484 ], [ -89.3966, 43.1457 ], [ -89.432, 43.1773 ] ] ] } },
{ "type": "Feature", "properties": { "GEOID": "55025010802", "county": "Census Tract 108.02" }, "geometry": { "type": "Polygon", "coordinates": [ [ [ -89.5781, 43.0117 ], [ -89.5585, 43.0131 ], [ -89.55, 43.0163 ], [ -89.5335, 43.0161 ], [ -89.5335, 42.9905 ], [ -89.5721, 42.987 ], [ -89.5729, 42.9926 ], [ -89.5781, 42.9983 ], [ -89.5781, 43.0117 ] ] ] } },
{ "type": "Feature", "properties": { "GEOID": "55025001902", "county": "Census Tract 19.02" }, "geometry": { "type": "Polygon", "coordinates": [ [ [ -89.3619, 43.0903 ], [ -89.3525, 43.0972 ], [ -89.351, 43.0983 ], [ -89.3498, 43.0885 ], [ -89.3537, 43.0855 ], [ -89.3619, 43.0903 ] ] ] } },
{ "type": "Feature", "properties": { "GEOID": "55025012003", "county": "Census Tract 120.03" }, "geometry": { "type": "Polygon", "coordinates": [ [ [ -89.2452, 43.1053 ], [ -89.2301, 43.1084 ], [ -89.1993, 43.1097 ], [ -89.1997, 43.065 ], [ -89.2078, 43.0648 ], [ -89.2107, 43.0752 ], [ -89.2324, 43.0855 ], [ -89.2396, 43.1037 ], [ -89.2452, 43.1053 ] ] ] } },
{ "type": "Feature", "properties": { "GEOID": "55095960901", "county": "Census Tract 9609.01" }, "geometry": { "type": "Polygon", "coordinates": [ [ [ -92.5906, 45.376 ], [ -92.5852, 45.3827 ], [ -92.4897, 45.3818 ], [ -92.4893, 45.3961 ], [ -92.4078, 45.3959 ], [ -92.4078, 45.3815 ], [ -92.4284, 45.3815 ], [ -92.4284, 45.3615 ], [ -92.4211, 45.3614 ], [ -92.4181, 45.3593 ], [ -92.4188, 45.3414 ], [ -92.4093, 45.3311 ], [ -92.4063, 45.3172 ], [ -92.3981, 45.3104 ], [ -92.3979, 45.3032 ], [ -92.4289, 45.3036 ], [ -92.4287, 45.296 ], [ -92.4525, 45.2945 ], [ -92.5308, 45.2955 ], [ -92.5365, 45.2902 ], [ -92.5306, 45.2832 ], [ -92.5304, 45.2491 ], [ -92.561, 45.2483 ], [ -92.5641, 45.2537 ], [ -92.5703, 45.2542 ], [ -92.5707, 45.3089 ], [ -92.5733, 45.3112 ], [ -92.568, 45.3188 ], [ -92.5519, 45.3174 ], [ -92.5501, 45.3193 ], [ -92.5505, 45.3535 ], [ -92.5773, 45.3561 ], [ -92.5909, 45.3539 ], [ -92.5906, 45.376 ] ] ] } },
{ "type": "Feature", "properties": { "GEOID": "55001950204", "county": "Census Tract 9502.04" }, "geometry": { "type": "Polygon", "coordinates": [ [ [ -90.0261, 44.0837 ], [ -90.0235, 44.096 ], [ -90.0169, 44.1006 ], [ -90.011, 44.1003 ], [ -90.0039, 44.1044 ], [ -90.0107, 44.1153 ], [ -90.0071, 44.1216 ], [ -89.9996, 44.1225 ], [ -89.9941, 44.1268 ], [ -89.9818, 44.1217 ], [ -89.9769, 44.1225 ], [ -89.9747, 44.1257 ], [ -89.9754, 44.128 ], [ -89.9847, 44.1292 ], [ -89.9835, 44.1321 ], [ -89.9747, 44.133 ], [ -89.9738, 44.1346 ], [ -89.9703, 44.1481 ], [ -89.9705, 44.1671 ], [ -89.9549, 44.1634 ], [ -89.9417, 44.1634 ], [ -89.9368, 44.153 ], [ -89.9287, 44.1503 ], [ -89.9234, 44.1524 ], [ -89.9212, 44.1669 ], [ -89.9256, 44.1743 ], [ -89.9204, 44.1786 ], [ -89.9017, 44.1733 ], [ -89.8932, 44.1735 ], [ -89.893, 44.1554 ], [ -89.8077, 44.1553 ], [ -89.808, 44.0831 ], [ -89.833, 44.0829 ], [ -89.8328, 44.0683 ], [ -89.8581, 44.0683 ], [ -89.8581, 44.0538 ], [ -89.8343, 44.0555 ], [ -89.8332, 44.0526 ], [ -89.7779, 44.054 ], [ -89.7778, 44.083 ], [ -89.758, 44.083 ], [ -89.7579, 44.0974 ], [ -89.7379, 44.0975 ], [ -89.7376, 44.1119 ], [ -89.598, 44.112 ], [ -89.5979, 43.9821 ], [ -89.6801, 43.982 ], [ -89.6912, 43.9837 ], [ -89.701, 43.982 ], [ -89.7389, 43.9818 ], [ -89.7423, 43.9858 ], [ -89.7375, 43.9927 ], [ -89.7377, 44.0108 ], [ -89.7477, 44.0107 ], [ -89.748, 44.0251 ], [ -89.8866, 44.0252 ], [ -89.8879, 44.0349 ], [ -89.8936, 44.0392 ], [ -89.9569, 44.0397 ], [ -89.9742, 44.0467 ], [ -90.0187, 44.048 ], [ -90.0197, 44.0638 ], [ -90.0221, 44.0683 ], [ -90.0253, 44.0683 ], [ -90.0236, 44.079 ], [ -90.0261, 44.0837 ] ] ] } },
{ "type": "Feature", "properties": { "GEOID": "55061960401", "county": "Census Tract 9604.01" }, "geometry": { "type": "Polygon", "coordinates": [ [ [ -87.765, 44.4582 ], [ -87.7648, 44.5454 ], [ -87.6961, 44.5453 ], [ -87.6863, 44.5533 ], [ -87.68, 44.5555 ], [ -87.6424, 44.5561 ], [ -87.6418, 44.5451 ], [ -87.5424, 44.5453 ], [ -87.542, 44.5524 ], [ -87.5287, 44.5523 ], [ -87.5212, 44.5489 ], [ -87.5213, 44.5162 ], [ -87.5117, 44.5163 ], [ -87.5012, 44.5124 ], [ -87.5012, 44.5016 ], [ -87.4911, 44.5016 ], [ -87.4915, 44.4867 ], [ -87.4966, 44.4765 ], [ -87.4958, 44.4666 ], [ -87.4985, 44.4602 ], [ -87.5074, 44.464 ], [ -87.5139, 44.4729 ], [ -87.5107, 44.481 ], [ -87.5165, 44.4853 ], [ -87.5229, 44.4789 ], [ -87.527, 44.4785 ], [ -87.5285, 44.4728 ], [ -87.5361, 44.468 ], [ -87.5346, 44.4662 ], [ -87.5328, 44.4675 ], [ -87.5332, 44.4656 ], [ -87.541, 44.4646 ], [ -87.5444, 44.4617 ], [ -87.5507, 44.4616 ], [ -87.5596, 44.4564 ], [ -87.5724, 44.4581 ], [ -87.5725, 44.4435 ], [ -87.6845, 44.4434 ], [ -87.6843, 44.4579 ], [ -87.7249, 44.4579 ], [ -87.7249, 44.4558 ], [ -87.7302, 44.4553 ], [ -87.7416, 44.458 ], [ -87.765, 44.4582 ] ] ] } },
{ "type": "Feature", "properties": { "GEOID": "55111000602", "county": "Census Tract 6.02" }, "geometry": { "type": "Polygon", "coordinates": [ [ [ -89.7298, 43.2784 ], [ -89.7292, 43.293 ], [ -89.7213, 43.2939 ], [ -89.7133, 43.2821 ], [ -89.7181, 43.2821 ], [ -89.7194, 43.2785 ], [ -89.7298, 43.2784 ] ] ] } },
{ "type": "Feature", "properties": { "GEOID": "55073002302", "county": "Census Tract 23.02" }, "geometry": { "type": "Polygon", "coordinates": [ [ [ -90.0785, 45.0172 ], [ -90.0079, 45.0166 ], [ -90.0044, 45.0181 ], [ -90.0045, 45.033 ], [ -89.9639, 45.0329 ], [ -89.9642, 45.0474 ], [ -89.9546, 45.0476 ], [ -89.9572, 45.0495 ], [ -89.9579, 45.0585 ], [ -89.9528, 45.0659 ], [ -89.9521, 45.0738 ], [ -89.9602, 45.079 ], [ -89.9607, 45.0851 ], [ -89.9659, 45.09 ], [ -89.9645, 45.1202 ], [ -89.7268, 45.12 ], [ -89.727, 45.0323 ], [ -89.8445, 45.0328 ], [ -89.8445, 44.9442 ], [ -90.0792, 44.9453 ], [ -90.0785, 45.0172 ] ] ] } },
{ "type": "Feature", "properties": { "GEOID": "55111000102", "county": "Census Tract 1.02" }, "geometry": { "type": "Polygon", "coordinates": [ [ [ -89.8009, 43.5749 ], [ -89.8132, 43.5966 ], [ -89.8049, 43.5953 ], [ -89.7984, 43.5968 ], [ -89.7938, 43.5922 ], [ -89.7723, 43.6019 ], [ -89.7652, 43.6015 ], [ -89.7633, 43.6039 ], [ -89.7527, 43.6057 ], [ -89.7388, 43.5981 ], [ -89.7386, 43.5902 ], [ -89.7432, 43.5895 ], [ -89.7429, 43.5865 ], [ -89.7479, 43.5818 ], [ -89.7434, 43.5718 ], [ -89.7385, 43.5683 ], [ -89.7385, 43.5642 ], [ -89.7964, 43.5721 ], [ -89.8009, 43.5749 ] ] ] } },
{ "type": "Feature", "properties": { "GEOID": "55111000902", "county": "Census Tract 9.02" }, "geometry": { "type": "Polygon", "coordinates": [ [ [ -90.1872, 43.58 ], [ -90.1832, 43.5813 ], [ -90.1799, 43.5893 ], [ -90.1822, 43.5964 ], [ -90.1728, 43.6035 ], [ -90.1743, 43.6061 ], [ -90.1629, 43.6055 ], [ -90.1617, 43.6001 ], [ -90.1528, 43.5995 ], [ -90.136, 43.5939 ], [ -90.1393, 43.5972 ], [ -90.1385, 43.6064 ], [ -90.1345, 43.6025 ], [ -90.1251, 43.6001 ], [ -90.1175, 43.6181 ], [ -90.0901, 43.6204 ], [ -90.0881, 43.6236 ], [ -90.0939, 43.6293 ], [ -90.0943, 43.6368 ], [ -90.0859, 43.6418 ], [ -90.0724, 43.6417 ], [ -90.0821, 43.6339 ], [ -90.0825, 43.6289 ], [ -90.0782, 43.6272 ], [ -90.0651, 43.6274 ], [ -90.0628, 43.6326 ], [ -90.0499, 43.6338 ], [ -90.0392, 43.6305 ], [ -90.0438, 43.6231 ], [ -90.042, 43.6162 ], [ -90.0533, 43.6145 ], [ -90.0592, 43.6169 ], [ -90.0726, 43.6115 ], [ -90.0686, 43.6045 ], [ -90.0688, 43.5841 ], [ -90.0662, 43.584 ], [ -90.0656, 43.5767 ], [ -90.0596, 43.5761 ], [ -90.0591, 43.5625 ], [ -90.0525, 43.5603 ], [ -90.0526, 43.5532 ], [ -90.0626, 43.5538 ], [ -90.0725, 43.5616 ], [ -90.0794, 43.5569 ], [ -90.0917, 43.5624 ], [ -90.097, 43.5621 ], [ -90.1043, 43.5575 ], [ -90.113, 43.5621 ], [ -90.133, 43.5622 ], [ -90.1389, 43.5527 ], [ -90.1437, 43.555 ], [ -90.1677, 43.555 ], [ -90.1692, 43.5491 ], [ -90.1708, 43.551 ], [ -90.1793, 43.5514 ], [ -90.1872, 43.58 ] ] ] } },
{ "type": "Feature", "properties": { "GEOID": "55109120602", "county": "Census Tract 1206.02" }, "geometry": { "type": "Polygon", "coordinates": [ [ [ -92.652, 45.1228 ], [ -92.6515, 45.2101 ], [ -92.2839, 45.2093 ], [ -92.2816, 45.1366 ], [ -92.2598, 45.1366 ], [ -92.2588, 45.1219 ], [ -92.3818, 45.1222 ], [ -92.3837, 45.1281 ], [ -92.4123, 45.1212 ], [ -92.4179, 45.1179 ], [ -92.4367, 45.1163 ], [ -92.4365, 45.121 ], [ -92.4664, 45.1226 ], [ -92.467, 45.1514 ], [ -92.5078, 45.1515 ], [ -92.508, 45.166 ], [ -92.5858, 45.1643 ], [ -92.5853, 45.1614 ], [ -92.5898, 45.1569 ], [ -92.5896, 45.1405 ], [ -92.6105, 45.1407 ], [ -92.611, 45.1226 ], [ -92.652, 45.1228 ] ] ] } },
{ "type": "Feature", "properties": { "GEOID": "55109120905", "county": "Census Tract 1209.05" }, "geometry": { "type": "Polygon", "coordinates": [ [ [ -92.7593, 44.9628 ], [ -92.6903, 44.964 ], [ -92.6906, 44.942 ], [ -92.7295, 44.9416 ], [ -92.7313, 44.9487 ], [ -92.7527, 44.9487 ], [ -92.7593, 44.9628 ] ] ] } },
{ "type": "Feature", "properties": { "GEOID": "55063010404", "county": "Census Tract 104.04" }, "geometry": { "type": "Polygon", "coordinates": [ [ [ -91.2573, 43.9161 ], [ -91.2488, 43.9166 ], [ -91.2516, 43.923 ], [ -91.2353, 43.9235 ], [ -91.2306, 43.9179 ], [ -91.2201, 43.9128 ], [ -91.2203, 43.899 ], [ -91.2352, 43.9124 ], [ -91.235, 43.8972 ], [ -91.2418, 43.897 ], [ -91.2496, 43.9097 ], [ -91.2573, 43.9161 ] ] ] } },
{ "type": "Feature", "properties": { "GEOID": "55039041902", "county": "Census Tract 419.02" }, "geometry": { "type": "Polygon", "coordinates": [ [ [ -88.4016, 43.6893 ], [ -88.4018, 43.7184 ], [ -88.1606, 43.7176 ], [ -88.16, 43.6305 ], [ -88.3126, 43.6306 ], [ -88.3304, 43.6476 ], [ -88.3318, 43.655 ], [ -88.3387, 43.6652 ], [ -88.3539, 43.6765 ], [ -88.3654, 43.6893 ], [ -88.3687, 43.6919 ], [ -88.3745, 43.6893 ], [ -88.4016, 43.6893 ] ] ] } },
{ "type": "Feature", "properties": { "GEOID": "55133201507", "county": "Census Tract 2015.07" }, "geometry": { "type": "Polygon", "coordinates": [ [ [ -88.0892, 42.9588 ], [ -88.0886, 42.978 ], [ -88.0731, 42.9778 ], [ -88.0687, 42.9798 ], [ -88.0692, 42.9592 ], [ -88.0892, 42.9588 ] ] ] } },
{ "type": "Feature", "properties": { "GEOID": "55133202203", "county": "Census Tract 2022.03" }, "geometry": { "type": "Polygon", "coordinates": [ [ [ -88.2671, 42.9885 ], [ -88.2628, 42.9936 ], [ -88.2655, 42.9949 ], [ -88.2659, 43.0033 ], [ -88.2643, 43.007 ], [ -88.2599, 43.0069 ], [ -88.2602, 43.0034 ], [ -88.253, 43.0035 ], [ -88.2564, 42.9999 ], [ -88.2535, 43.0009 ], [ -88.2551, 42.999 ], [ -88.252, 42.9975 ], [ -88.2671, 42.9885 ] ] ] } },
{ "type": "Feature", "properties": { "GEOID": "55133201002", "county": "Census Tract 2010.02" }, "geometry": { "type": "Polygon", "coordinates": [ [ [ -88.1095, 43.0605 ], [ -88.0668, 43.0599 ], [ -88.0669, 43.0455 ], [ -88.0999, 43.0457 ], [ -88.1016, 43.0415 ], [ -88.1042, 43.0414 ], [ -88.1043, 43.0372 ], [ -88.1068, 43.0369 ], [ -88.1059, 43.0553 ], [ -88.1095, 43.0605 ] ] ] } },
{ "type": "Feature", "properties": { "GEOID": "55133203806", "county": "Census Tract 2038.06" }, "geometry": { "type": "Polygon", "coordinates": [ [ [ -88.38, 42.9885 ], [ -88.373, 42.9921 ], [ -88.3612, 42.9883 ], [ -88.3466, 42.9881 ], [ -88.3512, 42.992 ], [ -88.3482, 42.9954 ], [ -88.3252, 42.9952 ], [ -88.3243, 42.988 ], [ -88.3055, 42.9882 ], [ -88.3058, 42.9724 ], [ -88.3213, 42.9641 ], [ -88.3177, 42.9513 ], [ -88.3204, 42.9496 ], [ -88.3162, 42.9408 ], [ -88.309, 42.9408 ], [ -88.3068, 42.9299 ], [ -88.3465, 42.9302 ], [ -88.3493, 42.9448 ], [ -88.3644, 42.9649 ], [ -88.3737, 42.9665 ], [ -88.38, 42.9885 ] ] ] } },
{ "type": "Feature", "properties": { "GEOID": "55113940002", "county": "Census Tract 9400.02" }, "geometry": { "type": "Polygon", "coordinates": [ [ [ -91.4235, 45.8997 ], [ -91.4187, 45.8995 ], [ -91.4171, 45.9196 ], [ -91.4177, 45.9828 ], [ -91.3836, 45.9827 ], [ -91.3785, 45.977 ], [ -91.3775, 45.9421 ], [ -91.3647, 45.9252 ], [ -91.3667, 45.9189 ], [ -91.377, 45.9094 ], [ -91.3781, 45.9049 ], [ -91.3629, 45.9094 ], [ -91.3265, 45.9082 ], [ -91.321, 45.9123 ], [ -91.313, 45.9084 ], [ -91.3089, 45.914 ], [ -91.3059, 45.9145 ], [ -91.3031, 45.909 ], [ -91.2981, 45.9087 ], [ -91.2981, 45.907 ], [ -91.3004, 45.8978 ], [ -91.3079, 45.8973 ], [ -91.3095, 45.8928 ], [ -91.3019, 45.8938 ], [ -91.303, 45.8904 ], [ -91.2959, 45.8948 ], [ -91.2866, 45.8954 ], [ -91.2952, 45.8943 ], [ -91.2985, 45.8878 ], [ -91.2961, 45.8794 ], [ -91.3037, 45.8769 ], [ -91.3872, 45.8786 ], [ -91.4015, 45.8566 ], [ -91.4059, 45.84 ], [ -91.4096, 45.8419 ], [ -91.4052, 45.8614 ], [ -91.4183, 45.8614 ], [ -91.4186, 45.8941 ], [ -91.4236, 45.895 ], [ -91.4235, 45.8997 ] ] ] } },
{ "type": "Feature", "properties": { "GEOID": "55113100502", "county": "Census Tract 1005.02" }, "geometry": { "type": "Polygon", "coordinates": [ [ [ -91.5513, 46.157 ], [ -91.3017, 46.1567 ], [ -91.3014, 46.0703 ], [ -91.3122, 46.062 ], [ -91.3227, 46.0448 ], [ -91.3271, 46.0416 ], [ -91.274, 46.0413 ], [ -91.2733, 46.0334 ], [ -91.2712, 46.0329 ], [ -91.274, 46.025 ], [ -91.2764, 46.0246 ], [ -91.2775, 46.0205 ], [ -91.2823, 46.0193 ], [ -91.281, 45.994 ], [ -91.3082, 45.9931 ], [ -91.3154, 45.9895 ], [ -91.3292, 45.9897 ], [ -91.3427, 45.9971 ], [ -91.363, 45.9972 ], [ -91.363, 46.0029 ], [ -91.3838, 46.0027 ], [ -91.3841, 46.0243 ], [ -91.4012, 46.022 ], [ -91.4116, 46.0152 ], [ -91.4573, 46.0107 ], [ -91.4517, 46.0189 ], [ -91.4537, 46.0215 ], [ -91.4485, 46.0263 ], [ -91.4873, 46.0268 ], [ -91.4889, 46.051 ], [ -91.4926, 46.0553 ], [ -91.5506, 46.0555 ], [ -91.5513, 46.157 ] ] ] } },
{ "type": "Feature", "properties": { "GEOID": "55131420107", "county": "Census Tract 4201.07" }, "geometry": { "type": "Polygon", "coordinates": [ [ [ -88.2578, 43.3697 ], [ -88.2547, 43.3751 ], [ -88.249, 43.3772 ], [ -88.2412, 43.3847 ], [ -88.241, 43.3982 ], [ -88.2243, 43.3982 ], [ -88.2228, 43.3957 ], [ -88.2183, 43.3952 ], [ -88.2109, 43.3981 ], [ -88.161, 43.3977 ], [ -88.1612, 43.3686 ], [ -88.2578, 43.3697 ] ] ] } },
{ "type": "Feature", "properties": { "GEOID": "55089640102", "county": "Census Tract 6401.02" }, "geometry": { "type": "Polygon", "coordinates": [ [ [ -87.9788, 43.323 ], [ -87.9773, 43.3375 ], [ -87.95, 43.3384 ], [ -87.9423, 43.3289 ], [ -87.9468, 43.3266 ], [ -87.9495, 43.32 ], [ -87.962, 43.3199 ], [ -87.9788, 43.323 ] ] ] } },
{ "type": "Feature", "properties": { "GEOID": "55127000104", "county": "Census Tract 1.04" }, "geometry": { "type": "Polygon", "coordinates": [ [ [ -88.4251, 42.7923 ], [ -88.4241, 42.8426 ], [ -88.3341, 42.8426 ], [ -88.3548, 42.8268 ], [ -88.3707, 42.8073 ], [ -88.3815, 42.7993 ], [ -88.3853, 42.7923 ], [ -88.414, 42.791 ], [ -88.4251, 42.7923 ] ] ] } },
{ "type": "Feature", "properties": { "GEOID": "55127000202", "county": "Census Tract 2.02" }, "geometry": { "type": "Polygon", "coordinates": [ [ [ -88.5221, 42.6745 ], [ -88.5027, 42.6931 ], [ -88.4856, 42.7051 ], [ -88.4507, 42.7443 ], [ -88.4384, 42.7537 ], [ -88.4257, 42.768 ], [ -88.426, 42.7562 ], [ -88.3078, 42.7555 ], [ -88.3059, 42.6687 ], [ -88.5189, 42.67 ], [ -88.5221, 42.6745 ] ] ] } },
{ "type": "Feature", "properties": { "GEOID": "55059002604", "county": "Census Tract 26.04" }, "geometry": { "type": "Polygon", "coordinates": [ [ [ -87.9255, 42.5671 ], [ -87.9224, 42.582 ], [ -87.8842, 42.5815 ], [ -87.8875, 42.5669 ], [ -87.9255, 42.5671 ] ] ] } },
{ "type": "Feature", "properties": { "GEOID": "55009940005", "county": "Census Tract 9400.05" }, "geometry": { "type": "Polygon", "coordinates": [ [ [ -88.1904, 44.486 ], [ -88.1901, 44.5844 ], [ -88.0971, 44.5469 ], [ -88.105, 44.5431 ], [ -88.1223, 44.5416 ], [ -88.1216, 44.5342 ], [ -88.1293, 44.5336 ], [ -88.1298, 44.524 ], [ -88.1398, 44.5239 ], [ -88.1466, 44.5192 ], [ -88.1447, 44.5165 ], [ -88.1501, 44.514 ], [ -88.152, 44.5136 ], [ -88.1512, 44.5183 ], [ -88.1562, 44.5217 ], [ -88.1622, 44.5213 ], [ -88.1761, 44.5 ], [ -88.1701, 44.4985 ], [ -88.1701, 44.4876 ], [ -88.1848, 44.4913 ], [ -88.1904, 44.486 ] ] ] } },
{ "type": "Feature", "properties": { "GEOID": "55131460102", "county": "Census Tract 4601.02" }, "geometry": { "type": "Polygon", "coordinates": [ [ [ -88.2418, 43.1932 ], [ -88.2418, 43.2512 ], [ -88.1822, 43.2507 ], [ -88.1822, 43.1926 ], [ -88.2418, 43.1932 ] ] ] } },
{ "type": "Feature", "properties": { "GEOID": "55131470203", "county": "Census Tract 4702.03" }, "geometry": { "type": "Polygon", "coordinates": [ [ [ -88.1327, 43.2355 ], [ -88.0639, 43.2356 ], [ -88.0638, 43.2211 ], [ -88.1328, 43.2211 ], [ -88.1327, 43.2355 ] ] ] } },
{ "type": "Feature", "properties": { "GEOID": "55131440200", "county": "Census Tract 4402" }, "geometry": { "type": "Polygon", "coordinates": [ [ [ -88.3877, 43.3178 ], [ -88.3845, 43.3273 ], [ -88.3747, 43.3249 ], [ -88.3748, 43.3214 ], [ -88.3644, 43.3216 ], [ -88.3653, 43.3172 ], [ -88.374, 43.3176 ], [ -88.374, 43.3156 ], [ -88.3698, 43.3156 ], [ -88.3717, 43.3068 ], [ -88.3853, 43.3077 ], [ -88.3839, 43.3178 ], [ -88.3877, 43.3178 ] ] ] } },
{ "type": "Feature", "properties": { "GEOID": "55131440105", "county": "Census Tract 4401.05" }, "geometry": { "type": "Polygon", "coordinates": [ [ [ -88.3593, 43.2887 ], [ -88.3547, 43.2889 ], [ -88.3542, 43.3176 ], [ -88.3492, 43.3177 ], [ -88.3492, 43.3237 ], [ -88.339, 43.3285 ], [ -88.3387, 43.3393 ], [ -88.3589, 43.3393 ], [ -88.3571, 43.3621 ], [ -88.3511, 43.3699 ], [ -88.2986, 43.3695 ], [ -88.2992, 43.3357 ], [ -88.3016, 43.3357 ], [ -88.3017, 43.3323 ], [ -88.3192, 43.3287 ], [ -88.3196, 43.3203 ], [ -88.3094, 43.3248 ], [ -88.2994, 43.3249 ], [ -88.3004, 43.2813 ], [ -88.3601, 43.2814 ], [ -88.3593, 43.2887 ] ] ] } },
{ "type": "Feature", "properties": { "GEOID": "55105003200", "county": "Census Tract 32" }, "geometry": { "type": "Polygon", "coordinates": [ [ [ -88.8964, 42.772 ], [ -88.8948, 42.8459 ], [ -88.7771, 42.8427 ], [ -88.7789, 42.7547 ], [ -88.7763, 42.6122 ], [ -88.8293, 42.6001 ], [ -88.8462, 42.6021 ], [ -88.8727, 42.5967 ], [ -88.8939, 42.5947 ], [ -88.8964, 42.772 ] ] ] } },
{ "type": "Feature", "properties": { "GEOID": "55105003300", "county": "Census Tract 33" }, "geometry": { "type": "Polygon", "coordinates": [ [ [ -88.8946, 42.4941 ], [ -88.8939, 42.5947 ], [ -88.8727, 42.5967 ], [ -88.8462, 42.6021 ], [ -88.8293, 42.6001 ], [ -88.7763, 42.6122 ], [ -88.7766, 42.492 ], [ -88.8946, 42.4941 ] ] ] } },
{ "type": "Feature", "properties": { "GEOID": "55105003002", "county": "Census Tract 30.02" }, "geometry": { "type": "Polygon", "coordinates": [ [ [ -89.2105, 42.7637 ], [ -89.2107, 42.8463 ], [ -89.1026, 42.8472 ], [ -89.1017, 42.8327 ], [ -89.0882, 42.8327 ], [ -89.081, 42.8274 ], [ -89.0719, 42.8306 ], [ -89.0723, 42.8164 ], [ -89.0667, 42.8133 ], [ -89.0647, 42.8182 ], [ -89.0521, 42.8183 ], [ -89.0527, 42.8327 ], [ -89.0556, 42.8331 ], [ -89.0476, 42.8354 ], [ -89.0479, 42.8476 ], [ -89.0001, 42.8473 ], [ -89.0009, 42.8343 ], [ -89.0073, 42.8302 ], [ -89.0065, 42.8272 ], [ -89.0132, 42.827 ], [ -89.0136, 42.7602 ], [ -89.1966, 42.7589 ], [ -89.2105, 42.7637 ] ] ] } },
{ "type": "Feature", "properties": { "GEOID": "55105001000", "county": "Census Tract 10" }, "geometry": { "type": "Polygon", "coordinates": [ [ [ -89.0316, 42.6695 ], [ -89.0218, 42.6688 ], [ -89.0148, 42.6716 ], [ -89.0179, 42.6763 ], [ -89.0161, 42.6773 ], [ -89.0028, 42.6789 ], [ -88.9837, 42.6708 ], [ -88.9836, 42.6659 ], [ -89.012, 42.6671 ], [ -89.0118, 42.6496 ], [ -89.0312, 42.6497 ], [ -89.0316, 42.6695 ] ] ] } },
{ "type": "Feature", "properties": { "GEOID": "55105001201", "county": "Census Tract 12.01" }, "geometry": { "type": "Polygon", "coordinates": [ [ [ -89.1307, 42.7013 ], [ -89.0633, 42.701 ], [ -89.0522, 42.6957 ], [ -89.0499, 42.6652 ], [ -89.0617, 42.6536 ], [ -89.0644, 42.626 ], [ -89.0708, 42.6215 ], [ -89.0715, 42.6115 ], [ -89.069, 42.6088 ], [ -89.0628, 42.6075 ], [ -89.0601, 42.6037 ], [ -89.0492, 42.6028 ], [ -89.038, 42.5952 ], [ -89.0309, 42.5949 ], [ -89.0216, 42.5843 ], [ -89.1292, 42.5846 ], [ -89.1307, 42.7013 ] ] ] } },
{ "type": "Feature", "properties": { "GEOID": "55107960100", "county": "Census Tract 9601" }, "geometry": { "type": "Polygon", "coordinates": [ [ [ -91.2632, 45.4915 ], [ -91.2546, 45.4954 ], [ -91.2469, 45.5131 ], [ -91.2382, 45.5231 ], [ -91.2315, 45.5287 ], [ -91.2239, 45.5293 ], [ -91.2234, 45.5338 ], [ -91.2287, 45.5347 ], [ -91.2318, 45.5394 ], [ -91.2294, 45.5546 ], [ -91.2258, 45.5609 ], [ -91.2271, 45.5644 ], [ -91.2216, 45.5678 ], [ -91.2198, 45.5724 ], [ -91.224, 45.5731 ], [ -91.2243, 45.5793 ], [ -91.2207, 45.5856 ], [ -91.2019, 45.5882 ], [ -91.1964, 45.5931 ], [ -91.1977, 45.5983 ], [ -91.1944, 45.6015 ], [ -91.1945, 45.6083 ], [ -91.1903, 45.6129 ], [ -91.1869, 45.6278 ], [ -91.1823, 45.6317 ], [ -91.1847, 45.6365 ], [ -91.19, 45.6385 ], [ -90.6787, 45.6383 ], [ -90.6788, 45.3779 ], [ -90.9047, 45.3792 ], [ -90.9033, 45.4479 ], [ -90.9046, 45.4517 ], [ -90.9252, 45.4519 ], [ -90.9245, 45.4655 ], [ -91.0495, 45.4659 ], [ -91.0495, 45.4804 ], [ -91.0598, 45.4803 ], [ -91.0599, 45.4937 ], [ -91.0656, 45.4929 ], [ -91.0714, 45.4862 ], [ -91.0843, 45.4812 ], [ -91.1001, 45.4779 ], [ -91.1004, 45.4799 ], [ -91.1115, 45.4797 ], [ -91.1112, 45.469 ], [ -91.119, 45.4689 ], [ -91.1189, 45.465 ], [ -91.2327, 45.4656 ], [ -91.251, 45.4538 ], [ -91.2579, 45.4521 ], [ -91.2603, 45.4523 ], [ -91.2529, 45.457 ], [ -91.2547, 45.4704 ], [ -91.2501, 45.4725 ], [ -91.2494, 45.4785 ], [ -91.2536, 45.4835 ], [ -91.2523, 45.4884 ], [ -91.2629, 45.4883 ], [ -91.2632, 45.4915 ] ] ] } },
{ "type": "Feature", "properties": { "GEOID": "55107960500", "county": "Census Tract 9605" }, "geometry": { "type": "Polygon", "coordinates": [ [ [ -91.1314, 45.458 ], [ -91.1256, 45.458 ], [ -91.1254, 45.465 ], [ -91.1189, 45.465 ], [ -91.119, 45.4689 ], [ -91.1112, 45.469 ], [ -91.1115, 45.4797 ], [ -91.1004, 45.4799 ], [ -91.1001, 45.4779 ], [ -91.0843, 45.4812 ], [ -91.0714, 45.4862 ], [ -91.0656, 45.4929 ], [ -91.0599, 45.4937 ], [ -91.0598, 45.4803 ], [ -91.0495, 45.4804 ], [ -91.0495, 45.4659 ], [ -91.0699, 45.4657 ], [ -91.07, 45.4513 ], [ -91.0803, 45.4513 ], [ -91.0803, 45.4477 ], [ -91.131, 45.4459 ], [ -91.1314, 45.458 ] ] ] } },
{ "type": "Feature", "properties": { "GEOID": "55117000100", "county": "Census Tract 1" }, "geometry": { "type": "Polygon", "coordinates": [ [ [ -87.7153, 43.7853 ], [ -87.7125, 43.7862 ], [ -87.7055, 43.7734 ], [ -87.696, 43.7646 ], [ -87.7009, 43.7606 ], [ -87.7129, 43.7607 ], [ -87.713, 43.7807 ], [ -87.7153, 43.7853 ] ] ] } },
{ "type": "Feature", "properties": { "GEOID": "55117010700", "county": "Census Tract 107" }, "geometry": { "type": "Polygon", "coordinates": [ [ [ -87.8046, 43.7205 ], [ -87.8002, 43.7261 ], [ -87.8008, 43.8048 ], [ -87.7238, 43.8057 ], [ -87.7153, 43.7905 ], [ -87.7166, 43.7878 ], [ -87.7464, 43.7828 ], [ -87.7496, 43.7779 ], [ -87.7564, 43.778 ], [ -87.7607, 43.7752 ], [ -87.7615, 43.772 ], [ -87.7649, 43.7736 ], [ -87.7654, 43.7575 ], [ -87.7581, 43.7366 ], [ -87.7606, 43.7176 ], [ -87.8002, 43.7177 ], [ -87.8046, 43.7205 ] ] ] } },
{ "type": "Feature", "properties": { "GEOID": "55117011000", "county": "Census Tract 110" }, "geometry": { "type": "Polygon", "coordinates": [ [ [ -88.0406, 43.7176 ], [ -87.9212, 43.7184 ], [ -87.9208, 43.6311 ], [ -88.0399, 43.6306 ], [ -88.0406, 43.7176 ] ] ] } },
{ "type": "Feature", "properties": { "GEOID": "55117010300", "county": "Census Tract 103" }, "geometry": { "type": "Polygon", "coordinates": [ [ [ -88.0418, 43.8917 ], [ -87.9223, 43.892 ], [ -87.9215, 43.8049 ], [ -88.041, 43.8045 ], [ -88.0418, 43.8917 ] ] ] } },
{ "type": "Feature", "properties": { "GEOID": "55117000300", "county": "Census Tract 3" }, "geometry": { "type": "Polygon", "coordinates": [ [ [ -87.7649, 43.7736 ], [ -87.7615, 43.772 ], [ -87.7607, 43.7752 ], [ -87.7564, 43.778 ], [ -87.7496, 43.7779 ], [ -87.7464, 43.7828 ], [ -87.7285, 43.7866 ], [ -87.725, 43.7797 ], [ -87.7241, 43.7643 ], [ -87.7596, 43.7645 ], [ -87.7588, 43.761 ], [ -87.7653, 43.761 ], [ -87.7649, 43.7736 ] ] ] } },
{ "type": "Feature", "properties": { "GEOID": "55117000400", "county": "Census Tract 4" }, "geometry": { "type": "Polygon", "coordinates": [ [ [ -87.7653, 43.761 ], [ -87.7588, 43.761 ], [ -87.7596, 43.7645 ], [ -87.7292, 43.7643 ], [ -87.7306, 43.7449 ], [ -87.7418, 43.7407 ], [ -87.7593, 43.7412 ], [ -87.7653, 43.761 ] ] ] } },
{ "type": "Feature", "properties": { "GEOID": "55117001000", "county": "Census Tract 10" }, "geometry": { "type": "Polygon", "coordinates": [ [ [ -87.7451, 43.7026 ], [ -87.7338, 43.7275 ], [ -87.7281, 43.7321 ], [ -87.7196, 43.732 ], [ -87.7207, 43.7019 ], [ -87.7451, 43.7026 ] ] ] } },
{ "type": "Feature", "properties": { "GEOID": "55119960400", "county": "Census Tract 9604" }, "geometry": { "type": "Polygon", "coordinates": [ [ [ -90.5772, 45.1929 ], [ -90.5769, 45.2049 ], [ -90.4331, 45.2041 ], [ -90.2917, 45.207 ], [ -90.2908, 45.1212 ], [ -90.3316, 45.1209 ], [ -90.3324, 45.1312 ], [ -90.34, 45.1309 ], [ -90.3444, 45.1395 ], [ -90.3333, 45.1419 ], [ -90.3347, 45.149 ], [ -90.3745, 45.1483 ], [ -90.3726, 45.1199 ], [ -90.4338, 45.1178 ], [ -90.5685, 45.1186 ], [ -90.5605, 45.124 ], [ -90.5567, 45.1359 ], [ -90.5566, 45.162 ], [ -90.5595, 45.1682 ], [ -90.5572, 45.1723 ], [ -90.5599, 45.1782 ], [ -90.559, 45.1862 ], [ -90.5533, 45.1907 ], [ -90.5744, 45.1905 ], [ -90.5772, 45.1929 ] ] ] } },
{ "type": "Feature", "properties": { "GEOID": "55105001500", "county": "Census Tract 15" }, "geometry": { "type": "Polygon", "coordinates": [ [ [ -89.0421, 42.4962 ], [ -89.0391, 42.4994 ], [ -89.0391, 42.5072 ], [ -89.0268, 42.5106 ], [ -89.0268, 42.5013 ], [ -89.0163, 42.4997 ], [ -89.0072, 42.5032 ], [ -89.0121, 42.4961 ], [ -89.0421, 42.4962 ] ] ] } },
{ "type": "Feature", "properties": { "GEOID": "55105001900", "county": "Census Tract 19" }, "geometry": { "type": "Polygon", "coordinates": [ [ [ -89.0268, 42.5013 ], [ -89.0268, 42.508 ], [ -89.024, 42.508 ], [ -89.0154, 42.5173 ], [ -89.0075, 42.5036 ], [ -89.0163, 42.4997 ], [ -89.0268, 42.5013 ] ] ] } },
{ "type": "Feature", "properties": { "GEOID": "55105002400", "county": "Census Tract 24" }, "geometry": { "type": "Polygon", "coordinates": [ [ [ -89.0437, 42.565 ], [ -89.0393, 42.5714 ], [ -89.0296, 42.5763 ], [ -89.0286, 42.5801 ], [ -89.0216, 42.5843 ], [ -89.0112, 42.5842 ], [ -89.0116, 42.5467 ], [ -89.0225, 42.5468 ], [ -89.021, 42.5406 ], [ -89.04, 42.5402 ], [ -89.0437, 42.565 ] ] ] } },
{ "type": "Feature", "properties": { "GEOID": "55075960600", "county": "Census Tract 9606" }, "geometry": { "type": "Polygon", "coordinates": [ [ [ -88.1002, 45.3701 ], [ -88.0983, 45.4238 ], [ -88.0957, 45.4239 ], [ -88.0955, 45.4269 ], [ -88.0575, 45.4258 ], [ -88.057, 45.4401 ], [ -88.0373, 45.4402 ], [ -88.037, 45.4543 ], [ -87.9088, 45.4529 ], [ -87.9024, 45.4491 ], [ -87.8985, 45.4433 ], [ -87.8842, 45.4358 ], [ -87.8825, 45.4261 ], [ -87.8741, 45.4239 ], [ -87.8744, 45.4177 ], [ -87.8717, 45.4199 ], [ -87.8625, 45.4207 ], [ -87.8497, 45.4095 ], [ -87.851, 45.4019 ], [ -87.8591, 45.399 ], [ -87.8568, 45.3931 ], [ -87.8594, 45.3882 ], [ -87.8754, 45.3794 ], [ -87.8713, 45.3715 ], [ -87.8848, 45.3628 ], [ -87.8881, 45.3547 ], [ -87.8852, 45.3517 ], [ -87.8798, 45.3515 ], [ -87.8704, 45.3563 ], [ -87.8701, 45.359 ], [ -87.8757, 45.3642 ], [ -87.873, 45.3665 ], [ -87.866, 45.3632 ], [ -87.8635, 45.353 ], [ -87.8504, 45.3475 ], [ -87.8501, 45.3404 ], [ -87.8381, 45.3451 ], [ -87.8326, 45.3522 ], [ -87.8269, 45.3505 ], [ -87.823, 45.3526 ], [ -87.8101, 45.3513 ], [ -87.8005, 45.3536 ], [ -87.7903, 45.3534 ], [ -87.7831, 45.3497 ], [ -87.7714, 45.3512 ], [ -87.7721, 45.3466 ], [ -87.7772, 45.3468 ], [ -87.7776, 45.336 ], [ -87.8083, 45.3362 ], [ -87.8057, 45.3203 ], [ -87.8085, 45.2781 ], [ -87.8242, 45.2783 ], [ -87.8248, 45.2712 ], [ -87.8291, 45.2648 ], [ -87.8424, 45.2571 ], [ -87.8508, 45.259 ], [ -87.8623, 45.2669 ], [ -87.8681, 45.2683 ], [ -87.8751, 45.2608 ], [ -87.9343, 45.2561 ], [ -87.9409, 45.2653 ], [ -87.9549, 45.2701 ], [ -87.9636, 45.2784 ], [ -87.9684, 45.2787 ], [ -87.9703, 45.2833 ], [ -87.9829, 45.2837 ], [ -87.9913, 45.2862 ], [ -87.992, 45.2944 ], [ -88.0324, 45.2945 ], [ -88.033, 45.2979 ], [ -88.0426, 45.3 ], [ -88.0409, 45.3359 ], [ -88.0521, 45.3382 ], [ -88.0567, 45.3456 ], [ -88.0681, 45.3519 ], [ -88.0697, 45.3543 ], [ -88.0664, 45.3559 ], [ -88.0646, 45.3627 ], [ -88.081, 45.364 ], [ -88.0946, 45.37 ], [ -88.1002, 45.3701 ] ] ] } },
{ "type": "Feature", "properties": { "GEOID": "55075960900", "county": "Census Tract 9609" }, "geometry": { "type": "Polygon", "coordinates": [ [ [ -87.8714, 45.1936 ], [ -87.8718, 45.2407 ], [ -87.8522, 45.2418 ], [ -87.8407, 45.2588 ], [ -87.8269, 45.2671 ], [ -87.8242, 45.2783 ], [ -87.8085, 45.2781 ], [ -87.8057, 45.3203 ], [ -87.8083, 45.3362 ], [ -87.7776, 45.336 ], [ -87.7772, 45.3468 ], [ -87.7721, 45.3466 ], [ -87.7714, 45.3512 ], [ -87.7621, 45.3484 ], [ -87.7541, 45.3494 ], [ -87.7509, 45.355 ], [ -87.7385, 45.3572 ], [ -87.7189, 45.3775 ], [ -87.694, 45.3899 ], [ -87.6859, 45.3887 ], [ -87.6829, 45.385 ], [ -87.675, 45.3824 ], [ -87.6735, 45.377 ], [ -87.6573, 45.3687 ], [ -87.6566, 45.3586 ], [ -87.6477, 45.3507 ], [ -87.6481, 45.3394 ], [ -87.6616, 45.3276 ], [ -87.6615, 45.3214 ], [ -87.6727, 45.3102 ], [ -87.6719, 45.3082 ], [ -87.6791, 45.3058 ], [ -87.6875, 45.2981 ], [ -87.6904, 45.2903 ], [ -87.6982, 45.2815 ], [ -87.6988, 45.2694 ], [ -87.7058, 45.2659 ], [ -87.7104, 45.2593 ], [ -87.7078, 45.2583 ], [ -87.7111, 45.2529 ], [ -87.7113, 45.24 ], [ -87.7183, 45.2383 ], [ -87.7252, 45.2315 ], [ -87.7214, 45.2268 ], [ -87.727, 45.2189 ], [ -87.7262, 45.2094 ], [ -87.7363, 45.2047 ], [ -87.7418, 45.197 ], [ -87.7352, 45.1776 ], [ -87.7361, 45.1722 ], [ -87.7278, 45.1696 ], [ -87.7179, 45.1612 ], [ -87.7101, 45.159 ], [ -87.7035, 45.1522 ], [ -87.6924, 45.1495 ], [ -87.6839, 45.1441 ], [ -87.6758, 45.1351 ], [ -87.6785, 45.1312 ], [ -87.6724, 45.1213 ], [ -87.6613, 45.1126 ], [ -87.6622, 45.1067 ], [ -87.6641, 45.1054 ], [ -87.7027, 45.1212 ], [ -87.7246, 45.1211 ], [ -87.7231, 45.1001 ], [ -87.7436, 45.1007 ], [ -87.7534, 45.1064 ], [ -87.8227, 45.1066 ], [ -87.8225, 45.1248 ], [ -87.8431, 45.1248 ], [ -87.8431, 45.135 ], [ -87.8356, 45.1376 ], [ -87.8341, 45.1414 ], [ -87.8296, 45.1406 ], [ -87.8304, 45.1433 ], [ -87.8213, 45.1445 ], [ -87.8213, 45.1521 ], [ -87.8257, 45.1556 ], [ -87.8259, 45.159 ], [ -87.8217, 45.1635 ], [ -87.8481, 45.1739 ], [ -87.8479, 45.179 ], [ -87.8577, 45.1795 ], [ -87.8714, 45.1936 ] ] ] } },
{ "type": "Feature", "properties": { "GEOID": "55075960100", "county": "Census Tract 9601" }, "geometry": { "type": "Polygon", "coordinates": [ [ [ -88.0593, 45.7099 ], [ -88.0583, 45.7807 ], [ -88.0417, 45.7837 ], [ -88.0397, 45.7896 ], [ -88.0272, 45.7892 ], [ -88.0176, 45.7924 ], [ -88.007, 45.7922 ], [ -87.9915, 45.7954 ], [ -87.9879, 45.7931 ], [ -87.9809, 45.777 ], [ -87.9897, 45.772 ], [ -87.967, 45.764 ], [ -87.9635, 45.7582 ], [ -87.9455, 45.7567 ], [ -87.9291, 45.7604 ], [ -87.922, 45.757 ], [ -87.9173, 45.7595 ], [ -87.9113, 45.7565 ], [ -87.9059, 45.7594 ], [ -87.8984, 45.7525 ], [ -87.8823, 45.7548 ], [ -87.8758, 45.7539 ], [ -87.8733, 45.7504 ], [ -87.8681, 45.7495 ], [ -87.8622, 45.745 ], [ -87.8643, 45.7371 ], [ -87.8555, 45.7269 ], [ -87.8373, 45.7169 ], [ -87.8101, 45.7102 ], [ -87.8051, 45.705 ], [ -87.8091, 45.6997 ], [ -87.7822, 45.683 ], [ -87.7816, 45.6733 ], [ -87.7954, 45.6713 ], [ -87.8033, 45.6665 ], [ -87.8232, 45.6627 ], [ -87.8247, 45.6532 ], [ -87.8241, 45.6471 ], [ -87.8102, 45.6387 ], [ -87.8045, 45.6289 ], [ -87.797, 45.6236 ], [ -87.7959, 45.6188 ], [ -87.7808, 45.6146 ], [ -87.7776, 45.604 ], [ -87.7747, 45.602 ], [ -87.7772, 45.5885 ], [ -87.7857, 45.584 ], [ -87.7875, 45.5795 ], [ -87.7928, 45.5791 ], [ -87.7961, 45.574 ], [ -87.8084, 45.574 ], [ -87.815, 45.5714 ], [ -87.8318, 45.575 ], [ -87.8448, 45.5809 ], [ -87.9342, 45.5826 ], [ -87.9512, 45.5898 ], [ -87.9944, 45.5903 ], [ -87.9959, 45.6251 ], [ -87.9902, 45.6353 ], [ -87.9692, 45.6439 ], [ -87.9651, 45.6477 ], [ -87.9612, 45.6602 ], [ -87.9616, 45.6783 ], [ -87.9517, 45.7002 ], [ -87.9657, 45.7032 ], [ -87.9741, 45.6976 ], [ -87.9867, 45.6966 ], [ -87.9966, 45.6878 ], [ -88.0019, 45.6873 ], [ -88.0064, 45.6828 ], [ -88.0186, 45.6851 ], [ -88.0202, 45.6873 ], [ -88.027, 45.6852 ], [ -88.035, 45.6913 ], [ -88.0362, 45.696 ], [ -88.044, 45.7008 ], [ -88.0444, 45.704 ], [ -88.0593, 45.7099 ] ] ] } },
{ "type": "Feature", "properties": { "GEOID": "55075961100", "county": "Census Tract 9611" }, "geometry": { "type": "Polygon", "coordinates": [ [ [ -87.9444, 44.9931 ], [ -87.943, 45.0494 ], [ -87.882, 45.0486 ], [ -87.8811, 45.1067 ], [ -87.7553, 45.1064 ], [ -87.7512, 45.1017 ], [ -87.7543, 45.0964 ], [ -87.7494, 45.0852 ], [ -87.7434, 45.0851 ], [ -87.741, 45.0711 ], [ -87.7213, 45.0717 ], [ -87.719, 45.0337 ], [ -87.7368, 45.0418 ], [ -87.7418, 45.0482 ], [ -87.7789, 45.0379 ], [ -87.7804, 44.9906 ], [ -87.8834, 44.9905 ], [ -87.8833, 44.993 ], [ -87.9444, 44.9931 ] ] ] } },
{ "type": "Feature", "properties": { "GEOID": "55075961200", "county": "Census Tract 9612" }, "geometry": { "type": "Polygon", "coordinates": [ [ [ -87.7789, 45.0379 ], [ -87.7418, 45.0482 ], [ -87.7368, 45.0418 ], [ -87.719, 45.0337 ], [ -87.7213, 45.0717 ], [ -87.741, 45.0711 ], [ -87.7434, 45.0851 ], [ -87.7494, 45.0852 ], [ -87.7543, 45.0964 ], [ -87.7512, 45.1017 ], [ -87.7553, 45.1064 ], [ -87.7417, 45.1004 ], [ -87.6923, 45.0999 ], [ -87.6914, 45.0854 ], [ -87.6606, 45.0863 ], [ -87.6583, 45.0568 ], [ -87.6204, 45.0559 ], [ -87.6257, 45.0452 ], [ -87.6247, 45.0142 ], [ -87.6289, 44.9867 ], [ -87.6312, 44.9844 ], [ -87.6455, 44.9852 ], [ -87.6544, 44.9821 ], [ -87.6582, 44.9798 ], [ -87.6592, 44.9725 ], [ -87.6733, 44.9751 ], [ -87.6966, 44.9752 ], [ -87.7624, 44.9666 ], [ -87.7601, 44.9905 ], [ -87.7804, 44.9906 ], [ -87.7789, 45.0379 ] ] ] } },
{ "type": "Feature", "properties": { "GEOID": "55069961000", "county": "Census Tract 9610" }, "geometry": { "type": "Polygon", "coordinates": [ [ [ -89.6931, 45.1634 ], [ -89.6829, 45.1764 ], [ -89.6831, 45.185 ], [ -89.6883, 45.1851 ], [ -89.6883, 45.1926 ], [ -89.683, 45.1948 ], [ -89.678, 45.1922 ], [ -89.6466, 45.1924 ], [ -89.6446, 45.153 ], [ -89.6409, 45.1387 ], [ -89.6512, 45.1407 ], [ -89.6532, 45.15 ], [ -89.6641, 45.1565 ], [ -89.672, 45.1514 ], [ -89.6728, 45.1633 ], [ -89.6931, 45.1634 ] ] ] } },
{ "type": "Feature", "properties": { "GEOID": "55069960100", "county": "Census Tract 9601" }, "geometry": { "type": "Polygon", "coordinates": [ [ [ -89.7293, 45.4963 ], [ -89.7084, 45.5324 ], [ -89.7195, 45.5389 ], [ -89.718, 45.5503 ], [ -89.7143, 45.5555 ], [ -89.4283, 45.5553 ], [ -89.4245, 45.4136 ], [ -89.4474, 45.4042 ], [ -89.4527, 45.3983 ], [ -89.461, 45.3988 ], [ -89.4618, 45.4102 ], [ -89.4682, 45.4102 ], [ -89.4737, 45.4165 ], [ -89.48, 45.4186 ], [ -89.4856, 45.4158 ], [ -89.4923, 45.4244 ], [ -89.5047, 45.4303 ], [ -89.5134, 45.4285 ], [ -89.5117, 45.4242 ], [ -89.5178, 45.4249 ], [ -89.5233, 45.4216 ], [ -89.535, 45.4286 ], [ -89.5472, 45.4311 ], [ -89.5577, 45.4292 ], [ -89.5665, 45.4306 ], [ -89.5687, 45.4272 ], [ -89.5787, 45.4274 ], [ -89.579, 45.4487 ], [ -89.6097, 45.4494 ], [ -89.6099, 45.4697 ], [ -89.6148, 45.4748 ], [ -89.6285, 45.4695 ], [ -89.6825, 45.4704 ], [ -89.6818, 45.4825 ], [ -89.6732, 45.4824 ], [ -89.6747, 45.4931 ], [ -89.6722, 45.4963 ], [ -89.7293, 45.4963 ] ] ] } },
{ "type": "Feature", "properties": { "GEOID": "55069960300", "county": "Census Tract 9603" }, "geometry": { "type": "Polygon", "coordinates": [ [ [ -90.0434, 45.5551 ], [ -89.7143, 45.5555 ], [ -89.718, 45.5503 ], [ -89.7195, 45.5389 ], [ -89.7084, 45.5324 ], [ -89.725, 45.503 ], [ -89.729, 45.4973 ], [ -89.7381, 45.5002 ], [ -89.7393, 45.5028 ], [ -89.7489, 45.4979 ], [ -89.7505, 45.4912 ], [ -89.7531, 45.491 ], [ -89.7518, 45.4877 ], [ -89.755, 45.4877 ], [ -89.7549, 45.4913 ], [ -89.7601, 45.4926 ], [ -89.7574, 45.4844 ], [ -89.76, 45.4845 ], [ -89.7631, 45.4785 ], [ -89.7385, 45.4603 ], [ -89.7329, 45.4536 ], [ -89.7313, 45.4425 ], [ -89.7198, 45.4359 ], [ -89.7258, 45.4337 ], [ -89.7297, 45.4359 ], [ -89.7362, 45.4357 ], [ -89.7386, 45.4373 ], [ -89.7387, 45.4443 ], [ -89.7435, 45.4466 ], [ -89.7493, 45.4464 ], [ -89.7494, 45.4429 ], [ -89.779, 45.4481 ], [ -89.7957, 45.4451 ], [ -89.7956, 45.4534 ], [ -89.8052, 45.454 ], [ -89.9623, 45.4533 ], [ -89.9742, 45.4564 ], [ -89.984, 45.453 ], [ -90.0427, 45.454 ], [ -90.0434, 45.5551 ] ] ] } },
{ "type": "Feature", "properties": { "GEOID": "55069960600", "county": "Census Tract 9606" }, "geometry": { "type": "Polygon", "coordinates": [ [ [ -89.7969, 45.1996 ], [ -89.7856, 45.1996 ], [ -89.7862, 45.2075 ], [ -89.7812, 45.2091 ], [ -89.7799, 45.2032 ], [ -89.7656, 45.2025 ], [ -89.7647, 45.1924 ], [ -89.7596, 45.1923 ], [ -89.7599, 45.1779 ], [ -89.7548, 45.1779 ], [ -89.7546, 45.1707 ], [ -89.7343, 45.1708 ], [ -89.7338, 45.1661 ], [ -89.7308, 45.17 ], [ -89.7237, 45.1731 ], [ -89.7189, 45.1712 ], [ -89.7088, 45.1736 ], [ -89.7086, 45.1634 ], [ -89.6728, 45.1633 ], [ -89.672, 45.1514 ], [ -89.6641, 45.1565 ], [ -89.6532, 45.15 ], [ -89.6512, 45.1407 ], [ -89.6409, 45.1387 ], [ -89.6468, 45.1752 ], [ -89.6466, 45.1924 ], [ -89.6415, 45.1924 ], [ -89.641, 45.2013 ], [ -89.5986, 45.2208 ], [ -89.5762, 45.2493 ], [ -89.5602, 45.2525 ], [ -89.5433, 45.2683 ], [ -89.5484, 45.2684 ], [ -89.5487, 45.3301 ], [ -89.5273, 45.33 ], [ -89.527, 45.337 ], [ -89.5234, 45.3372 ], [ -89.465, 45.3356 ], [ -89.4245, 45.3367 ], [ -89.426, 45.1191 ], [ -89.7967, 45.1199 ], [ -89.7969, 45.1996 ] ] ] } },
{ "type": "Feature", "properties": { "GEOID": "55133201900", "county": "Census Tract 2019" }, "geometry": { "type": "Polygon", "coordinates": [ [ [ -88.161, 42.8429 ], [ -88.1589, 42.8671 ], [ -88.146, 42.8797 ], [ -88.143, 42.8869 ], [ -88.1228, 42.9 ], [ -88.0696, 42.9219 ], [ -88.0699, 42.8433 ], [ -88.161, 42.8429 ] ] ] } },
{ "type": "Feature", "properties": { "GEOID": "55133200101", "county": "Census Tract 2001.01" }, "geometry": { "type": "Polygon", "coordinates": [ [ [ -88.1439, 43.1627 ], [ -88.1427, 43.1921 ], [ -88.1235, 43.1905 ], [ -88.1237, 43.1703 ], [ -88.1336, 43.1702 ], [ -88.1339, 43.1629 ], [ -88.1439, 43.1627 ] ] ] } },
{ "type": "Feature", "properties": { "GEOID": "55133204400", "county": "Census Tract 2044" }, "geometry": { "type": "Polygon", "coordinates": [ [ [ -88.5393, 43.1291 ], [ -88.5383, 43.1511 ], [ -88.5026, 43.1505 ], [ -88.4997, 43.1519 ], [ -88.4994, 43.1114 ], [ -88.5162, 43.1165 ], [ -88.5393, 43.1291 ] ] ] } },
{ "type": "Feature", "properties": { "GEOID": "55133202201", "county": "Census Tract 2022.01" }, "geometry": { "type": "Polygon", "coordinates": [ [ [ -88.2904, 43.0034 ], [ -88.286, 43.0131 ], [ -88.2585, 43.0132 ], [ -88.2659, 43.0033 ], [ -88.2655, 42.9949 ], [ -88.2628, 42.9936 ], [ -88.2671, 42.9885 ], [ -88.2889, 42.9886 ], [ -88.2904, 43.0034 ] ] ] } },
{ "type": "Feature", "properties": { "GEOID": "55133202301", "county": "Census Tract 2023.01" }, "geometry": { "type": "Polygon", "coordinates": [ [ [ -88.2647, 42.9897 ], [ -88.261, 42.9932 ], [ -88.2546, 42.9943 ], [ -88.252, 42.9975 ], [ -88.2551, 42.999 ], [ -88.2494, 43.0031 ], [ -88.2437, 43.005 ], [ -88.2437, 43.0028 ], [ -88.2368, 43.0029 ], [ -88.2404, 42.9592 ], [ -88.259, 42.9592 ], [ -88.2572, 42.9884 ], [ -88.2647, 42.9897 ] ] ] } },
{ "type": "Feature", "properties": { "GEOID": "55133202101", "county": "Census Tract 2021.01" }, "geometry": { "type": "Polygon", "coordinates": [ [ [ -88.3213, 42.9641 ], [ -88.3058, 42.9724 ], [ -88.3055, 42.9882 ], [ -88.265, 42.9885 ], [ -88.2678, 42.9851 ], [ -88.2649, 42.9768 ], [ -88.2687, 42.9745 ], [ -88.2659, 42.9726 ], [ -88.275, 42.9635 ], [ -88.2782, 42.9635 ], [ -88.2779, 42.9545 ], [ -88.2872, 42.9504 ], [ -88.2879, 42.9451 ], [ -88.2917, 42.9477 ], [ -88.2922, 42.945 ], [ -88.2953, 42.9461 ], [ -88.2963, 42.9484 ], [ -88.2999, 42.9483 ], [ -88.3025, 42.945 ], [ -88.2966, 42.9447 ], [ -88.2965, 42.9369 ], [ -88.2947, 42.9376 ], [ -88.2877, 42.93 ], [ -88.3068, 42.9299 ], [ -88.309, 42.9408 ], [ -88.3162, 42.9408 ], [ -88.3204, 42.9496 ], [ -88.3177, 42.9513 ], [ -88.3213, 42.9641 ] ] ] } },
{ "type": "Feature", "properties": { "GEOID": "55133200901", "county": "Census Tract 2009.01" }, "geometry": { "type": "Polygon", "coordinates": [ [ [ -88.1059, 43.075 ], [ -88.1059, 43.0896 ], [ -88.0663, 43.0888 ], [ -88.0668, 43.0599 ], [ -88.0864, 43.0605 ], [ -88.0864, 43.0751 ], [ -88.1059, 43.075 ] ] ] } },
{ "type": "Feature", "properties": { "GEOID": "55133203601", "county": "Census Tract 2036.01" }, "geometry": { "type": "Polygon", "coordinates": [ [ [ -88.3726, 43.1172 ], [ -88.3683, 43.1202 ], [ -88.3603, 43.1206 ], [ -88.313, 43.1196 ], [ -88.3134, 43.1045 ], [ -88.3283, 43.1094 ], [ -88.3456, 43.1096 ], [ -88.3487, 43.0922 ], [ -88.354, 43.092 ], [ -88.3631, 43.0865 ], [ -88.3627, 43.1056 ], [ -88.3726, 43.106 ], [ -88.3726, 43.1172 ] ] ] } },
{ "type": "Feature", "properties": { "GEOID": "55133203602", "county": "Census Tract 2036.02" }, "geometry": { "type": "Polygon", "coordinates": [ [ [ -88.3485, 43.0892 ], [ -88.3456, 43.1096 ], [ -88.3283, 43.1094 ], [ -88.3134, 43.1045 ], [ -88.3136, 43.0826 ], [ -88.3435, 43.083 ], [ -88.3432, 43.0883 ], [ -88.3485, 43.0892 ] ] ] } },
{ "type": "Feature", "properties": { "GEOID": "55133202103", "county": "Census Tract 2021.03" }, "geometry": { "type": "Polygon", "coordinates": [ [ [ -88.228, 42.9594 ], [ -88.2231, 42.9594 ], [ -88.2257, 42.9741 ], [ -88.2241, 42.9884 ], [ -88.2006, 42.987 ], [ -88.1946, 42.9754 ], [ -88.198, 42.9671 ], [ -88.1989, 42.9301 ], [ -88.2287, 42.9302 ], [ -88.228, 42.9594 ] ] ] } },
{ "type": "Feature", "properties": { "GEOID": "55133201403", "county": "Census Tract 2014.03" }, "geometry": { "type": "Polygon", "coordinates": [ [ [ -88.1276, 43.0024 ], [ -88.127, 43.0169 ], [ -88.0871, 43.0165 ], [ -88.0881, 43.0029 ], [ -88.1276, 43.0024 ] ] ] } },
{ "type": "Feature", "properties": { "GEOID": "55097960100", "county": "Census Tract 9601" }, "geometry": { "type": "Polygon", "coordinates": [ [ [ -89.5044, 44.5524 ], [ -89.4994, 44.5528 ], [ -89.5014, 44.5779 ], [ -89.4897, 44.5884 ], [ -89.4923, 44.599 ], [ -89.4893, 44.6098 ], [ -89.4897, 44.6382 ], [ -89.4788, 44.6513 ], [ -89.4676, 44.6558 ], [ -89.4611, 44.6655 ], [ -89.4435, 44.6805 ], [ -89.4316, 44.6841 ], [ -89.3459, 44.6814 ], [ -89.2237, 44.6814 ], [ -89.2233, 44.504 ], [ -89.3211, 44.504 ], [ -89.3306, 44.5148 ], [ -89.3654, 44.5161 ], [ -89.3842, 44.5207 ], [ -89.426, 44.5235 ], [ -89.4254, 44.5389 ], [ -89.5043, 44.5417 ], [ -89.5044, 44.5524 ] ] ] } },
{ "type": "Feature", "properties": { "GEOID": "55097960600", "county": "Census Tract 9606" }, "geometry": { "type": "Polygon", "coordinates": [ [ [ -89.4887, 44.4836 ], [ -89.4776, 44.4826 ], [ -89.4773, 44.5117 ], [ -89.4468, 44.5102 ], [ -89.4464, 44.5212 ], [ -89.4259, 44.5204 ], [ -89.426, 44.5235 ], [ -89.3842, 44.5207 ], [ -89.3654, 44.5161 ], [ -89.3306, 44.5148 ], [ -89.3211, 44.504 ], [ -89.2233, 44.504 ], [ -89.2238, 44.4042 ], [ -89.2342, 44.4089 ], [ -89.2338, 44.4031 ], [ -89.2787, 44.4032 ], [ -89.2808, 44.3981 ], [ -89.2851, 44.3984 ], [ -89.2998, 44.3998 ], [ -89.3091, 44.4078 ], [ -89.3247, 44.4135 ], [ -89.3655, 44.4171 ], [ -89.3855, 44.4166 ], [ -89.3981, 44.4214 ], [ -89.469, 44.4243 ], [ -89.482, 44.4321 ], [ -89.4883, 44.4326 ], [ -89.4887, 44.4836 ] ] ] } },
{ "type": "Feature", "properties": { "GEOID": "55097960200", "county": "Census Tract 9602" }, "geometry": { "type": "Polygon", "coordinates": [ [ [ -89.8449, 44.6849 ], [ -89.4899, 44.6858 ], [ -89.4316, 44.6841 ], [ -89.4435, 44.6805 ], [ -89.45, 44.6758 ], [ -89.4676, 44.6558 ], [ -89.4788, 44.6513 ], [ -89.489, 44.6397 ], [ -89.4894, 44.6134 ], [ -89.54, 44.6136 ], [ -89.5401, 44.5978 ], [ -89.5452, 44.5963 ], [ -89.5475, 44.5914 ], [ -89.5749, 44.5848 ], [ -89.576, 44.5815 ], [ -89.5835, 44.5791 ], [ -89.5887, 44.5716 ], [ -89.5958, 44.5681 ], [ -89.598, 44.558 ], [ -89.6147, 44.5418 ], [ -89.6062, 44.5309 ], [ -89.5891, 44.5221 ], [ -89.5932, 44.5203 ], [ -89.5975, 44.5245 ], [ -89.6073, 44.5259 ], [ -89.6119, 44.5237 ], [ -89.6073, 44.5189 ], [ -89.7268, 44.5185 ], [ -89.7267, 44.5112 ], [ -89.8445, 44.5115 ], [ -89.8449, 44.6849 ] ] ] } },
{ "type": "Feature", "properties": { "GEOID": "55097960800", "county": "Census Tract 9608" }, "geometry": { "type": "Polygon", "coordinates": [ [ [ -89.5724, 44.512 ], [ -89.5644, 44.5121 ], [ -89.5646, 44.5137 ], [ -89.5596, 44.5138 ], [ -89.5596, 44.5158 ], [ -89.5546, 44.5159 ], [ -89.5558, 44.5195 ], [ -89.5496, 44.5196 ], [ -89.5494, 44.5233 ], [ -89.5368, 44.5234 ], [ -89.5374, 44.5168 ], [ -89.5414, 44.5127 ], [ -89.5288, 44.5125 ], [ -89.5284, 44.4975 ], [ -89.5345, 44.4973 ], [ -89.5441, 44.4926 ], [ -89.5526, 44.4925 ], [ -89.5627, 44.4992 ], [ -89.5724, 44.512 ] ] ] } },
{ "type": "Feature", "properties": { "GEOID": "55093960500", "county": "Census Tract 9605" }, "geometry": { "type": "Polygon", "coordinates": [ [ [ -92.808, 44.7515 ], [ -92.8003, 44.7774 ], [ -92.7852, 44.7923 ], [ -92.7804, 44.8126 ], [ -92.7727, 44.8214 ], [ -92.7723, 44.828 ], [ -92.7661, 44.835 ], [ -92.7691, 44.862 ], [ -92.6539, 44.8627 ], [ -92.6523, 44.8597 ], [ -92.6567, 44.8568 ], [ -92.6481, 44.8565 ], [ -92.6483, 44.8536 ], [ -92.6423, 44.8498 ], [ -92.6431, 44.8455 ], [ -92.6447, 44.8438 ], [ -92.6504, 44.8477 ], [ -92.6552, 44.8446 ], [ -92.6534, 44.8404 ], [ -92.6624, 44.8398 ], [ -92.6423, 44.8265 ], [ -92.6366, 44.8257 ], [ -92.6448, 44.8217 ], [ -92.6458, 44.7961 ], [ -92.6609, 44.7904 ], [ -92.6701, 44.7903 ], [ -92.6702, 44.7636 ], [ -92.7008, 44.7686 ], [ -92.6997, 44.7408 ], [ -92.6901, 44.7386 ], [ -92.6901, 44.7234 ], [ -92.6762, 44.7203 ], [ -92.6728, 44.7176 ], [ -92.6821, 44.7036 ], [ -92.6941, 44.6944 ], [ -92.6993, 44.6922 ], [ -92.7373, 44.7171 ], [ -92.757, 44.7238 ], [ -92.8024, 44.7452 ], [ -92.808, 44.7515 ] ] ] } },
{ "type": "Feature", "properties": { "GEOID": "55093960300", "county": "Census Tract 9603" }, "geometry": { "type": "Polygon", "coordinates": [ [ [ -92.6294, 44.8542 ], [ -92.6239, 44.8626 ], [ -92.5524, 44.8625 ], [ -92.5594, 44.8506 ], [ -92.6032, 44.8498 ], [ -92.6089, 44.8513 ], [ -92.6089, 44.8483 ], [ -92.6121, 44.848 ], [ -92.6179, 44.8511 ], [ -92.6255, 44.8502 ], [ -92.6294, 44.8542 ] ] ] } },
{ "type": "Feature", "properties": { "GEOID": "55093960400", "county": "Census Tract 9604" }, "geometry": { "type": "Polygon", "coordinates": [ [ [ -92.6621, 44.8399 ], [ -92.6534, 44.8404 ], [ -92.6552, 44.8446 ], [ -92.6504, 44.8477 ], [ -92.6447, 44.8438 ], [ -92.6431, 44.8455 ], [ -92.6423, 44.8498 ], [ -92.6483, 44.8536 ], [ -92.6481, 44.8565 ], [ -92.6567, 44.8568 ], [ -92.6523, 44.8597 ], [ -92.6539, 44.8627 ], [ -92.6239, 44.8626 ], [ -92.6293, 44.8523 ], [ -92.6089, 44.8483 ], [ -92.6084, 44.8409 ], [ -92.6293, 44.8408 ], [ -92.6274, 44.8339 ], [ -92.6366, 44.8257 ], [ -92.6423, 44.8265 ], [ -92.6621, 44.8399 ] ] ] } },
{ "type": "Feature", "properties": { "GEOID": "55093960700", "county": "Census Tract 9607" }, "geometry": { "type": "Polygon", "coordinates": [ [ [ -92.5529, 44.7319 ], [ -92.5529, 44.7537 ], [ -92.5479, 44.7578 ], [ -92.5477, 44.7653 ], [ -92.5352, 44.771 ], [ -92.5178, 44.7718 ], [ -92.5107, 44.7742 ], [ -92.4883, 44.7718 ], [ -92.4686, 44.7814 ], [ -92.45, 44.7757 ], [ -92.3755, 44.7754 ], [ -92.3758, 44.7216 ], [ -92.3707, 44.7178 ], [ -92.3714, 44.7143 ], [ -92.3636, 44.7155 ], [ -92.3645, 44.7125 ], [ -92.3568, 44.7107 ], [ -92.3586, 44.7065 ], [ -92.3482, 44.706 ], [ -92.3452, 44.7076 ], [ -92.3413, 44.7037 ], [ -92.3509, 44.7007 ], [ -92.3586, 44.6954 ], [ -92.3757, 44.6959 ], [ -92.3757, 44.6887 ], [ -92.371, 44.6835 ], [ -92.3756, 44.6789 ], [ -92.3756, 44.6742 ], [ -92.3962, 44.6749 ], [ -92.396, 44.6887 ], [ -92.4936, 44.6888 ], [ -92.4871, 44.6985 ], [ -92.4869, 44.7248 ], [ -92.4971, 44.7248 ], [ -92.4972, 44.732 ], [ -92.515, 44.7318 ], [ -92.5247, 44.7281 ], [ -92.5344, 44.732 ], [ -92.5529, 44.7319 ] ] ] } },
{ "type": "Feature", "properties": { "GEOID": "55099970700", "county": "Census Tract 9707" }, "geometry": { "type": "Polygon", "coordinates": [ [ [ -90.6796, 45.5369 ], [ -90.6637, 45.5451 ], [ -90.6639, 45.5478 ], [ -90.6539, 45.547 ], [ -90.6412, 45.5524 ], [ -90.5562, 45.5518 ], [ -90.5562, 45.5663 ], [ -90.5326, 45.5656 ], [ -90.5329, 45.609 ], [ -90.5188, 45.6088 ], [ -90.5127, 45.6145 ], [ -90.5127, 45.6223 ], [ -90.5029, 45.6228 ], [ -90.5019, 45.6308 ], [ -90.4457, 45.6289 ], [ -90.4334, 45.6352 ], [ -90.392, 45.6376 ], [ -90.3932, 45.6159 ], [ -90.4079, 45.6151 ], [ -90.4059, 45.577 ], [ -90.4088, 45.564 ], [ -90.419, 45.5638 ], [ -90.419, 45.5432 ], [ -90.3463, 45.542 ], [ -90.2998, 45.5527 ], [ -90.2695, 45.5536 ], [ -90.2688, 45.5323 ], [ -90.276, 45.5314 ], [ -90.2705, 45.5252 ], [ -90.2821, 45.51 ], [ -90.2907, 45.5097 ], [ -90.2903, 45.4612 ], [ -90.2837, 45.4599 ], [ -90.282, 45.4487 ], [ -90.2943, 45.446 ], [ -90.2952, 45.4389 ], [ -90.2976, 45.4389 ], [ -90.3005, 45.4045 ], [ -90.298, 45.3808 ], [ -90.5037, 45.3772 ], [ -90.6788, 45.3779 ], [ -90.6796, 45.5369 ] ] ] } },
{ "type": "Feature", "properties": { "GEOID": "55099970600", "county": "Census Tract 9706" }, "geometry": { "type": "Polygon", "coordinates": [ [ [ -90.523, 45.6381 ], [ -90.4821, 45.6373 ], [ -90.4779, 45.6394 ], [ -90.4656, 45.6369 ], [ -90.4595, 45.6468 ], [ -90.459, 45.6555 ], [ -90.4626, 45.6618 ], [ -90.4607, 45.6658 ], [ -90.4352, 45.6827 ], [ -90.4351, 45.6791 ], [ -90.4167, 45.6795 ], [ -90.4166, 45.6724 ], [ -90.3964, 45.6732 ], [ -90.3959, 45.6769 ], [ -90.391, 45.677 ], [ -90.3909, 45.6806 ], [ -90.3634, 45.683 ], [ -90.3537, 45.682 ], [ -90.343, 45.6763 ], [ -90.3303, 45.6768 ], [ -90.3169, 45.6735 ], [ -90.3091, 45.6737 ], [ -90.2962, 45.667 ], [ -90.2809, 45.6636 ], [ -90.2672, 45.6569 ], [ -90.1879, 45.6571 ], [ -90.1875, 45.6715 ], [ -90.105, 45.6724 ], [ -90.1048, 45.6602 ], [ -90.0991, 45.6578 ], [ -90.0973, 45.6477 ], [ -90.0933, 45.6451 ], [ -90.0833, 45.6443 ], [ -90.0764, 45.6465 ], [ -90.0754, 45.6512 ], [ -90.0636, 45.6509 ], [ -90.0556, 45.6597 ], [ -90.0438, 45.6626 ], [ -90.0423, 45.3819 ], [ -90.298, 45.3808 ], [ -90.3005, 45.4045 ], [ -90.2976, 45.4389 ], [ -90.2952, 45.4389 ], [ -90.2943, 45.446 ], [ -90.282, 45.4487 ], [ -90.2837, 45.4599 ], [ -90.2903, 45.4612 ], [ -90.2907, 45.5097 ], [ -90.2821, 45.51 ], [ -90.2705, 45.5252 ], [ -90.276, 45.5314 ], [ -90.2688, 45.5323 ], [ -90.2695, 45.5536 ], [ -90.2998, 45.5527 ], [ -90.3463, 45.542 ], [ -90.419, 45.5432 ], [ -90.419, 45.5638 ], [ -90.4088, 45.564 ], [ -90.4059, 45.577 ], [ -90.4079, 45.6151 ], [ -90.3932, 45.6159 ], [ -90.392, 45.6376 ], [ -90.4334, 45.6352 ], [ -90.4457, 45.6289 ], [ -90.5019, 45.6308 ], [ -90.5029, 45.6228 ], [ -90.5118, 45.6231 ], [ -90.5127, 45.6195 ], [ -90.5166, 45.6198 ], [ -90.521, 45.6257 ], [ -90.5245, 45.634 ], [ -90.523, 45.6381 ] ] ] } },
{ "type": "Feature", "properties": { "GEOID": "55089660202", "county": "Census Tract 6602.02" }, "geometry": { "type": "Polygon", "coordinates": [ [ [ -88.004, 43.279 ], [ -87.9919, 43.2793 ], [ -87.9904, 43.2761 ], [ -87.9792, 43.2743 ], [ -87.9793, 43.2795 ], [ -87.903, 43.2803 ], [ -87.9118, 43.2504 ], [ -87.9639, 43.2506 ], [ -87.9638, 43.2389 ], [ -87.9685, 43.2394 ], [ -87.9689, 43.2434 ], [ -87.9888, 43.2435 ], [ -87.989, 43.2254 ], [ -87.9845, 43.2254 ], [ -87.9647, 43.1924 ], [ -88.0038, 43.1926 ], [ -88.004, 43.279 ] ] ] } },
{ "type": "Feature", "properties": { "GEOID": "55089660304", "county": "Census Tract 6603.04" }, "geometry": { "type": "Polygon", "coordinates": [ [ [ -87.9241, 43.1921 ], [ -87.9213, 43.2212 ], [ -87.9005, 43.2195 ], [ -87.8967, 43.2143 ], [ -87.8963, 43.1971 ], [ -87.8921, 43.192 ], [ -87.9241, 43.1921 ] ] ] } },
{ "type": "Feature", "properties": { "GEOID": "55089620100", "county": "Census Tract 6201" }, "geometry": { "type": "Polygon", "coordinates": [ [ [ -88.0401, 43.3673 ], [ -88.0407, 43.4545 ], [ -87.9205, 43.4558 ], [ -87.9202, 43.3683 ], [ -88.0401, 43.3673 ] ] ] } },
{ "type": "Feature", "properties": { "GEOID": "55139002500", "county": "Census Tract 25" }, "geometry": { "type": "Polygon", "coordinates": [ [ [ -88.4464, 44.2382 ], [ -88.4365, 44.2443 ], [ -88.4041, 44.2441 ], [ -88.4039, 44.2338 ], [ -88.4358, 44.2341 ], [ -88.4396, 44.23 ], [ -88.4441, 44.2299 ], [ -88.4441, 44.2378 ], [ -88.4464, 44.2382 ] ] ] } },
{ "type": "Feature", "properties": { "GEOID": "55139001900", "county": "Census Tract 19" }, "geometry": { "type": "Polygon", "coordinates": [ [ [ -88.6444, 43.8946 ], [ -88.644, 43.9821 ], [ -88.6033, 43.9818 ], [ -88.6017, 43.9802 ], [ -88.5967, 43.9819 ], [ -88.4033, 43.98 ], [ -88.4032, 43.893 ], [ -88.6444, 43.8946 ] ] ] } },
{ "type": "Feature", "properties": { "GEOID": "55139002601", "county": "Census Tract 26.01" }, "geometry": { "type": "Polygon", "coordinates": [ [ [ -88.4676, 44.2193 ], [ -88.4633, 44.2303 ], [ -88.4536, 44.2327 ], [ -88.4491, 44.2396 ], [ -88.4549, 44.2384 ], [ -88.4576, 44.2401 ], [ -88.4532, 44.2389 ], [ -88.453, 44.2408 ], [ -88.4365, 44.2443 ], [ -88.4464, 44.2382 ], [ -88.4441, 44.2378 ], [ -88.4441, 44.2299 ], [ -88.4396, 44.23 ], [ -88.4358, 44.2341 ], [ -88.424, 44.2341 ], [ -88.4241, 44.227 ], [ -88.4274, 44.2224 ], [ -88.4223, 44.2201 ], [ -88.4242, 44.2153 ], [ -88.4665, 44.2157 ], [ -88.4676, 44.2193 ] ] ] } },
{ "type": "Feature", "properties": { "GEOID": "55139003000", "county": "Census Tract 30" }, "geometry": { "type": "Polygon", "coordinates": [ [ [ -88.4744, 44.193 ], [ -88.4738, 44.203 ], [ -88.4694, 44.206 ], [ -88.4532, 44.1985 ], [ -88.4464, 44.2009 ], [ -88.4283, 44.202 ], [ -88.4045, 44.201 ], [ -88.4045, 44.1937 ], [ -88.4744, 44.193 ] ] ] } },
{ "type": "Feature", "properties": { "GEOID": "55139003100", "county": "Census Tract 31" }, "geometry": { "type": "Polygon", "coordinates": [ [ [ -88.4745, 44.1927 ], [ -88.4045, 44.1937 ], [ -88.4045, 44.1862 ], [ -88.4445, 44.187 ], [ -88.4507, 44.1835 ], [ -88.4573, 44.1881 ], [ -88.4738, 44.1899 ], [ -88.4745, 44.1927 ] ] ] } },
{ "type": "Feature", "properties": { "GEOID": "55139003701", "county": "Census Tract 37.01" }, "geometry": { "type": "Polygon", "coordinates": [ [ [ -88.505, 44.171 ], [ -88.4884, 44.1761 ], [ -88.4851, 44.1692 ], [ -88.4857, 44.1561 ], [ -88.495, 44.1564 ], [ -88.4951, 44.1671 ], [ -88.5051, 44.1672 ], [ -88.505, 44.171 ] ] ] } },
{ "type": "Feature", "properties": { "GEOID": "55015020200", "county": "Census Tract 202" }, "geometry": { "type": "Polygon", "coordinates": [ [ [ -88.2453, 44.1221 ], [ -88.2436, 44.2427 ], [ -88.1629, 44.2414 ], [ -88.164, 44.1545 ], [ -88.0436, 44.1535 ], [ -88.0421, 43.9792 ], [ -88.1508, 43.9789 ], [ -88.1512, 44.0006 ], [ -88.1427, 44.0007 ], [ -88.1437, 44.0663 ], [ -88.1506, 44.0663 ], [ -88.1513, 44.1209 ], [ -88.2453, 44.1221 ] ] ] } },
{ "type": "Feature", "properties": { "GEOID": "55061960200", "county": "Census Tract 9602" }, "geometry": { "type": "Polygon", "coordinates": [ [ [ -87.6425, 44.6034 ], [ -87.6225, 44.6035 ], [ -87.6226, 44.6183 ], [ -87.6423, 44.6178 ], [ -87.6411, 44.6758 ], [ -87.3751, 44.6754 ], [ -87.3786, 44.6652 ], [ -87.3935, 44.6406 ], [ -87.4054, 44.6272 ], [ -87.418, 44.6209 ], [ -87.4196, 44.6177 ], [ -87.4336, 44.6177 ], [ -87.4335, 44.6209 ], [ -87.4437, 44.6233 ], [ -87.4479, 44.6218 ], [ -87.4448, 44.6189 ], [ -87.4474, 44.6181 ], [ -87.4448, 44.617 ], [ -87.4469, 44.6134 ], [ -87.4526, 44.6176 ], [ -87.4757, 44.6174 ], [ -87.4748, 44.6082 ], [ -87.4597, 44.6068 ], [ -87.46, 44.5885 ], [ -87.4455, 44.5884 ], [ -87.4522, 44.5729 ], [ -87.4709, 44.5458 ], [ -87.4737, 44.5315 ], [ -87.4837, 44.5113 ], [ -87.4837, 44.4995 ], [ -87.4941, 44.47 ], [ -87.4927, 44.465 ], [ -87.4977, 44.4621 ], [ -87.4966, 44.4765 ], [ -87.4915, 44.4867 ], [ -87.4911, 44.5016 ], [ -87.5012, 44.5016 ], [ -87.5012, 44.5124 ], [ -87.5117, 44.5163 ], [ -87.5213, 44.5162 ], [ -87.5212, 44.5489 ], [ -87.5287, 44.5523 ], [ -87.542, 44.5524 ], [ -87.5412, 44.5891 ], [ -87.6424, 44.5889 ], [ -87.6425, 44.6034 ] ] ] } },
{ "type": "Feature", "properties": { "GEOID": "55061960500", "county": "Census Tract 9605" }, "geometry": { "type": "Polygon", "coordinates": [ [ [ -87.766, 44.3272 ], [ -87.765, 44.4582 ], [ -87.7416, 44.458 ], [ -87.7302, 44.4553 ], [ -87.7249, 44.4558 ], [ -87.7249, 44.4579 ], [ -87.6843, 44.4579 ], [ -87.6845, 44.4434 ], [ -87.5725, 44.4435 ], [ -87.5724, 44.4581 ], [ -87.5596, 44.4564 ], [ -87.5507, 44.4616 ], [ -87.5444, 44.4617 ], [ -87.541, 44.4646 ], [ -87.5332, 44.4656 ], [ -87.5328, 44.4675 ], [ -87.5368, 44.4667 ], [ -87.531, 44.4728 ], [ -87.5285, 44.4728 ], [ -87.527, 44.4785 ], [ -87.5229, 44.4789 ], [ -87.5179, 44.4848 ], [ -87.5139, 44.4841 ], [ -87.5107, 44.481 ], [ -87.5139, 44.4729 ], [ -87.5074, 44.464 ], [ -87.4977, 44.4583 ], [ -87.5004, 44.4562 ], [ -87.5025, 44.4448 ], [ -87.5019, 44.4355 ], [ -87.518, 44.3944 ], [ -87.5176, 44.3757 ], [ -87.5336, 44.3511 ], [ -87.5334, 44.3414 ], [ -87.543, 44.3275 ], [ -87.766, 44.3272 ] ] ] } },
{ "type": "Feature", "properties": { "GEOID": "55087010200", "county": "Census Tract 102" }, "geometry": { "type": "Polygon", "coordinates": [ [ [ -88.4361, 44.2618 ], [ -88.436, 44.2732 ], [ -88.4157, 44.2729 ], [ -88.4157, 44.2626 ], [ -88.4361, 44.2618 ] ] ] } },
{ "type": "Feature", "properties": { "GEOID": "55135100200", "county": "Census Tract 1002" }, "geometry": { "type": "Polygon", "coordinates": [ [ [ -89.2237, 44.6814 ], [ -88.9459, 44.6796 ], [ -88.9473, 44.6731 ], [ -88.9379, 44.6699 ], [ -88.9349, 44.6651 ], [ -88.9355, 44.6636 ], [ -88.941, 44.6636 ], [ -88.9412, 44.6488 ], [ -88.8997, 44.6491 ], [ -88.9, 44.6345 ], [ -88.8897, 44.6345 ], [ -88.8899, 44.5903 ], [ -88.9202, 44.5904 ], [ -88.9209, 44.5756 ], [ -88.8698, 44.575 ], [ -88.8697, 44.5681 ], [ -88.8624, 44.5716 ], [ -88.8489, 44.5715 ], [ -88.8487, 44.5974 ], [ -88.8183, 44.5978 ], [ -88.818, 44.5904 ], [ -88.7368, 44.5906 ], [ -88.7371, 44.5096 ], [ -88.7472, 44.5096 ], [ -88.7472, 44.5023 ], [ -88.7975, 44.5027 ], [ -88.7977, 44.4894 ], [ -88.8385, 44.4894 ], [ -88.8441, 44.4899 ], [ -88.8489, 44.4936 ], [ -88.8794, 44.4935 ], [ -88.8797, 44.503 ], [ -88.8899, 44.5029 ], [ -88.9, 44.5068 ], [ -88.9, 44.5103 ], [ -88.9043, 44.5136 ], [ -88.9586, 44.5142 ], [ -88.9624, 44.5106 ], [ -88.9807, 44.5105 ], [ -88.9808, 44.5824 ], [ -89.0011, 44.5826 ], [ -89.0012, 44.5686 ], [ -89.0056, 44.5644 ], [ -89.0121, 44.5687 ], [ -89.0293, 44.571 ], [ -89.0366, 44.5861 ], [ -89.0396, 44.5832 ], [ -89.1023, 44.5827 ], [ -89.1035, 44.5913 ], [ -89.1226, 44.5913 ], [ -89.1224, 44.6033 ], [ -89.1485, 44.6059 ], [ -89.2237, 44.6061 ], [ -89.2237, 44.6814 ] ] ] } },
{ "type": "Feature", "properties": { "GEOID": "55087010601", "county": "Census Tract 106.01" }, "geometry": { "type": "Polygon", "coordinates": [ [ [ -88.3896, 44.2607 ], [ -88.3842, 44.2655 ], [ -88.3663, 44.2699 ], [ -88.3589, 44.277 ], [ -88.3549, 44.2768 ], [ -88.3551, 44.2585 ], [ -88.3835, 44.2586 ], [ -88.3896, 44.2607 ] ] ] } },
{ "type": "Feature", "properties": { "GEOID": "55087011400", "county": "Census Tract 114" }, "geometry": { "type": "Polygon", "coordinates": [ [ [ -88.4158, 44.2804 ], [ -88.4153, 44.2987 ], [ -88.3955, 44.2985 ], [ -88.3956, 44.2802 ], [ -88.4158, 44.2804 ] ] ] } },
{ "type": "Feature", "properties": { "GEOID": "55087011502", "county": "Census Tract 115.02" }, "geometry": { "type": "Polygon", "coordinates": [ [ [ -88.3957, 44.2841 ], [ -88.3955, 44.2985 ], [ -88.3331, 44.298 ], [ -88.3333, 44.2869 ], [ -88.3282, 44.2868 ], [ -88.3281, 44.2819 ], [ -88.3244, 44.2813 ], [ -88.3236, 44.2791 ], [ -88.3386, 44.279 ], [ -88.3501, 44.2755 ], [ -88.3589, 44.277 ], [ -88.3663, 44.2699 ], [ -88.3747, 44.2686 ], [ -88.3749, 44.2842 ], [ -88.3957, 44.2841 ] ] ] } },
{ "type": "Feature", "properties": { "GEOID": "55087013200", "county": "Census Tract 132" }, "geometry": { "type": "Polygon", "coordinates": [ [ [ -88.7367, 44.4162 ], [ -88.7368, 44.5906 ], [ -88.3667, 44.5878 ], [ -88.3714, 44.5013 ], [ -88.6361, 44.5025 ], [ -88.6358, 44.4893 ], [ -88.6459, 44.4896 ], [ -88.646, 44.482 ], [ -88.6561, 44.482 ], [ -88.6567, 44.4598 ], [ -88.6666, 44.4599 ], [ -88.6665, 44.438 ], [ -88.6771, 44.4379 ], [ -88.677, 44.4269 ], [ -88.6875, 44.4269 ], [ -88.6874, 44.4232 ], [ -88.6925, 44.4232 ], [ -88.6923, 44.4159 ], [ -88.7, 44.4178 ], [ -88.7, 44.416 ], [ -88.7367, 44.4162 ] ] ] } },
{ "type": "Feature", "properties": { "GEOID": "55087012000", "county": "Census Tract 120" }, "geometry": { "type": "Polygon", "coordinates": [ [ [ -88.3232, 44.2435 ], [ -88.3243, 44.2694 ], [ -88.3204, 44.2725 ], [ -88.3213, 44.2777 ], [ -88.3143, 44.2734 ], [ -88.3002, 44.2741 ], [ -88.297, 44.2715 ], [ -88.293, 44.2749 ], [ -88.2931, 44.2505 ], [ -88.2887, 44.2503 ], [ -88.2889, 44.2432 ], [ -88.3232, 44.2435 ] ] ] } },
{ "type": "Feature", "properties": { "GEOID": "55087013300", "county": "Census Tract 133" }, "geometry": { "type": "Polygon", "coordinates": [ [ [ -88.3535, 44.2981 ], [ -88.3532, 44.3288 ], [ -88.2519, 44.3283 ], [ -88.2511, 44.4035 ], [ -88.202, 44.383 ], [ -88.1914, 44.3916 ], [ -88.1926, 44.242 ], [ -88.2546, 44.2429 ], [ -88.2531, 44.2597 ], [ -88.2426, 44.2587 ], [ -88.2422, 44.2715 ], [ -88.2495, 44.2743 ], [ -88.261, 44.2734 ], [ -88.2675, 44.2758 ], [ -88.2598, 44.2795 ], [ -88.2502, 44.2795 ], [ -88.2422, 44.2854 ], [ -88.2448, 44.2888 ], [ -88.2536, 44.2893 ], [ -88.2519, 44.2915 ], [ -88.2554, 44.2944 ], [ -88.25, 44.3004 ], [ -88.2494, 44.3056 ], [ -88.2803, 44.2978 ], [ -88.3535, 44.2981 ] ] ] } },
{ "type": "Feature", "properties": { "GEOID": "55087012400", "county": "Census Tract 124" }, "geometry": { "type": "Polygon", "coordinates": [ [ [ -88.2879, 44.2978 ], [ -88.2771, 44.2983 ], [ -88.2494, 44.3056 ], [ -88.25, 44.3004 ], [ -88.2554, 44.2944 ], [ -88.2519, 44.2915 ], [ -88.2536, 44.2893 ], [ -88.2462, 44.2883 ], [ -88.2575, 44.2842 ], [ -88.2605, 44.2888 ], [ -88.2648, 44.2894 ], [ -88.2777, 44.2865 ], [ -88.2825, 44.2801 ], [ -88.2828, 44.2879 ], [ -88.2879, 44.2885 ], [ -88.2879, 44.2978 ] ] ] } },
{ "type": "Feature", "properties": { "GEOID": "55087011800", "county": "Census Tract 118" }, "geometry": { "type": "Polygon", "coordinates": [ [ [ -88.3282, 44.2835 ], [ -88.314, 44.2858 ], [ -88.314, 44.2802 ], [ -88.3082, 44.2815 ], [ -88.3082, 44.2789 ], [ -88.303, 44.2788 ], [ -88.3019, 44.274 ], [ -88.3143, 44.2734 ], [ -88.3282, 44.2835 ] ] ] } },
{ "type": "Feature", "properties": { "GEOID": "55135100700", "county": "Census Tract 1007" }, "geometry": { "type": "Polygon", "coordinates": [ [ [ -89.0922, 44.3751 ], [ -89.0927, 44.4101 ], [ -89.074, 44.41 ], [ -89.0735, 44.4116 ], [ -89.0577, 44.4102 ], [ -89.0575, 44.4069 ], [ -89.0528, 44.4056 ], [ -89.0115, 44.4064 ], [ -89.0066, 44.4099 ], [ -88.9976, 44.41 ], [ -88.9968, 44.4064 ], [ -88.9811, 44.4065 ], [ -88.9814, 44.379 ], [ -88.9785, 44.3772 ], [ -88.9918, 44.3699 ], [ -88.9915, 44.3481 ], [ -88.977, 44.3479 ], [ -88.9767, 44.3445 ], [ -88.9719, 44.3444 ], [ -88.972, 44.3369 ], [ -88.9449, 44.3299 ], [ -88.8603, 44.3298 ], [ -88.8547, 44.3274 ], [ -88.8557, 44.3249 ], [ -88.8512, 44.3239 ], [ -88.85, 44.3144 ], [ -88.8652, 44.3027 ], [ -88.8598, 44.2941 ], [ -88.8518, 44.2908 ], [ -88.8576, 44.2891 ], [ -88.8657, 44.2905 ], [ -88.8668, 44.2837 ], [ -88.8616, 44.2769 ], [ -88.8699, 44.2748 ], [ -88.871, 44.2709 ], [ -88.878, 44.2696 ], [ -88.9121, 44.2709 ], [ -88.9155, 44.2658 ], [ -88.9699, 44.2749 ], [ -88.9816, 44.2792 ], [ -88.9967, 44.2791 ], [ -88.9964, 44.2938 ], [ -88.9918, 44.296 ], [ -88.9914, 44.3176 ], [ -88.9882, 44.3236 ], [ -89.0005, 44.3292 ], [ -89.0468, 44.33 ], [ -89.0588, 44.3361 ], [ -89.0699, 44.338 ], [ -89.0704, 44.3437 ], [ -89.0688, 44.3426 ], [ -89.0672, 44.3442 ], [ -89.0655, 44.3415 ], [ -89.0541, 44.3415 ], [ -89.0558, 44.3435 ], [ -89.0524, 44.3461 ], [ -89.0542, 44.3482 ], [ -89.0634, 44.3473 ], [ -89.0607, 44.3517 ], [ -89.0571, 44.3525 ], [ -89.0592, 44.3585 ], [ -89.0571, 44.3595 ], [ -89.0573, 44.3663 ], [ -89.0623, 44.3663 ], [ -89.0627, 44.3865 ], [ -89.0715, 44.3861 ], [ -89.0794, 44.3787 ], [ -89.0822, 44.3785 ], [ -89.0837, 44.3825 ], [ -89.0876, 44.383 ], [ -89.0922, 44.3751 ] ] ] } },
{ "type": "Feature", "properties": { "GEOID": "55087013100", "county": "Census Tract 131" }, "geometry": { "type": "Polygon", "coordinates": [ [ [ -88.3742, 44.4151 ], [ -88.3667, 44.5878 ], [ -88.2452, 44.5847 ], [ -88.219, 44.586 ], [ -88.3425, 44.4419 ], [ -88.2775, 44.415 ], [ -88.3742, 44.4151 ] ] ] } },
{ "type": "Feature", "properties": { "GEOID": "55135101100", "county": "Census Tract 1011" }, "geometry": { "type": "Polygon", "coordinates": [ [ [ -88.8306, 44.6526 ], [ -88.7977, 44.6525 ], [ -88.7977, 44.6415 ], [ -88.7775, 44.6414 ], [ -88.7775, 44.6378 ], [ -88.7621, 44.6378 ], [ -88.7621, 44.6342 ], [ -88.7315, 44.6342 ], [ -88.7323, 44.6253 ], [ -88.7446, 44.6204 ], [ -88.7236, 44.6197 ], [ -88.7233, 44.6052 ], [ -88.7648, 44.6049 ], [ -88.765, 44.5904 ], [ -88.818, 44.5904 ], [ -88.8183, 44.6051 ], [ -88.7983, 44.6049 ], [ -88.7979, 44.6195 ], [ -88.7928, 44.6195 ], [ -88.7928, 44.6316 ], [ -88.7983, 44.6341 ], [ -88.8135, 44.6342 ], [ -88.8338, 44.6508 ], [ -88.8306, 44.6526 ] ] ] } },
{ "type": "Feature", "properties": { "GEOID": "55135100600", "county": "Census Tract 1006" }, "geometry": { "type": "Polygon", "coordinates": [ [ [ -89.2248, 44.2434 ], [ -89.2242, 44.3232 ], [ -89.2155, 44.3232 ], [ -89.2138, 44.3306 ], [ -89.2046, 44.3378 ], [ -89.1735, 44.3373 ], [ -89.1666, 44.3309 ], [ -89.1481, 44.3302 ], [ -89.1411, 44.3385 ], [ -89.1184, 44.3514 ], [ -89.1162, 44.3374 ], [ -89.1078, 44.3371 ], [ -89.1059, 44.3352 ], [ -89.1097, 44.32 ], [ -89.106, 44.3177 ], [ -89.0934, 44.32 ], [ -89.0952, 44.3223 ], [ -89.0862, 44.3248 ], [ -89.0918, 44.3342 ], [ -89.0894, 44.3411 ], [ -89.0588, 44.3361 ], [ -89.0468, 44.33 ], [ -89.0005, 44.3292 ], [ -88.9882, 44.3236 ], [ -88.9914, 44.3176 ], [ -88.9918, 44.296 ], [ -88.9964, 44.2938 ], [ -88.9967, 44.2791 ], [ -88.9921, 44.2792 ], [ -88.9817, 44.2729 ], [ -88.9907, 44.2657 ], [ -88.9896, 44.2627 ], [ -88.9943, 44.2562 ], [ -88.9895, 44.2538 ], [ -88.9897, 44.2499 ], [ -88.9929, 44.2497 ], [ -88.9955, 44.245 ], [ -89.0001, 44.2428 ], [ -89.2248, 44.2434 ] ] ] } },
{ "type": "Feature", "properties": { "GEOID": "55135100400", "county": "Census Tract 1004" }, "geometry": { "type": "Polygon", "coordinates": [ [ [ -89.108, 44.4899 ], [ -89.1029, 44.4899 ], [ -89.1013, 44.5038 ], [ -89.1027, 44.5266 ], [ -89.1067, 44.5293 ], [ -89.1026, 44.5399 ], [ -89.1023, 44.5827 ], [ -89.0396, 44.5832 ], [ -89.0366, 44.5861 ], [ -89.0293, 44.571 ], [ -89.0121, 44.5687 ], [ -89.0056, 44.5644 ], [ -89.0012, 44.5686 ], [ -89.0011, 44.5826 ], [ -88.9808, 44.5824 ], [ -88.9807, 44.5105 ], [ -88.9624, 44.5106 ], [ -88.9586, 44.5142 ], [ -88.9043, 44.5136 ], [ -88.9, 44.5103 ], [ -88.9, 44.5068 ], [ -88.8899, 44.5029 ], [ -88.8797, 44.503 ], [ -88.8794, 44.4935 ], [ -88.8489, 44.4936 ], [ -88.8441, 44.4899 ], [ -88.8385, 44.4894 ], [ -88.8387, 44.4831 ], [ -88.8488, 44.4819 ], [ -88.8492, 44.4607 ], [ -88.8791, 44.4606 ], [ -88.8792, 44.4536 ], [ -88.8844, 44.453 ], [ -88.8847, 44.4328 ], [ -88.8597, 44.4307 ], [ -88.8598, 44.4125 ], [ -88.8765, 44.4198 ], [ -88.9195, 44.4229 ], [ -88.9249, 44.425 ], [ -88.9463, 44.4237 ], [ -88.9448, 44.4201 ], [ -88.9484, 44.4138 ], [ -88.9514, 44.4119 ], [ -88.9664, 44.4106 ], [ -88.9663, 44.4025 ], [ -88.9811, 44.4065 ], [ -88.9968, 44.4064 ], [ -88.9976, 44.41 ], [ -89.0066, 44.4099 ], [ -89.0115, 44.4064 ], [ -89.0528, 44.4056 ], [ -89.0575, 44.4069 ], [ -89.0577, 44.4102 ], [ -89.0653, 44.4101 ], [ -89.0672, 44.4119 ], [ -89.0735, 44.4116 ], [ -89.074, 44.41 ], [ -89.0927, 44.4101 ], [ -89.0898, 44.4222 ], [ -89.0917, 44.429 ], [ -89.1026, 44.4372 ], [ -89.1019, 44.4527 ], [ -89.0961, 44.4627 ], [ -89.1027, 44.4696 ], [ -89.1011, 44.4789 ], [ -89.1075, 44.4844 ], [ -89.108, 44.4899 ] ] ] } },
{ "type": "Feature", "properties": { "GEOID": "55041950100", "county": "Census Tract 9501" }, "geometry": { "type": "Polygon", "coordinates": [ [ [ -89.0478, 45.9823 ], [ -88.9332, 45.9823 ], [ -88.9327, 46.0737 ], [ -88.8503, 46.0403 ], [ -88.8386, 46.0301 ], [ -88.8191, 46.0263 ], [ -88.816, 46.0206 ], [ -88.7965, 46.0236 ], [ -88.7962, 46.0269 ], [ -88.8007, 46.03 ], [ -88.7962, 46.0337 ], [ -88.7883, 46.0286 ], [ -88.7844, 46.0327 ], [ -88.7786, 46.0313 ], [ -88.784, 46.023 ], [ -88.7802, 46.0154 ], [ -88.7697, 46.019 ], [ -88.77, 46.0257 ], [ -88.7586, 46.0195 ], [ -88.74, 46.0273 ], [ -88.7248, 46.0245 ], [ -88.7211, 46.022 ], [ -88.7221, 46.0173 ], [ -88.718, 46.0156 ], [ -88.7184, 46.0133 ], [ -88.713, 46.0127 ], [ -88.7123, 46.0162 ], [ -88.7077, 46.0154 ], [ -88.7047, 46.0181 ], [ -88.6833, 46.0141 ], [ -88.6842, 45.9824 ], [ -88.6746, 45.9823 ], [ -88.6744, 45.9809 ], [ -88.6758, 45.7229 ], [ -88.4622, 45.7226 ], [ -88.4667, 45.7173 ], [ -88.4656, 45.7029 ], [ -88.4844, 45.6859 ], [ -88.4873, 45.6766 ], [ -88.4873, 45.6789 ], [ -88.5047, 45.6871 ], [ -88.5047, 45.6898 ], [ -88.5079, 45.6899 ], [ -88.5079, 45.6833 ], [ -88.5043, 45.6819 ], [ -88.5078, 45.6781 ], [ -88.5081, 45.6578 ], [ -88.6251, 45.6581 ], [ -88.6389, 45.6554 ], [ -88.6573, 45.6557 ], [ -88.6614, 45.6534 ], [ -88.6659, 45.6363 ], [ -88.8001, 45.6371 ], [ -88.8001, 45.6225 ], [ -88.8205, 45.6229 ], [ -88.8207, 45.6372 ], [ -89.0469, 45.6373 ], [ -89.0478, 45.9823 ] ] ] } },
{ "type": "Feature", "properties": { "GEOID": "55041950200", "county": "Census Tract 9502" }, "geometry": { "type": "Polygon", "coordinates": [ [ [ -88.823, 45.4155 ], [ -88.8196, 45.4263 ], [ -88.8125, 45.4347 ], [ -88.8008, 45.4348 ], [ -88.7901, 45.4384 ], [ -88.7854, 45.4476 ], [ -88.7779, 45.4514 ], [ -88.7695, 45.4518 ], [ -88.7691, 45.4592 ], [ -88.7773, 45.467 ], [ -88.7775, 45.4729 ], [ -88.7562, 45.4966 ], [ -88.7459, 45.5001 ], [ -88.7399, 45.4982 ], [ -88.733, 45.4773 ], [ -88.7247, 45.4766 ], [ -88.7209, 45.4797 ], [ -88.6755, 45.4788 ], [ -88.6754, 45.5592 ], [ -88.6726, 45.5645 ], [ -88.6762, 45.5877 ], [ -88.6745, 45.6093 ], [ -88.6599, 45.655 ], [ -88.6389, 45.6554 ], [ -88.6251, 45.6581 ], [ -88.5081, 45.6578 ], [ -88.5078, 45.6781 ], [ -88.5043, 45.6819 ], [ -88.5079, 45.6833 ], [ -88.5079, 45.6899 ], [ -88.5047, 45.6898 ], [ -88.5047, 45.6871 ], [ -88.4873, 45.6789 ], [ -88.4873, 45.6766 ], [ -88.4844, 45.6859 ], [ -88.4656, 45.7029 ], [ -88.4667, 45.7173 ], [ -88.4622, 45.7226 ], [ -88.4253, 45.7224 ], [ -88.4256, 45.4635 ], [ -88.4281, 45.377 ], [ -88.822, 45.3783 ], [ -88.823, 45.4155 ] ] ] } },
{ "type": "Feature", "properties": { "GEOID": "55057100100", "county": "Census Tract 1001" }, "geometry": { "type": "Polygon", "coordinates": [ [ [ -90.3128, 44.0051 ], [ -90.3127, 44.2487 ], [ -89.9028, 44.2495 ], [ -89.9034, 44.2414 ], [ -89.8978, 44.2279 ], [ -89.9081, 44.2289 ], [ -89.908, 44.2205 ], [ -89.9194, 44.2186 ], [ -89.9247, 44.2132 ], [ -89.9205, 44.2089 ], [ -89.9064, 44.2057 ], [ -89.905, 44.2016 ], [ -89.9099, 44.1982 ], [ -89.9236, 44.1976 ], [ -89.9269, 44.1929 ], [ -89.9238, 44.1906 ], [ -89.9036, 44.1914 ], [ -89.9002, 44.1843 ], [ -89.9013, 44.1808 ], [ -89.9071, 44.1763 ], [ -89.9236, 44.1778 ], [ -89.9256, 44.1743 ], [ -89.9212, 44.1669 ], [ -89.9228, 44.1553 ], [ -89.9234, 44.1524 ], [ -89.9287, 44.1503 ], [ -89.9368, 44.153 ], [ -89.9417, 44.1634 ], [ -89.9549, 44.1634 ], [ -89.9705, 44.1671 ], [ -89.9703, 44.1481 ], [ -89.9738, 44.1346 ], [ -89.9747, 44.133 ], [ -89.9835, 44.1321 ], [ -89.9847, 44.1292 ], [ -89.9754, 44.128 ], [ -89.9769, 44.1225 ], [ -89.9857, 44.1221 ], [ -89.9941, 44.1268 ], [ -89.9996, 44.1225 ], [ -90.0071, 44.1216 ], [ -90.0107, 44.1153 ], [ -90.005, 44.1081 ], [ -90.0048, 44.1027 ], [ -90.0169, 44.1006 ], [ -90.0259, 44.0917 ], [ -90.0236, 44.079 ], [ -90.0253, 44.0683 ], [ -90.0221, 44.0683 ], [ -90.0197, 44.0638 ], [ -90.0187, 44.048 ], [ -90.0452, 44.0323 ], [ -90.0452, 44.0169 ], [ -90.0536, 44.0204 ], [ -90.0657, 44.0192 ], [ -90.0633, 44.017 ], [ -90.0656, 44.0158 ], [ -90.0605, 44.0112 ], [ -90.0529, 44.009 ], [ -90.0542, 43.9974 ], [ -90.0584, 43.9985 ], [ -90.0603, 43.9969 ], [ -90.0763, 44.0064 ], [ -90.0881, 44.0148 ], [ -90.0954, 44.0245 ], [ -90.1128, 44.0247 ], [ -90.1132, 44.0214 ], [ -90.1725, 44.0211 ], [ -90.1725, 43.9813 ], [ -90.2319, 43.9813 ], [ -90.2319, 43.9849 ], [ -90.2469, 43.9847 ], [ -90.2483, 43.9771 ], [ -90.2513, 43.976 ], [ -90.2573, 43.9813 ], [ -90.2613, 43.9794 ], [ -90.2648, 43.9873 ], [ -90.2687, 43.9888 ], [ -90.2762, 43.9876 ], [ -90.2869, 43.9912 ], [ -90.3128, 44.0051 ] ] ] } },
{ "type": "Feature", "properties": { "GEOID": "55057100600", "county": "Census Tract 1006" }, "geometry": { "type": "Polygon", "coordinates": [ [ [ -90.3124, 43.641 ], [ -90.3123, 43.7656 ], [ -90.2902, 43.7534 ], [ -90.2734, 43.7552 ], [ -90.2718, 43.7605 ], [ -90.2653, 43.7606 ], [ -90.2666, 43.7563 ], [ -90.2385, 43.7604 ], [ -90.226, 43.7569 ], [ -90.2226, 43.754 ], [ -90.2103, 43.7599 ], [ -90.2057, 43.7581 ], [ -90.1947, 43.7474 ], [ -90.1934, 43.7371 ], [ -90.1888, 43.735 ], [ -90.1716, 43.7382 ], [ -90.1553, 43.7469 ], [ -90.1369, 43.7495 ], [ -90.1348, 43.7404 ], [ -90.1468, 43.7386 ], [ -90.1461, 43.7267 ], [ -90.1508, 43.7113 ], [ -90.1631, 43.7017 ], [ -90.167, 43.6926 ], [ -90.1778, 43.6926 ], [ -90.1652, 43.6821 ], [ -90.1651, 43.671 ], [ -90.163, 43.6694 ], [ -90.1692, 43.664 ], [ -90.167, 43.6542 ], [ -90.1627, 43.6504 ], [ -90.1628, 43.6421 ], [ -90.3124, 43.641 ] ] ] } },
{ "type": "Feature", "properties": { "GEOID": "55073001103", "county": "Census Tract 11.03" }, "geometry": { "type": "Polygon", "coordinates": [ [ [ -89.6037, 44.915 ], [ -89.601, 44.9296 ], [ -89.5947, 44.9294 ], [ -89.5877, 44.9244 ], [ -89.5761, 44.9246 ], [ -89.5771, 44.9277 ], [ -89.5661, 44.9259 ], [ -89.566, 44.9284 ], [ -89.5621, 44.9274 ], [ -89.5633, 44.9224 ], [ -89.5601, 44.9222 ], [ -89.5624, 44.9187 ], [ -89.5435, 44.9164 ], [ -89.5358, 44.9061 ], [ -89.5332, 44.9054 ], [ -89.5263, 44.9116 ], [ -89.5266, 44.9023 ], [ -89.5425, 44.9021 ], [ -89.5576, 44.9056 ], [ -89.5842, 44.9048 ], [ -89.5926, 44.9087 ], [ -89.5996, 44.9091 ], [ -89.5996, 44.9128 ], [ -89.5926, 44.9128 ], [ -89.5926, 44.9164 ], [ -89.6037, 44.915 ] ] ] } },
{ "type": "Feature", "properties": { "GEOID": "55073000500", "county": "Census Tract 5" }, "geometry": { "type": "Polygon", "coordinates": [ [ [ -89.6631, 44.9607 ], [ -89.6574, 44.9648 ], [ -89.6561, 44.9697 ], [ -89.6317, 44.9696 ], [ -89.6352, 44.9637 ], [ -89.6366, 44.9658 ], [ -89.6403, 44.9657 ], [ -89.6405, 44.9593 ], [ -89.6631, 44.9607 ] ] ] } },
{ "type": "Feature", "properties": { "GEOID": "55073000602", "county": "Census Tract 6.02" }, "geometry": { "type": "Polygon", "coordinates": [ [ [ -89.6538, 44.9403 ], [ -89.649, 44.9424 ], [ -89.649, 44.9538 ], [ -89.6437, 44.9538 ], [ -89.6441, 44.9593 ], [ -89.6366, 44.9569 ], [ -89.6317, 44.9498 ], [ -89.6237, 44.9489 ], [ -89.623, 44.943 ], [ -89.6365, 44.9383 ], [ -89.641, 44.9335 ], [ -89.6443, 44.9334 ], [ -89.6447, 44.9356 ], [ -89.6502, 44.9366 ], [ -89.6538, 44.9403 ] ] ] } },
{ "type": "Feature", "properties": { "GEOID": "55073001500", "county": "Census Tract 15" }, "geometry": { "type": "Polygon", "coordinates": [ [ [ -89.7271, 44.973 ], [ -89.7268, 45.12 ], [ -89.492, 45.1194 ], [ -89.4922, 45.0323 ], [ -89.6108, 45.0323 ], [ -89.6109, 45.0034 ], [ -89.6268, 45.0027 ], [ -89.6244, 44.9956 ], [ -89.6571, 44.9954 ], [ -89.6561, 44.9697 ], [ -89.66, 44.9679 ], [ -89.6619, 44.9735 ], [ -89.7271, 44.973 ] ] ] } },
{ "type": "Feature", "properties": { "GEOID": "55073001202", "county": "Census Tract 12.02" }, "geometry": { "type": "Polygon", "coordinates": [ [ [ -89.8454, 44.8581 ], [ -89.7904, 44.8581 ], [ -89.6592, 44.8584 ], [ -89.6679, 44.8459 ], [ -89.6823, 44.8385 ], [ -89.6936, 44.8244 ], [ -89.6914, 44.8114 ], [ -89.6973, 44.8083 ], [ -89.695, 44.8047 ], [ -89.6849, 44.8025 ], [ -89.7126, 44.7813 ], [ -89.7147, 44.7719 ], [ -89.8087, 44.7714 ], [ -89.8091, 44.8151 ], [ -89.8452, 44.8152 ], [ -89.8454, 44.8581 ] ] ] } },
{ "type": "Feature", "properties": { "GEOID": "55073001000", "county": "Census Tract 10" }, "geometry": { "type": "Polygon", "coordinates": [ [ [ -89.644, 44.8678 ], [ -89.6355, 44.886 ], [ -89.6215, 44.8975 ], [ -89.624, 44.9017 ], [ -89.6079, 44.9018 ], [ -89.6094, 44.88 ], [ -89.603, 44.8801 ], [ -89.6025, 44.8729 ], [ -89.5924, 44.873 ], [ -89.5924, 44.871 ], [ -89.6103, 44.8675 ], [ -89.6167, 44.8709 ], [ -89.6278, 44.8685 ], [ -89.6344, 44.871 ], [ -89.6391, 44.8675 ], [ -89.644, 44.8678 ] ] ] } },
{ "type": "Feature", "properties": { "GEOID": "55079060200", "county": "Census Tract 602" }, "geometry": { "type": "Polygon", "coordinates": [ [ [ -87.9477, 43.1323 ], [ -87.9113, 43.1331 ], [ -87.9136, 43.1113 ], [ -87.9096, 43.1045 ], [ -87.9169, 43.1033 ], [ -87.9077, 43.099 ], [ -87.9079, 43.0897 ], [ -87.9166, 43.0898 ], [ -87.919, 43.0948 ], [ -87.9171, 43.0953 ], [ -87.9251, 43.0946 ], [ -87.9286, 43.1004 ], [ -87.925, 43.1003 ], [ -87.9263, 43.1055 ], [ -87.9309, 43.108 ], [ -87.9242, 43.1112 ], [ -87.9208, 43.1187 ], [ -87.9277, 43.1188 ], [ -87.9273, 43.1152 ], [ -87.9333, 43.1153 ], [ -87.9349, 43.1189 ], [ -87.94, 43.119 ], [ -87.9385, 43.1154 ], [ -87.9434, 43.1154 ], [ -87.9436, 43.113 ], [ -87.9453, 43.1123 ], [ -87.9477, 43.1323 ] ] ] } },
{ "type": "Feature", "properties": { "GEOID": "55079180100", "county": "Census Tract 1801" }, "geometry": { "type": "Polygon", "coordinates": [ [ [ -87.8699, 42.9663 ], [ -87.8477, 42.9662 ], [ -87.8435, 42.951 ], [ -87.8456, 42.9302 ], [ -87.8507, 42.9301 ], [ -87.8502, 42.961 ], [ -87.8651, 42.9609 ], [ -87.8699, 42.9663 ] ] ] } },
{ "type": "Feature", "properties": { "GEOID": "55079140201", "county": "Census Tract 1402.01" }, "geometry": { "type": "Polygon", "coordinates": [ [ [ -88.009, 42.9219 ], [ -88.0084, 42.9508 ], [ -87.9886, 42.9521 ], [ -87.9887, 42.9493 ], [ -87.983, 42.9475 ], [ -87.9968, 42.9265 ], [ -88.0066, 42.9213 ], [ -88.009, 42.9219 ] ] ] } },
{ "type": "Feature", "properties": { "GEOID": "55079090900", "county": "Census Tract 909" }, "geometry": { "type": "Polygon", "coordinates": [ [ [ -88.0134, 43.0586 ], [ -88.0124, 43.0675 ], [ -88.0052, 43.0695 ], [ -88.0051, 43.0607 ], [ -87.9875, 43.0607 ], [ -87.9875, 43.0571 ], [ -88.0034, 43.0569 ], [ -88.004, 43.0588 ], [ -88.0134, 43.0586 ] ] ] } },
{ "type": "Feature", "properties": { "GEOID": "55079007700", "county": "Census Tract 77" }, "geometry": { "type": "Polygon", "coordinates": [ [ [ -87.895, 43.0679 ], [ -87.883, 43.0674 ], [ -87.8838, 43.0601 ], [ -87.8936, 43.0602 ], [ -87.895, 43.0679 ] ] ] } },
{ "type": "Feature", "properties": { "GEOID": "55079140202", "county": "Census Tract 1402.02" }, "geometry": { "type": "Polygon", "coordinates": [ [ [ -87.9968, 42.9265 ], [ -87.9857, 42.9449 ], [ -87.9787, 42.9489 ], [ -87.9788, 42.9461 ], [ -87.9727, 42.9449 ], [ -87.9728, 42.9402 ], [ -87.969, 42.9402 ], [ -87.969, 42.9376 ], [ -87.9666, 42.9376 ], [ -87.9693, 42.927 ], [ -87.989, 42.9255 ], [ -87.9891, 42.9231 ], [ -88.0015, 42.9233 ], [ -87.9968, 42.9265 ] ] ] } },
{ "type": "Feature", "properties": { "GEOID": "55079018600", "county": "Census Tract 186" }, "geometry": { "type": "Polygon", "coordinates": [ [ [ -87.9263, 42.9919 ], [ -87.9261, 42.9992 ], [ -87.9188, 42.9992 ], [ -87.919, 42.992 ], [ -87.9263, 42.9919 ] ] ] } },
{ "type": "Feature", "properties": { "GEOID": "55079018500", "county": "Census Tract 185" }, "geometry": { "type": "Polygon", "coordinates": [ [ [ -87.9193, 42.9738 ], [ -87.9189, 42.9963 ], [ -87.9169, 42.9952 ], [ -87.9125, 42.9969 ], [ -87.9093, 42.9907 ], [ -87.9095, 42.9738 ], [ -87.9193, 42.9738 ] ] ] } },
{ "type": "Feature", "properties": { "GEOID": "55081950800", "county": "Census Tract 9508" }, "geometry": { "type": "Polygon", "coordinates": [ [ [ -90.7479, 43.8992 ], [ -90.7037, 43.8991 ], [ -90.7014, 43.9015 ], [ -90.7048, 43.9034 ], [ -90.6997, 43.9176 ], [ -90.6998, 43.9317 ], [ -90.6663, 43.93 ], [ -90.6228, 43.91 ], [ -90.6201, 43.9139 ], [ -90.5978, 43.9167 ], [ -90.5951, 43.9197 ], [ -90.5931, 43.919 ], [ -90.5918, 43.9237 ], [ -90.5819, 43.9249 ], [ -90.5769, 43.932 ], [ -90.577, 43.9441 ], [ -90.5522, 43.9476 ], [ -90.5399, 43.9518 ], [ -90.5148, 43.9536 ], [ -90.5047, 43.9574 ], [ -90.5026, 43.9283 ], [ -90.4955, 43.9186 ], [ -90.4907, 43.8995 ], [ -90.4815, 43.8877 ], [ -90.4809, 43.8773 ], [ -90.4741, 43.8676 ], [ -90.4739, 43.8328 ], [ -90.4417, 43.8227 ], [ -90.4314, 43.813 ], [ -90.4335, 43.8095 ], [ -90.4434, 43.8094 ], [ -90.4433, 43.7732 ], [ -90.4331, 43.7731 ], [ -90.4329, 43.7295 ], [ -90.4368, 43.7293 ], [ -90.4397, 43.7259 ], [ -90.5872, 43.7258 ], [ -90.5872, 43.7295 ], [ -90.607, 43.7296 ], [ -90.6071, 43.726 ], [ -90.6651, 43.7264 ], [ -90.662, 43.7295 ], [ -90.6641, 43.7301 ], [ -90.6626, 43.743 ], [ -90.6529, 43.7461 ], [ -90.6502, 43.7501 ], [ -90.6497, 43.7626 ], [ -90.6548, 43.7679 ], [ -90.6656, 43.7733 ], [ -90.6713, 43.7841 ], [ -90.6759, 43.7846 ], [ -90.6755, 43.795 ], [ -90.6836, 43.8003 ], [ -90.6813, 43.8201 ], [ -90.6762, 43.8201 ], [ -90.6761, 43.8278 ], [ -90.6786, 43.8308 ], [ -90.6764, 43.8328 ], [ -90.6748, 43.8525 ], [ -90.6845, 43.8663 ], [ -90.6981, 43.8709 ], [ -90.7181, 43.872 ], [ -90.7308, 43.8775 ], [ -90.7409, 43.8871 ], [ -90.7479, 43.8992 ] ] ] } },
{ "type": "Feature", "properties": { "GEOID": "55081950400", "county": "Census Tract 9504" }, "geometry": { "type": "Polygon", "coordinates": [ [ [ -90.831, 43.954 ], [ -90.8109, 43.9534 ], [ -90.8111, 43.9642 ], [ -90.7863, 43.9642 ], [ -90.779, 43.9686 ], [ -90.7552, 43.9611 ], [ -90.7609, 43.9571 ], [ -90.7702, 43.9569 ], [ -90.7805, 43.9501 ], [ -90.7808, 43.9427 ], [ -90.7854, 43.9408 ], [ -90.7644, 43.9417 ], [ -90.7798, 43.933 ], [ -90.8103, 43.9224 ], [ -90.8109, 43.9498 ], [ -90.8309, 43.9499 ], [ -90.831, 43.954 ] ] ] } },
{ "type": "Feature", "properties": { "GEOID": "55081950100", "county": "Census Tract 9501" }, "geometry": { "type": "Polygon", "coordinates": [ [ [ -90.6206, 44.0736 ], [ -90.6153, 44.0776 ], [ -90.6149, 44.0831 ], [ -90.6058, 44.0837 ], [ -90.6087, 44.0953 ], [ -90.6036, 44.0986 ], [ -90.6035, 44.1192 ], [ -90.5978, 44.1208 ], [ -90.5882, 44.1192 ], [ -90.5836, 44.1258 ], [ -90.5808, 44.1365 ], [ -90.5919, 44.1601 ], [ -90.4357, 44.1611 ], [ -90.3125, 44.1552 ], [ -90.3126, 44.0256 ], [ -90.3838, 44.0259 ], [ -90.3805, 44.0244 ], [ -90.3815, 44.0175 ], [ -90.3908, 44.0144 ], [ -90.4053, 44.0165 ], [ -90.4085, 44.0135 ], [ -90.4154, 44.0124 ], [ -90.4168, 44.009 ], [ -90.4229, 44.0059 ], [ -90.4324, 44.0046 ], [ -90.4398, 43.9975 ], [ -90.4494, 43.9924 ], [ -90.4495, 43.9903 ], [ -90.4721, 43.9978 ], [ -90.4976, 44.0186 ], [ -90.5199, 44.0175 ], [ -90.5481, 44.008 ], [ -90.5857, 44.0103 ], [ -90.5958, 44.0084 ], [ -90.6024, 44.0112 ], [ -90.6027, 44.0221 ], [ -90.6126, 44.0222 ], [ -90.6122, 44.0518 ], [ -90.6172, 44.0641 ], [ -90.62, 44.064 ], [ -90.618, 44.0684 ], [ -90.6206, 44.0736 ] ] ] } },
{ "type": "Feature", "properties": { "GEOID": "55079100300", "county": "Census Tract 1003" }, "geometry": { "type": "Polygon", "coordinates": [ [ [ -88.0072, 43.0242 ], [ -88.0, 43.0242 ], [ -88.0003, 43.0101 ], [ -88.0061, 43.0101 ], [ -88.0072, 43.0242 ] ] ] } },
{ "type": "Feature", "properties": { "GEOID": "55081950500", "county": "Census Tract 9505" }, "geometry": { "type": "Polygon", "coordinates": [ [ [ -90.5673, 43.9895 ], [ -90.5668, 44.0058 ], [ -90.564, 44.0074 ], [ -90.5662, 44.0083 ], [ -90.5481, 44.008 ], [ -90.5221, 44.017 ], [ -90.505, 44.0179 ], [ -90.5047, 43.9574 ], [ -90.5148, 43.9536 ], [ -90.5399, 43.9518 ], [ -90.5522, 43.9476 ], [ -90.5527, 43.9807 ], [ -90.5599, 43.9825 ], [ -90.5628, 43.9881 ], [ -90.5673, 43.9895 ] ] ] } },
{ "type": "Feature", "properties": { "GEOID": "55083101100", "county": "Census Tract 1011" }, "geometry": { "type": "Polygon", "coordinates": [ [ [ -88.1469, 44.8503 ], [ -88.1446, 44.8582 ], [ -88.1221, 44.856 ], [ -88.126, 44.8618 ], [ -88.1233, 44.8639 ], [ -88.1263, 44.8665 ], [ -88.1248, 44.9223 ], [ -88.0666, 44.9234 ], [ -88.0674, 44.9304 ], [ -88.0464, 44.9305 ], [ -88.046, 44.9367 ], [ -88.0353, 44.9508 ], [ -88.0163, 44.9507 ], [ -88.0161, 44.9026 ], [ -88.0267, 44.8956 ], [ -88.0123, 44.8916 ], [ -88.0103, 44.8885 ], [ -88.0065, 44.8893 ], [ -88.0038, 44.8764 ], [ -87.9898, 44.8636 ], [ -87.9844, 44.8626 ], [ -87.9837, 44.8552 ], [ -87.9976, 44.8558 ], [ -87.9968, 44.8366 ], [ -87.921, 44.8344 ], [ -87.9195, 44.8285 ], [ -87.9129, 44.8282 ], [ -87.8964, 44.8418 ], [ -87.8745, 44.8404 ], [ -87.9024, 44.8278 ], [ -87.9018, 44.8222 ], [ -87.917, 44.8002 ], [ -87.9286, 44.7735 ], [ -87.9343, 44.7657 ], [ -87.9398, 44.7642 ], [ -87.9412, 44.7613 ], [ -87.9389, 44.7591 ], [ -87.9516, 44.7531 ], [ -87.9667, 44.7418 ], [ -87.9766, 44.7503 ], [ -88.0914, 44.7501 ], [ -88.0913, 44.7647 ], [ -88.1308, 44.7639 ], [ -88.1297, 44.7929 ], [ -88.1405, 44.7931 ], [ -88.1426, 44.7965 ], [ -88.1363, 44.8114 ], [ -88.1382, 44.8215 ], [ -88.1281, 44.8227 ], [ -88.1278, 44.8292 ], [ -88.1199, 44.8287 ], [ -88.1141, 44.8357 ], [ -88.1169, 44.8372 ], [ -88.1152, 44.8422 ], [ -88.1011, 44.8496 ], [ -88.1469, 44.8503 ] ] ] } },
{ "type": "Feature", "properties": { "GEOID": "55083101000", "county": "Census Tract 1010" }, "geometry": { "type": "Polygon", "coordinates": [ [ [ -88.0267, 44.8956 ], [ -88.0161, 44.9026 ], [ -88.0167, 44.9363 ], [ -87.8854, 44.9354 ], [ -87.8851, 44.8956 ], [ -87.8782, 44.8955 ], [ -87.88, 44.8917 ], [ -87.8697, 44.8882 ], [ -87.8697, 44.8859 ], [ -87.8537, 44.8833 ], [ -87.839, 44.8914 ], [ -87.831, 44.8926 ], [ -87.8471, 44.8806 ], [ -87.8459, 44.8743 ], [ -87.8666, 44.8427 ], [ -87.8745, 44.8404 ], [ -87.8964, 44.8418 ], [ -87.9129, 44.8282 ], [ -87.9195, 44.8285 ], [ -87.921, 44.8344 ], [ -87.9968, 44.8366 ], [ -87.9976, 44.8558 ], [ -87.9837, 44.8552 ], [ -87.9844, 44.8626 ], [ -87.9898, 44.8636 ], [ -88.0038, 44.8764 ], [ -88.0065, 44.8893 ], [ -88.0103, 44.8885 ], [ -88.0123, 44.8916 ], [ -88.0267, 44.8956 ] ] ] } },
{ "type": "Feature", "properties": { "GEOID": "55083100800", "county": "Census Tract 1008" }, "geometry": { "type": "Polygon", "coordinates": [ [ [ -88.2549, 44.9613 ], [ -88.2545, 44.99 ], [ -88.2305, 44.9898 ], [ -88.23, 44.9912 ], [ -88.2417, 45.0037 ], [ -88.2539, 45.0045 ], [ -88.2533, 45.0245 ], [ -88.2526, 45.0263 ], [ -88.2431, 45.0261 ], [ -88.2425, 45.0393 ], [ -88.2021, 45.0395 ], [ -88.2028, 45.0252 ], [ -87.943, 45.0204 ], [ -87.9444, 44.9931 ], [ -87.9847, 44.9932 ], [ -87.9866, 44.9756 ], [ -87.9962, 44.9754 ], [ -87.9974, 44.9506 ], [ -88.0353, 44.9508 ], [ -88.046, 44.9367 ], [ -88.0464, 44.9305 ], [ -88.0674, 44.9304 ], [ -88.0666, 44.9234 ], [ -88.1248, 44.9223 ], [ -88.1243, 44.9367 ], [ -88.2452, 44.9395 ], [ -88.2448, 44.9612 ], [ -88.2549, 44.9613 ] ] ] } },
{ "type": "Feature", "properties": { "GEOID": "55079015800", "county": "Census Tract 158" }, "geometry": { "type": "Polygon", "coordinates": [ [ [ -87.9423, 43.0191 ], [ -87.9422, 43.0242 ], [ -87.933, 43.0242 ], [ -87.9331, 43.0191 ], [ -87.9423, 43.0191 ] ] ] } },
{ "type": "Feature", "properties": { "GEOID": "55079015900", "county": "Census Tract 159" }, "geometry": { "type": "Polygon", "coordinates": [ [ [ -87.9526, 43.0238 ], [ -87.9422, 43.0242 ], [ -87.9423, 43.0191 ], [ -87.9526, 43.019 ], [ -87.9526, 43.0238 ] ] ] } },
{ "type": "Feature", "properties": { "GEOID": "55079070100", "county": "Census Tract 701" }, "geometry": { "type": "Polygon", "coordinates": [ [ [ -87.9136, 43.1113 ], [ -87.9122, 43.1325 ], [ -87.9082, 43.1346 ], [ -87.8995, 43.1122 ], [ -87.9136, 43.1113 ] ] ] } },
{ "type": "Feature", "properties": { "GEOID": "55079185300", "county": "Census Tract 1853" }, "geometry": { "type": "Polygon", "coordinates": [ [ [ -88.0669, 43.0455 ], [ -88.0668, 43.0599 ], [ -88.0349, 43.0604 ], [ -88.0166, 43.0493 ], [ -88.0204, 43.0484 ], [ -88.0193, 43.0386 ], [ -88.0472, 43.0383 ], [ -88.0474, 43.0456 ], [ -88.0669, 43.0455 ] ] ] } },
{ "type": "Feature", "properties": { "GEOID": "55079000304", "county": "Census Tract 3.04" }, "geometry": { "type": "Polygon", "coordinates": [ [ [ -88.0504, 43.1475 ], [ -88.0053, 43.1487 ], [ -88.0055, 43.1414 ], [ -88.0253, 43.1413 ], [ -88.0254, 43.1341 ], [ -88.0326, 43.134 ], [ -88.0504, 43.1475 ] ] ] } },
{ "type": "Feature", "properties": { "GEOID": "55079005100", "county": "Census Tract 51" }, "geometry": { "type": "Polygon", "coordinates": [ [ [ -88.0074, 43.0779 ], [ -88.0072, 43.09 ], [ -87.9895, 43.09 ], [ -87.9873, 43.0754 ], [ -88.0013, 43.0753 ], [ -88.0074, 43.0779 ] ] ] } },
{ "type": "Feature", "properties": { "GEOID": "55079001800", "county": "Census Tract 18" }, "geometry": { "type": "Polygon", "coordinates": [ [ [ -88.006, 43.1195 ], [ -87.9911, 43.1194 ], [ -87.9912, 43.1121 ], [ -88.0061, 43.1123 ], [ -88.006, 43.1195 ] ] ] } },
{ "type": "Feature", "properties": { "GEOID": "55079000800", "county": "Census Tract 8" }, "geometry": { "type": "Polygon", "coordinates": [ [ [ -87.9846, 43.1339 ], [ -87.9854, 43.1485 ], [ -87.9655, 43.1486 ], [ -87.9657, 43.1418 ], [ -87.9552, 43.1348 ], [ -87.9846, 43.1339 ] ] ] } },
{ "type": "Feature", "properties": { "GEOID": "55079001900", "county": "Census Tract 19" }, "geometry": { "type": "Polygon", "coordinates": [ [ [ -87.9912, 43.1121 ], [ -87.9911, 43.1194 ], [ -87.9762, 43.1193 ], [ -87.9763, 43.112 ], [ -87.9912, 43.1121 ] ] ] } },
{ "type": "Feature", "properties": { "GEOID": "55079007200", "county": "Census Tract 72" }, "geometry": { "type": "Polygon", "coordinates": [ [ [ -87.9052, 43.0766 ], [ -87.905, 43.082 ], [ -87.8922, 43.0819 ], [ -87.8932, 43.0711 ], [ -87.8978, 43.0712 ], [ -87.8977, 43.0765 ], [ -87.9052, 43.0766 ] ] ] } },
{ "type": "Feature", "properties": { "GEOID": "55079005600", "county": "Census Tract 56" }, "geometry": { "type": "Polygon", "coordinates": [ [ [ -88.0384, 43.0676 ], [ -88.0356, 43.075 ], [ -88.0188, 43.0752 ], [ -88.0186, 43.0674 ], [ -88.0384, 43.0676 ] ] ] } },
{ "type": "Feature", "properties": { "GEOID": "55079018000", "county": "Census Tract 180" }, "geometry": { "type": "Polygon", "coordinates": [ [ [ -87.9083, 43.0083 ], [ -87.9024, 43.0175 ], [ -87.9047, 43.023 ], [ -87.8985, 43.0251 ], [ -87.887, 43.0012 ], [ -87.8967, 42.9959 ], [ -87.9083, 43.0083 ] ] ] } },
{ "type": "Feature", "properties": { "GEOID": "55079011200", "county": "Census Tract 112" }, "geometry": { "type": "Polygon", "coordinates": [ [ [ -87.9044, 43.0545 ], [ -87.8957, 43.0573 ], [ -87.8919, 43.0601 ], [ -87.8938, 43.0529 ], [ -87.9033, 43.053 ], [ -87.9044, 43.0545 ] ] ] } },
{ "type": "Feature", "properties": { "GEOID": "55079101200", "county": "Census Tract 1012" }, "geometry": { "type": "Polygon", "coordinates": [ [ [ -88.0383, 42.9881 ], [ -88.0378, 42.9954 ], [ -88.0174, 42.9955 ], [ -88.0176, 42.9882 ], [ -88.0383, 42.9881 ] ] ] } },
{ "type": "Feature", "properties": { "GEOID": "55085971002", "county": "Census Tract 9710.02" }, "geometry": { "type": "Polygon", "coordinates": [ [ [ -90.0452, 45.8176 ], [ -90.0429, 45.8973 ], [ -89.748, 45.8985 ], [ -89.7471, 45.8936 ], [ -89.7508, 45.8913 ], [ -89.7479, 45.8907 ], [ -89.7478, 45.8883 ], [ -89.7439, 45.8891 ], [ -89.7425, 45.8833 ], [ -89.7565, 45.8834 ], [ -89.7566, 45.8783 ], [ -89.7625, 45.8719 ], [ -89.767, 45.8687 ], [ -89.7764, 45.8688 ], [ -89.7732, 45.8535 ], [ -89.7776, 45.8508 ], [ -89.7789, 45.841 ], [ -89.7846, 45.8371 ], [ -89.7848, 45.8324 ], [ -89.7687, 45.8333 ], [ -89.7578, 45.8302 ], [ -89.7413, 45.8322 ], [ -89.7414, 45.8399 ], [ -89.745, 45.8431 ], [ -89.7439, 45.8475 ], [ -89.7332, 45.8474 ], [ -89.7266, 45.8567 ], [ -89.714, 45.8537 ], [ -89.705, 45.8564 ], [ -89.7034, 45.8546 ], [ -89.7087, 45.8387 ], [ -89.7263, 45.8199 ], [ -89.7257, 45.8104 ], [ -89.7294, 45.8046 ], [ -89.7351, 45.8044 ], [ -89.7369, 45.8094 ], [ -89.7459, 45.8148 ], [ -89.7577, 45.811 ], [ -89.7668, 45.8152 ], [ -89.8025, 45.8158 ], [ -89.8019, 45.807 ], [ -89.7989, 45.8025 ], [ -89.8064, 45.7953 ], [ -89.8064, 45.7764 ], [ -89.8181, 45.7732 ], [ -89.821, 45.7691 ], [ -89.8427, 45.757 ], [ -89.8429, 45.7526 ], [ -89.8501, 45.7434 ], [ -89.8417, 45.7319 ], [ -90.0435, 45.7304 ], [ -90.0452, 45.8176 ] ] ] } },
{ "type": "Feature", "properties": { "GEOID": "55085971100", "county": "Census Tract 9711" }, "geometry": { "type": "Polygon", "coordinates": [ [ [ -89.8168, 45.5563 ], [ -89.8168, 45.5698 ], [ -89.796, 45.5701 ], [ -89.7958, 45.6338 ], [ -89.8061, 45.6354 ], [ -89.805, 45.6482 ], [ -89.7933, 45.6498 ], [ -89.7857, 45.6451 ], [ -89.6521, 45.6449 ], [ -89.6497, 45.6355 ], [ -89.6369, 45.637 ], [ -89.6221, 45.6445 ], [ -89.6064, 45.6432 ], [ -89.5899, 45.6451 ], [ -89.5899, 45.6405 ], [ -89.5861, 45.6398 ], [ -89.585, 45.6343 ], [ -89.5751, 45.6215 ], [ -89.5626, 45.6212 ], [ -89.5542, 45.6149 ], [ -89.5534, 45.6106 ], [ -89.5586, 45.6099 ], [ -89.5559, 45.6047 ], [ -89.5692, 45.5907 ], [ -89.5691, 45.5558 ], [ -89.8168, 45.5563 ] ] ] } },
{ "type": "Feature", "properties": { "GEOID": "55085971300", "county": "Census Tract 9713" }, "geometry": { "type": "Polygon", "coordinates": [ [ [ -89.7848, 45.8324 ], [ -89.7846, 45.8371 ], [ -89.7789, 45.841 ], [ -89.7776, 45.8508 ], [ -89.7732, 45.8535 ], [ -89.7764, 45.8688 ], [ -89.767, 45.8687 ], [ -89.7625, 45.8719 ], [ -89.7566, 45.8783 ], [ -89.7565, 45.8834 ], [ -89.7363, 45.8834 ], [ -89.7036, 45.8876 ], [ -89.7011, 45.8907 ], [ -89.6801, 45.8907 ], [ -89.6646, 45.8735 ], [ -89.6711, 45.8714 ], [ -89.6696, 45.8678 ], [ -89.6718, 45.8655 ], [ -89.6691, 45.8626 ], [ -89.6786, 45.8564 ], [ -89.6773, 45.8533 ], [ -89.6862, 45.8491 ], [ -89.6891, 45.8441 ], [ -89.6874, 45.8388 ], [ -89.6737, 45.8319 ], [ -89.6733, 45.8179 ], [ -89.6956, 45.8179 ], [ -89.6954, 45.8251 ], [ -89.6913, 45.8274 ], [ -89.6879, 45.8269 ], [ -89.6891, 45.8307 ], [ -89.6992, 45.8306 ], [ -89.7056, 45.8372 ], [ -89.7132, 45.8339 ], [ -89.7035, 45.85 ], [ -89.705, 45.8564 ], [ -89.714, 45.8537 ], [ -89.7266, 45.8567 ], [ -89.7332, 45.8474 ], [ -89.7439, 45.8475 ], [ -89.745, 45.8431 ], [ -89.7414, 45.8399 ], [ -89.7413, 45.8322 ], [ -89.7578, 45.8302 ], [ -89.7687, 45.8333 ], [ -89.7848, 45.8324 ] ] ] } },
{ "type": "Feature", "properties": { "GEOID": "55085970601", "county": "Census Tract 9706.01" }, "geometry": { "type": "Polygon", "coordinates": [ [ [ -89.5851, 45.7276 ], [ -89.5765, 45.7286 ], [ -89.5693, 45.7325 ], [ -89.5169, 45.7322 ], [ -89.5129, 45.7338 ], [ -89.5153, 45.7306 ], [ -89.5102, 45.7265 ], [ -89.5133, 45.7276 ], [ -89.5104, 45.7181 ], [ -89.5127, 45.7152 ], [ -89.5101, 45.7118 ], [ -89.4933, 45.7071 ], [ -89.4886, 45.6999 ], [ -89.4708, 45.6975 ], [ -89.4487, 45.6863 ], [ -89.4499, 45.6836 ], [ -89.455, 45.6825 ], [ -89.4512, 45.68 ], [ -89.4491, 45.6816 ], [ -89.4442, 45.6764 ], [ -89.443, 45.6632 ], [ -89.4469, 45.6554 ], [ -89.4445, 45.6503 ], [ -89.4321, 45.6465 ], [ -89.4516, 45.645 ], [ -89.4585, 45.6422 ], [ -89.478, 45.6454 ], [ -89.5413, 45.644 ], [ -89.5525, 45.6475 ], [ -89.5478, 45.6571 ], [ -89.5496, 45.6648 ], [ -89.5549, 45.668 ], [ -89.5636, 45.6813 ], [ -89.5721, 45.6867 ], [ -89.5673, 45.697 ], [ -89.5752, 45.7037 ], [ -89.5851, 45.7276 ] ] ] } },
{ "type": "Feature", "properties": { "GEOID": "55079013400", "county": "Census Tract 134" }, "geometry": { "type": "Polygon", "coordinates": [ [ [ -87.9577, 43.0311 ], [ -87.9577, 43.0388 ], [ -87.9504, 43.0387 ], [ -87.9477, 43.0327 ], [ -87.9577, 43.0311 ] ] ] } },
{ "type": "Feature", "properties": { "GEOID": "55079010700", "county": "Census Tract 107" }, "geometry": { "type": "Polygon", "coordinates": [ [ [ -87.9052, 43.0553 ], [ -87.9053, 43.0638 ], [ -87.8979, 43.0638 ], [ -87.8979, 43.0602 ], [ -87.8936, 43.0602 ], [ -87.8957, 43.0573 ], [ -87.9052, 43.0553 ] ] ] } },
{ "type": "Feature", "properties": { "GEOID": "55079004100", "county": "Census Tract 41" }, "geometry": { "type": "Polygon", "coordinates": [ [ [ -87.967, 43.0899 ], [ -87.967, 43.0969 ], [ -87.9569, 43.0965 ], [ -87.9583, 43.1008 ], [ -87.953, 43.1009 ], [ -87.9505, 43.0994 ], [ -87.9505, 43.0951 ], [ -87.9469, 43.0952 ], [ -87.947, 43.0898 ], [ -87.967, 43.0899 ] ] ] } },
{ "type": "Feature", "properties": { "GEOID": "55079185200", "county": "Census Tract 1852" }, "geometry": { "type": "Polygon", "coordinates": [ [ [ -87.894, 42.9732 ], [ -87.8918, 42.9733 ], [ -87.8929, 42.9708 ], [ -87.8865, 42.9719 ], [ -87.8888, 42.9806 ], [ -87.8834, 42.9806 ], [ -87.8699, 42.9657 ], [ -87.87, 42.9591 ], [ -87.8897, 42.9592 ], [ -87.8896, 42.9643 ], [ -87.8941, 42.9662 ], [ -87.894, 42.9732 ] ] ] } },
{ "type": "Feature", "properties": { "GEOID": "55079014700", "county": "Census Tract 147" }, "geometry": { "type": "Polygon", "coordinates": [ [ [ -87.9379, 43.0402 ], [ -87.9378, 43.0458 ], [ -87.934, 43.0459 ], [ -87.933, 43.0387 ], [ -87.9379, 43.0402 ] ] ] } },
{ "type": "Feature", "properties": { "GEOID": "55079080100", "county": "Census Tract 801" }, "geometry": { "type": "Polygon", "coordinates": [ [ [ -87.9071, 43.1003 ], [ -87.8923, 43.1002 ], [ -87.8923, 43.0892 ], [ -87.8997, 43.0902 ], [ -87.901, 43.0957 ], [ -87.9064, 43.0978 ], [ -87.9071, 43.1003 ] ] ] } },
{ "type": "Feature", "properties": { "GEOID": "55079030100", "county": "Census Tract 301" }, "geometry": { "type": "Polygon", "coordinates": [ [ [ -87.9247, 43.1921 ], [ -87.8921, 43.192 ], [ -87.8876, 43.1866 ], [ -87.8815, 43.1697 ], [ -87.899, 43.1699 ], [ -87.9018, 43.1761 ], [ -87.9174, 43.1763 ], [ -87.9247, 43.1921 ] ] ] } },
{ "type": "Feature", "properties": { "GEOID": "55079016400", "county": "Census Tract 164" }, "geometry": { "type": "Polygon", "coordinates": [ [ [ -87.9331, 43.0191 ], [ -87.9225, 43.0191 ], [ -87.9226, 43.0141 ], [ -87.933, 43.0142 ], [ -87.9331, 43.0191 ] ] ] } },
{ "type": "Feature", "properties": { "GEOID": "55079016800", "county": "Census Tract 168" }, "geometry": { "type": "Polygon", "coordinates": [ [ [ -87.9332, 43.0065 ], [ -87.933, 43.0142 ], [ -87.9254, 43.0141 ], [ -87.9257, 43.0065 ], [ -87.9332, 43.0065 ] ] ] } },
{ "type": "Feature", "properties": { "GEOID": "55079019800", "county": "Census Tract 198" }, "geometry": { "type": "Polygon", "coordinates": [ [ [ -87.9981, 42.9705 ], [ -87.9977, 42.9883 ], [ -87.9778, 42.9884 ], [ -87.9779, 42.983 ], [ -87.9981, 42.9705 ] ] ] } },
{ "type": "Feature", "properties": { "GEOID": "55079020600", "county": "Census Tract 206" }, "geometry": { "type": "Polygon", "coordinates": [ [ [ -87.9095, 42.9738 ], [ -87.9093, 42.9883 ], [ -87.8993, 42.9883 ], [ -87.8996, 42.9737 ], [ -87.9095, 42.9738 ] ] ] } },
{ "type": "Feature", "properties": { "GEOID": "55079018300", "county": "Census Tract 183" }, "geometry": { "type": "Polygon", "coordinates": [ [ [ -87.9004, 42.9956 ], [ -87.8871, 42.9921 ], [ -87.8834, 42.9882 ], [ -87.8969, 42.9883 ], [ -87.9004, 42.9956 ] ] ] } },
{ "type": "Feature", "properties": { "GEOID": "55095960800", "county": "Census Tract 9608" }, "geometry": { "type": "Polygon", "coordinates": [ [ [ -92.7619, 45.287 ], [ -92.7587, 45.291 ], [ -92.7371, 45.3005 ], [ -92.71, 45.3213 ], [ -92.7, 45.3337 ], [ -92.696, 45.3437 ], [ -92.6979, 45.3462 ], [ -92.692, 45.3507 ], [ -92.6879, 45.3479 ], [ -92.6822, 45.3496 ], [ -92.6823, 45.3434 ], [ -92.6351, 45.343 ], [ -92.6114, 45.3365 ], [ -92.6159, 45.3502 ], [ -92.6139, 45.3538 ], [ -92.5861, 45.3537 ], [ -92.5773, 45.3561 ], [ -92.5505, 45.3535 ], [ -92.5501, 45.3193 ], [ -92.5519, 45.3174 ], [ -92.568, 45.3188 ], [ -92.5733, 45.3112 ], [ -92.5707, 45.3089 ], [ -92.5708, 45.2959 ], [ -92.6065, 45.296 ], [ -92.6062, 45.2825 ], [ -92.6015, 45.2826 ], [ -92.5962, 45.2753 ], [ -92.596, 45.2615 ], [ -92.6115, 45.2619 ], [ -92.6103, 45.2102 ], [ -92.758, 45.2096 ], [ -92.7517, 45.2187 ], [ -92.7575, 45.2305 ], [ -92.7602, 45.2496 ], [ -92.7517, 45.2617 ], [ -92.7517, 45.2659 ], [ -92.7606, 45.2788 ], [ -92.7619, 45.287 ] ] ] } },
{ "type": "Feature", "properties": { "GEOID": "55111000200", "county": "Census Tract 2" }, "geometry": { "type": "Polygon", "coordinates": [ [ [ -90.0821, 43.6339 ], [ -90.0724, 43.6417 ], [ -89.8114, 43.641 ], [ -89.8047, 43.6265 ], [ -89.8118, 43.6255 ], [ -89.8161, 43.62 ], [ -89.826, 43.6191 ], [ -89.8298, 43.6165 ], [ -89.8479, 43.6187 ], [ -89.8473, 43.5907 ], [ -89.8373, 43.5905 ], [ -89.8372, 43.5667 ], [ -89.8422, 43.559 ], [ -89.8438, 43.5476 ], [ -89.8372, 43.5475 ], [ -89.8378, 43.5163 ], [ -89.8321, 43.5112 ], [ -89.841, 43.5113 ], [ -89.8418, 43.5034 ], [ -89.8418, 43.4786 ], [ -89.8371, 43.4776 ], [ -89.8352, 43.4684 ], [ -89.8369, 43.4443 ], [ -89.8533, 43.4432 ], [ -89.8667, 43.4458 ], [ -89.8667, 43.4494 ], [ -89.8763, 43.4502 ], [ -89.8773, 43.4529 ], [ -89.8824, 43.453 ], [ -89.8824, 43.4562 ], [ -89.8767, 43.4576 ], [ -89.8766, 43.4603 ], [ -89.8812, 43.4639 ], [ -89.8963, 43.4636 ], [ -89.8965, 43.4601 ], [ -89.9165, 43.4601 ], [ -89.9165, 43.4638 ], [ -89.9365, 43.4637 ], [ -89.9311, 43.4684 ], [ -89.9333, 43.4755 ], [ -89.9424, 43.4735 ], [ -89.9537, 43.4817 ], [ -89.9544, 43.4923 ], [ -89.9466, 43.4935 ], [ -89.9455, 43.4965 ], [ -89.9499, 43.5044 ], [ -89.9493, 43.5178 ], [ -89.9545, 43.5248 ], [ -89.9544, 43.5348 ], [ -89.9601, 43.54 ], [ -89.9647, 43.5399 ], [ -89.9648, 43.5495 ], [ -89.9713, 43.552 ], [ -89.9727, 43.5623 ], [ -89.9861, 43.5629 ], [ -89.9891, 43.5611 ], [ -90.0004, 43.5659 ], [ -90.0237, 43.5658 ], [ -90.0258, 43.5589 ], [ -90.032, 43.5596 ], [ -90.0344, 43.5621 ], [ -90.0591, 43.5625 ], [ -90.0596, 43.5761 ], [ -90.0656, 43.5767 ], [ -90.0662, 43.584 ], [ -90.0688, 43.5841 ], [ -90.0686, 43.6045 ], [ -90.0726, 43.6115 ], [ -90.0592, 43.6169 ], [ -90.0533, 43.6145 ], [ -90.042, 43.6162 ], [ -90.0438, 43.6231 ], [ -90.0392, 43.6305 ], [ -90.0499, 43.6338 ], [ -90.0628, 43.6326 ], [ -90.0651, 43.6274 ], [ -90.0782, 43.6272 ], [ -90.0825, 43.6289 ], [ -90.0821, 43.6339 ] ] ] } },
{ "type": "Feature", "properties": { "GEOID": "55111001100", "county": "Census Tract 11" }, "geometry": { "type": "Polygon", "coordinates": [ [ [ -90.1918, 43.2516 ], [ -90.1918, 43.458 ], [ -90.1666, 43.4571 ], [ -90.16, 43.4531 ], [ -90.1386, 43.453 ], [ -90.132, 43.4601 ], [ -90.103, 43.4605 ], [ -90.1025, 43.4658 ], [ -90.0995, 43.4675 ], [ -90.0841, 43.4705 ], [ -90.0731, 43.4753 ], [ -90.073, 43.4635 ], [ -90.0631, 43.4602 ], [ -90.0337, 43.4607 ], [ -90.0191, 43.4676 ], [ -90.0171, 43.4712 ], [ -90.0045, 43.4712 ], [ -90.0033, 43.4646 ], [ -89.9742, 43.4638 ], [ -89.9736, 43.4676 ], [ -89.9642, 43.4676 ], [ -89.9639, 43.4203 ], [ -89.9602, 43.4166 ], [ -89.9484, 43.415 ], [ -89.9524, 43.4079 ], [ -89.9587, 43.4055 ], [ -89.9588, 43.4021 ], [ -89.9638, 43.4021 ], [ -89.9643, 43.3948 ], [ -89.9742, 43.3943 ], [ -89.9738, 43.389 ], [ -89.9703, 43.3865 ], [ -89.9688, 43.3701 ], [ -89.9761, 43.3568 ], [ -89.9606, 43.3424 ], [ -89.9595, 43.3333 ], [ -89.9544, 43.3313 ], [ -89.952, 43.316 ], [ -89.9471, 43.3141 ], [ -89.9466, 43.3063 ], [ -89.9324, 43.3016 ], [ -89.9318, 43.2892 ], [ -89.9273, 43.285 ], [ -89.9272, 43.2595 ], [ -89.9299, 43.2541 ], [ -89.9634, 43.2571 ], [ -90.0001, 43.2667 ], [ -90.0015, 43.2545 ], [ -89.9986, 43.2444 ], [ -90.0005, 43.2362 ], [ -90.0098, 43.2268 ], [ -90.0098, 43.2173 ], [ -90.0145, 43.2158 ], [ -90.0428, 43.2163 ], [ -90.0628, 43.2128 ], [ -90.0694, 43.2151 ], [ -90.0744, 43.2223 ], [ -90.1135, 43.2208 ], [ -90.1133, 43.246 ], [ -90.1108, 43.2499 ], [ -90.1171, 43.2523 ], [ -90.1918, 43.2516 ] ] ] } },
{ "type": "Feature", "properties": { "GEOID": "55113100300", "county": "Census Tract 1003" }, "geometry": { "type": "Polygon", "coordinates": [ [ [ -91.5518, 45.9833 ], [ -91.5506, 46.0555 ], [ -91.4926, 46.0553 ], [ -91.4889, 46.051 ], [ -91.4873, 46.0268 ], [ -91.4485, 46.0263 ], [ -91.4537, 46.0215 ], [ -91.4517, 46.0189 ], [ -91.4573, 46.0107 ], [ -91.4116, 46.0152 ], [ -91.4012, 46.022 ], [ -91.3841, 46.0243 ], [ -91.3836, 45.9827 ], [ -91.4177, 45.9828 ], [ -91.4167, 45.957 ], [ -91.4201, 45.9619 ], [ -91.4446, 45.9739 ], [ -91.4446, 45.9786 ], [ -91.4518, 45.9831 ], [ -91.4822, 45.9832 ], [ -91.4874, 45.9811 ], [ -91.4883, 45.9782 ], [ -91.5018, 45.9755 ], [ -91.5135, 45.9785 ], [ -91.5149, 45.976 ], [ -91.5255, 45.9725 ], [ -91.5288, 45.9653 ], [ -91.5358, 45.9711 ], [ -91.5422, 45.9686 ], [ -91.5418, 45.9826 ], [ -91.5518, 45.9833 ] ] ] } },
{ "type": "Feature", "properties": { "GEOID": "55113100700", "county": "Census Tract 1007" }, "geometry": { "type": "Polygon", "coordinates": [ [ [ -91.4069, 45.6428 ], [ -91.3758, 45.6616 ], [ -91.3731, 45.6683 ], [ -91.3635, 45.6739 ], [ -91.3678, 45.6763 ], [ -91.3647, 45.6791 ], [ -91.3662, 45.7007 ], [ -91.3585, 45.7049 ], [ -91.3578, 45.7508 ], [ -91.3512, 45.7614 ], [ -91.3539, 45.7657 ], [ -91.3528, 45.7823 ], [ -91.3578, 45.7825 ], [ -91.3577, 45.8128 ], [ -91.3063, 45.8129 ], [ -91.3063, 45.8066 ], [ -91.296, 45.807 ], [ -91.296, 45.8016 ], [ -91.2892, 45.8016 ], [ -91.2892, 45.798 ], [ -91.2867, 45.798 ], [ -91.2864, 45.8052 ], [ -91.2763, 45.8052 ], [ -91.2762, 45.8127 ], [ -91.235, 45.8128 ], [ -91.2353, 45.8556 ], [ -91.1731, 45.8555 ], [ -91.173, 45.8985 ], [ -91.0939, 45.8985 ], [ -91.0779, 45.8913 ], [ -91.0773, 45.8978 ], [ -91.0697, 45.8988 ], [ -91.064, 45.9029 ], [ -91.065, 45.9113 ], [ -91.0617, 45.9145 ], [ -91.0528, 45.9076 ], [ -91.0271, 45.8998 ], [ -91.0303, 45.8631 ], [ -91.0287, 45.827 ], [ -91.0437, 45.827 ], [ -91.0438, 45.8299 ], [ -91.0606, 45.829 ], [ -91.0658, 45.8263 ], [ -91.0647, 45.8112 ], [ -91.1167, 45.7981 ], [ -91.1121, 45.7868 ], [ -91.1115, 45.769 ], [ -91.0491, 45.7693 ], [ -91.0482, 45.7765 ], [ -91.0282, 45.7761 ], [ -91.029, 45.7476 ], [ -91.0491, 45.7475 ], [ -91.0494, 45.7257 ], [ -91.1946, 45.7256 ], [ -91.1942, 45.6897 ], [ -91.198, 45.6893 ], [ -91.1935, 45.685 ], [ -91.1953, 45.6769 ], [ -91.1904, 45.6748 ], [ -91.1883, 45.6775 ], [ -91.1843, 45.6758 ], [ -91.1759, 45.6628 ], [ -91.1784, 45.6579 ], [ -91.186, 45.654 ], [ -91.1839, 45.6485 ], [ -91.1929, 45.6425 ], [ -91.1893, 45.6385 ], [ -91.4048, 45.638 ], [ -91.4022, 45.64 ], [ -91.3989, 45.6391 ], [ -91.4005, 45.6408 ], [ -91.4046, 45.6397 ], [ -91.4069, 45.6428 ] ] ] } },
{ "type": "Feature", "properties": { "GEOID": "55129950300", "county": "Census Tract 9503" }, "geometry": { "type": "Polygon", "coordinates": [ [ [ -91.7883, 45.9835 ], [ -91.7542, 45.9837 ], [ -91.7454, 45.9794 ], [ -91.7314, 45.9843 ], [ -91.6918, 45.9819 ], [ -91.6551, 45.9828 ], [ -91.6328, 45.9977 ], [ -91.6009, 45.9974 ], [ -91.5951, 45.9955 ], [ -91.5918, 45.9888 ], [ -91.5866, 45.986 ], [ -91.5593, 45.9815 ], [ -91.5418, 45.9826 ], [ -91.5403, 45.6376 ], [ -91.6828, 45.6388 ], [ -91.6834, 45.6609 ], [ -91.6825, 45.6661 ], [ -91.6791, 45.6676 ], [ -91.6833, 45.6722 ], [ -91.6828, 45.6815 ], [ -91.6786, 45.6819 ], [ -91.6739, 45.6872 ], [ -91.6698, 45.7038 ], [ -91.6606, 45.7054 ], [ -91.6533, 45.7096 ], [ -91.6544, 45.7321 ], [ -91.6496, 45.7352 ], [ -91.6582, 45.7356 ], [ -91.6565, 45.7585 ], [ -91.6613, 45.7615 ], [ -91.6792, 45.755 ], [ -91.6803, 45.7528 ], [ -91.7035, 45.753 ], [ -91.7035, 45.7819 ], [ -91.6745, 45.7822 ], [ -91.6694, 45.7854 ], [ -91.6688, 45.7908 ], [ -91.6628, 45.7947 ], [ -91.6622, 45.8099 ], [ -91.6794, 45.8149 ], [ -91.6942, 45.8115 ], [ -91.7005, 45.8134 ], [ -91.7242, 45.8135 ], [ -91.7382, 45.8157 ], [ -91.7637, 45.8138 ], [ -91.7635, 45.8565 ], [ -91.7583, 45.857 ], [ -91.7579, 45.8608 ], [ -91.7631, 45.865 ], [ -91.7639, 45.9104 ], [ -91.7865, 45.9104 ], [ -91.7883, 45.9835 ] ] ] } },
{ "type": "Feature", "properties": { "GEOID": "55141010400", "county": "Census Tract 104" }, "geometry": { "type": "Polygon", "coordinates": [ [ [ -90.1802, 44.6269 ], [ -90.1814, 44.6557 ], [ -90.1714, 44.6556 ], [ -90.1674, 44.6612 ], [ -90.1641, 44.6601 ], [ -90.1628, 44.6618 ], [ -90.1648, 44.6646 ], [ -90.14, 44.6553 ], [ -90.1401, 44.6264 ], [ -90.1802, 44.6269 ] ] ] } },
{ "type": "Feature", "properties": { "GEOID": "55141010700", "county": "Census Tract 107" }, "geometry": { "type": "Polygon", "coordinates": [ [ [ -90.3157, 44.5128 ], [ -90.3162, 44.6852 ], [ -90.1982, 44.6853 ], [ -90.1981, 44.627 ], [ -90.1401, 44.6264 ], [ -90.1402, 44.5977 ], [ -90.0798, 44.5972 ], [ -90.08, 44.5405 ], [ -90.0899, 44.5404 ], [ -90.0902, 44.5261 ], [ -90.0801, 44.5261 ], [ -90.0801, 44.5116 ], [ -90.1798, 44.5116 ], [ -90.1799, 44.5261 ], [ -90.2184, 44.5266 ], [ -90.2184, 44.5121 ], [ -90.3157, 44.5128 ] ] ] } },
{ "type": "Feature", "properties": { "GEOID": "55141010300", "county": "Census Tract 103" }, "geometry": { "type": "Polygon", "coordinates": [ [ [ -90.1814, 44.6557 ], [ -90.1666, 44.6771 ], [ -90.1601, 44.677 ], [ -90.1565, 44.6698 ], [ -90.1616, 44.6635 ], [ -90.1648, 44.6646 ], [ -90.1641, 44.6601 ], [ -90.1674, 44.6612 ], [ -90.1714, 44.6556 ], [ -90.1814, 44.6557 ] ] ] } },
{ "type": "Feature", "properties": { "GEOID": "55141010600", "county": "Census Tract 106" }, "geometry": { "type": "Polygon", "coordinates": [ [ [ -90.1983, 44.6713 ], [ -90.1982, 44.6853 ], [ -90.1607, 44.6852 ], [ -90.1814, 44.6557 ], [ -90.1853, 44.6556 ], [ -90.1822, 44.6704 ], [ -90.1983, 44.6713 ] ] ] } },
{ "type": "Feature", "properties": { "GEOID": "55079013500", "county": "Census Tract 135" }, "geometry": { "type": "Polygon", "coordinates": [ [ [ -87.9577, 43.0388 ], [ -87.9577, 43.0417 ], [ -87.9477, 43.0416 ], [ -87.9477, 43.0387 ], [ -87.9577, 43.0388 ] ] ] } },
{ "type": "Feature", "properties": { "GEOID": "55079101500", "county": "Census Tract 1015" }, "geometry": { "type": "Polygon", "coordinates": [ [ [ -88.0171, 43.0101 ], [ -87.9979, 43.0101 ], [ -87.9968, 43.0046 ], [ -88.0173, 43.0039 ], [ -88.0171, 43.0101 ] ] ] } },
{ "type": "Feature", "properties": { "GEOID": "55079002100", "county": "Census Tract 21" }, "geometry": { "type": "Polygon", "coordinates": [ [ [ -87.9601, 43.1119 ], [ -87.9599, 43.1192 ], [ -87.9463, 43.1191 ], [ -87.9465, 43.1118 ], [ -87.9601, 43.1119 ] ] ] } },
{ "type": "Feature", "properties": { "GEOID": "55079012500", "county": "Census Tract 125" }, "geometry": { "type": "Polygon", "coordinates": [ [ [ -87.9875, 43.0422 ], [ -87.9689, 43.042 ], [ -87.9649, 43.0378 ], [ -87.9672, 43.0331 ], [ -87.9866, 43.0305 ], [ -87.9841, 43.04 ], [ -87.9875, 43.0402 ], [ -87.9875, 43.0422 ] ] ] } },
{ "type": "Feature", "properties": { "GEOID": "55079005700", "county": "Census Tract 57" }, "geometry": { "type": "Polygon", "coordinates": [ [ [ -88.0188, 43.0752 ], [ -88.0074, 43.0753 ], [ -88.0074, 43.0676 ], [ -88.0186, 43.0674 ], [ -88.0188, 43.0752 ] ] ] } },
{ "type": "Feature", "properties": { "GEOID": "55079005300", "county": "Census Tract 53" }, "geometry": { "type": "Polygon", "coordinates": [ [ [ -88.0175, 43.0825 ], [ -88.0073, 43.0826 ], [ -88.0074, 43.0753 ], [ -88.0175, 43.0752 ], [ -88.0175, 43.0825 ] ] ] } },
{ "type": "Feature", "properties": { "GEOID": "55079012900", "county": "Census Tract 129" }, "geometry": { "type": "Polygon", "coordinates": [ [ [ -88.0073, 43.0322 ], [ -87.9934, 43.0321 ], [ -87.9924, 43.0241 ], [ -88.0072, 43.0242 ], [ -88.0073, 43.0322 ] ] ] } },
{ "type": "Feature", "properties": { "GEOID": "55079091000", "county": "Census Tract 910" }, "geometry": { "type": "Polygon", "coordinates": [ [ [ -88.0052, 43.0695 ], [ -87.9935, 43.068 ], [ -87.9935, 43.0662 ], [ -87.9892, 43.0676 ], [ -87.9875, 43.0607 ], [ -88.0051, 43.0607 ], [ -88.0052, 43.0695 ] ] ] } },
{ "type": "Feature", "properties": { "GEOID": "55079006500", "county": "Census Tract 65" }, "geometry": { "type": "Polygon", "coordinates": [ [ [ -87.9473, 43.077 ], [ -87.9471, 43.0835 ], [ -87.9372, 43.0824 ], [ -87.9373, 43.0768 ], [ -87.9473, 43.077 ] ] ] } },
{ "type": "Feature", "properties": { "GEOID": "55079020400", "county": "Census Tract 204" }, "geometry": { "type": "Polygon", "coordinates": [ [ [ -87.9338, 42.9847 ], [ -87.9338, 42.992 ], [ -87.9263, 42.9919 ], [ -87.9264, 42.9847 ], [ -87.9338, 42.9847 ] ] ] } },
{ "type": "Feature", "properties": { "GEOID": "55079006400", "county": "Census Tract 64" }, "geometry": { "type": "Polygon", "coordinates": [ [ [ -87.9473, 43.0716 ], [ -87.9473, 43.077 ], [ -87.9373, 43.0768 ], [ -87.9374, 43.0714 ], [ -87.9473, 43.0716 ] ] ] } },
{ "type": "Feature", "properties": { "GEOID": "55079021200", "county": "Census Tract 212" }, "geometry": { "type": "Polygon", "coordinates": [ [ [ -87.9292, 42.9593 ], [ -87.9291, 42.9738 ], [ -87.9193, 42.9738 ], [ -87.9194, 42.9665 ], [ -87.9096, 42.9665 ], [ -87.9097, 42.9592 ], [ -87.9292, 42.9593 ] ] ] } },
{ "type": "Feature", "properties": { "GEOID": "55079006800", "county": "Census Tract 68" }, "geometry": { "type": "Polygon", "coordinates": [ [ [ -87.9345, 43.0818 ], [ -87.9184, 43.0817 ], [ -87.9154, 43.0776 ], [ -87.9327, 43.078 ], [ -87.9345, 43.0818 ] ] ] } },
{ "type": "Feature", "properties": { "GEOID": "55079007900", "county": "Census Tract 79" }, "geometry": { "type": "Polygon", "coordinates": [ [ [ -87.9004, 43.0638 ], [ -87.9003, 43.0711 ], [ -87.8932, 43.0711 ], [ -87.8936, 43.0602 ], [ -87.8979, 43.0602 ], [ -87.8979, 43.0638 ], [ -87.9004, 43.0638 ] ] ] } },
{ "type": "Feature", "properties": { "GEOID": "55079010600", "county": "Census Tract 106" }, "geometry": { "type": "Polygon", "coordinates": [ [ [ -87.9097, 43.0564 ], [ -87.9096, 43.0639 ], [ -87.9053, 43.0638 ], [ -87.9053, 43.0564 ], [ -87.9097, 43.0564 ] ] ] } },
{ "type": "Feature", "properties": { "GEOID": "55079180300", "county": "Census Tract 1803" }, "geometry": { "type": "Polygon", "coordinates": [ [ [ -87.8853, 42.9446 ], [ -87.8833, 42.9591 ], [ -87.87, 42.9591 ], [ -87.8699, 42.9663 ], [ -87.8651, 42.9609 ], [ -87.8601, 42.961 ], [ -87.86, 42.9483 ], [ -87.85, 42.9484 ], [ -87.8499, 42.9446 ], [ -87.8853, 42.9446 ] ] ] } },
{ "type": "Feature", "properties": { "GEOID": "55079019900", "county": "Census Tract 199" }, "geometry": { "type": "Polygon", "coordinates": [ [ [ -87.9928, 42.9739 ], [ -87.9801, 42.9816 ], [ -87.98, 42.9765 ], [ -87.978, 42.9776 ], [ -87.9756, 42.9757 ], [ -87.9756, 42.9786 ], [ -87.9735, 42.9786 ], [ -87.9702, 42.975 ], [ -87.9748, 42.9739 ], [ -87.9741, 42.9708 ], [ -87.9776, 42.9708 ], [ -87.9783, 42.9666 ], [ -87.9883, 42.9666 ], [ -87.9881, 42.9699 ], [ -87.9928, 42.9702 ], [ -87.9901, 42.9739 ], [ -87.9928, 42.9739 ] ] ] } },
{ "type": "Feature", "properties": { "GEOID": "55079020900", "county": "Census Tract 209" }, "geometry": { "type": "Polygon", "coordinates": [ [ [ -87.9096, 42.9665 ], [ -87.9095, 42.9738 ], [ -87.894, 42.9732 ], [ -87.8941, 42.9662 ], [ -87.9096, 42.9665 ] ] ] } },
{ "type": "Feature", "properties": { "GEOID": "55079060101", "county": "Census Tract 601.01" }, "geometry": { "type": "Polygon", "coordinates": [ [ [ -87.9516, 43.1412 ], [ -87.9331, 43.1408 ], [ -87.9262, 43.1429 ], [ -87.9197, 43.1405 ], [ -87.9197, 43.1434 ], [ -87.9151, 43.1426 ], [ -87.9155, 43.1623 ], [ -87.9117, 43.1619 ], [ -87.9143, 43.1503 ], [ -87.9083, 43.1495 ], [ -87.9096, 43.1337 ], [ -87.9174, 43.1317 ], [ -87.9477, 43.1323 ], [ -87.9516, 43.1412 ] ] ] } },
{ "type": "Feature", "properties": { "GEOID": "55079000102", "county": "Census Tract 1.02" }, "geometry": { "type": "Polygon", "coordinates": [ [ [ -88.0252, 43.1486 ], [ -88.0243, 43.1776 ], [ -87.9945, 43.1777 ], [ -87.9948, 43.1632 ], [ -88.0046, 43.1633 ], [ -88.0053, 43.1487 ], [ -88.0252, 43.1486 ] ] ] } },
{ "type": "Feature", "properties": { "GEOID": "55079010800", "county": "Census Tract 108" }, "geometry": { "type": "Polygon", "coordinates": [ [ [ -87.8923, 43.0529 ], [ -87.8919, 43.0601 ], [ -87.8838, 43.0601 ], [ -87.8923, 43.0529 ] ] ] } },
{ "type": "Feature", "properties": { "GEOID": "55079090600", "county": "Census Tract 906" }, "geometry": { "type": "Polygon", "coordinates": [ [ [ -88.067, 43.0309 ], [ -88.0669, 43.0455 ], [ -88.0474, 43.0456 ], [ -88.0472, 43.0383 ], [ -88.0316, 43.0384 ], [ -88.0314, 43.0355 ], [ -88.047, 43.0351 ], [ -88.0472, 43.031 ], [ -88.067, 43.0309 ] ] ] } },
{ "type": "Feature", "properties": { "GEOID": "55079110100", "county": "Census Tract 1101" }, "geometry": { "type": "Polygon", "coordinates": [ [ [ -87.9821, 43.0102 ], [ -87.9826, 43.0183 ], [ -87.9695, 43.0207 ], [ -87.9694, 43.0242 ], [ -87.9624, 43.0242 ], [ -87.9618, 43.0169 ], [ -87.9675, 43.0168 ], [ -87.9675, 43.0143 ], [ -87.9627, 43.0132 ], [ -87.9664, 43.0123 ], [ -87.9663, 43.0102 ], [ -87.961, 43.0098 ], [ -87.9611, 43.003 ], [ -87.9685, 43.0029 ], [ -87.9685, 43.0008 ], [ -87.9776, 43.0038 ], [ -87.9764, 43.0102 ], [ -87.9821, 43.0102 ] ] ] } },
{ "type": "Feature", "properties": { "GEOID": "55079009400", "county": "Census Tract 94" }, "geometry": { "type": "Polygon", "coordinates": [ [ [ -87.9875, 43.05 ], [ -87.9875, 43.0571 ], [ -87.9788, 43.0571 ], [ -87.9788, 43.0491 ], [ -87.9875, 43.05 ] ] ] } },
{ "type": "Feature", "properties": { "GEOID": "55079186200", "county": "Census Tract 1862" }, "geometry": { "type": "Polygon", "coordinates": [ [ [ -87.9378, 43.0458 ], [ -87.9377, 43.0514 ], [ -87.9271, 43.0513 ], [ -87.9271, 43.0458 ], [ -87.9378, 43.0458 ] ] ] } },
{ "type": "Feature", "properties": { "GEOID": "55079187200", "county": "Census Tract 1872" }, "geometry": { "type": "Polygon", "coordinates": [ [ [ -88.0699, 42.8433 ], [ -88.0696, 42.8729 ], [ -88.0102, 42.8726 ], [ -88.0096, 42.9016 ], [ -87.98, 42.9015 ], [ -87.9808, 42.8726 ], [ -87.9513, 42.8727 ], [ -87.9519, 42.8435 ], [ -88.0699, 42.8433 ] ] ] } },
{ "type": "Feature", "properties": { "GEOID": "55079003900", "county": "Census Tract 39" }, "geometry": { "type": "Polygon", "coordinates": [ [ [ -87.967, 43.0899 ], [ -87.9571, 43.0899 ], [ -87.9572, 43.0825 ], [ -87.9672, 43.0825 ], [ -87.967, 43.0899 ] ] ] } },
{ "type": "Feature", "properties": { "GEOID": "55079101600", "county": "Census Tract 1016" }, "geometry": { "type": "Polygon", "coordinates": [ [ [ -87.9979, 43.0101 ], [ -87.9757, 43.0029 ], [ -87.9776, 42.9993 ], [ -87.9867, 42.9975 ], [ -87.9975, 42.999 ], [ -87.9979, 43.0101 ] ] ] } },
{ "type": "Feature", "properties": { "GEOID": "55067960500", "county": "Census Tract 9605" }, "geometry": { "type": "Polygon", "coordinates": [ [ [ -89.0922, 45.2416 ], [ -89.0919, 45.2572 ], [ -89.0729, 45.2781 ], [ -89.0636, 45.2962 ], [ -89.048, 45.309 ], [ -89.0166, 45.3102 ], [ -88.9944, 45.3489 ], [ -88.9923, 45.3471 ], [ -88.9798, 45.3459 ], [ -88.9679, 45.3346 ], [ -88.9625, 45.334 ], [ -88.953, 45.3271 ], [ -88.9449, 45.3274 ], [ -88.9357, 45.3354 ], [ -88.9233, 45.3349 ], [ -88.917, 45.3327 ], [ -88.9138, 45.3357 ], [ -88.9123, 45.3341 ], [ -88.9099, 45.3355 ], [ -88.9102, 45.3377 ], [ -88.9048, 45.3386 ], [ -88.891, 45.3361 ], [ -88.9057, 45.3481 ], [ -88.9097, 45.3589 ], [ -88.9309, 45.3713 ], [ -88.9308, 45.3781 ], [ -88.9261, 45.3817 ], [ -88.926, 45.3786 ], [ -88.678, 45.3787 ], [ -88.6801, 45.205 ], [ -88.6382, 45.2048 ], [ -88.6412, 45.1174 ], [ -88.7856, 45.1177 ], [ -88.7977, 45.1241 ], [ -88.7943, 45.1266 ], [ -88.8002, 45.1292 ], [ -88.8009, 45.1322 ], [ -88.7962, 45.1349 ], [ -88.802, 45.137 ], [ -88.7981, 45.1436 ], [ -88.8049, 45.1505 ], [ -88.8016, 45.1519 ], [ -88.8038, 45.1549 ], [ -88.8012, 45.1589 ], [ -88.8064, 45.1615 ], [ -88.8018, 45.1671 ], [ -88.8034, 45.1699 ], [ -88.8076, 45.1679 ], [ -88.9075, 45.1682 ], [ -88.9069, 45.179 ], [ -88.9118, 45.1792 ], [ -88.9117, 45.1827 ], [ -88.928, 45.1827 ], [ -88.9278, 45.189 ], [ -88.9378, 45.1902 ], [ -88.9383, 45.1956 ], [ -88.9478, 45.1978 ], [ -88.9491, 45.2136 ], [ -88.9614, 45.2187 ], [ -88.9779, 45.2185 ], [ -88.9781, 45.2043 ], [ -89.0192, 45.2043 ], [ -89.0191, 45.2091 ], [ -89.0507, 45.2002 ], [ -89.0507, 45.2407 ], [ -89.0922, 45.2416 ] ] ] } },
{ "type": "Feature", "properties": { "GEOID": "55067960700", "county": "Census Tract 9607" }, "geometry": { "type": "Polygon", "coordinates": [ [ [ -89.1541, 45.1184 ], [ -89.152, 45.148 ], [ -89.154, 45.1481 ], [ -89.1536, 45.1727 ], [ -89.1464, 45.1728 ], [ -89.1451, 45.1843 ], [ -89.1341, 45.1834 ], [ -89.135, 45.1547 ], [ -89.1241, 45.1549 ], [ -89.135, 45.1475 ], [ -89.1145, 45.1473 ], [ -89.1159, 45.1181 ], [ -89.1541, 45.1184 ] ] ] } },
{ "type": "Feature", "properties": { "GEOID": "55065970200", "county": "Census Tract 9702" }, "geometry": { "type": "Polygon", "coordinates": [ [ [ -90.3021, 42.799 ], [ -90.2997, 42.7997 ], [ -90.2997, 42.8142 ], [ -90.083, 42.8138 ], [ -90.083, 42.7992 ], [ -90.078, 42.7992 ], [ -90.0786, 42.7847 ], [ -90.0829, 42.7844 ], [ -90.0829, 42.7702 ], [ -90.073, 42.7695 ], [ -90.0723, 42.7663 ], [ -90.0652, 42.7661 ], [ -90.0636, 42.7473 ], [ -90.0658, 42.7443 ], [ -90.0694, 42.7441 ], [ -90.0718, 42.7389 ], [ -90.0754, 42.7392 ], [ -90.0757, 42.7338 ], [ -90.0779, 42.7334 ], [ -90.076, 42.7205 ], [ -90.0942, 42.7185 ], [ -90.0974, 42.7047 ], [ -90.0723, 42.7045 ], [ -90.0787, 42.6941 ], [ -90.068, 42.6894 ], [ -90.0684, 42.6861 ], [ -90.0657, 42.6863 ], [ -90.065, 42.6835 ], [ -90.0605, 42.6828 ], [ -90.0613, 42.6766 ], [ -90.0736, 42.6681 ], [ -90.0875, 42.668 ], [ -90.0881, 42.6664 ], [ -90.1041, 42.668 ], [ -90.1812, 42.668 ], [ -90.1824, 42.6975 ], [ -90.2893, 42.6977 ], [ -90.2898, 42.7904 ], [ -90.3018, 42.792 ], [ -90.3021, 42.799 ] ] ] } },
{ "type": "Feature", "properties": { "GEOID": "55065970400", "county": "Census Tract 9704" }, "geometry": { "type": "Polygon", "coordinates": [ [ [ -90.4264, 42.5071 ], [ -90.4259, 42.5948 ], [ -90.362, 42.5949 ], [ -90.3591, 42.5912 ], [ -90.3682, 42.5868 ], [ -90.3668, 42.5756 ], [ -90.364, 42.5796 ], [ -90.3525, 42.5799 ], [ -90.353, 42.5732 ], [ -90.3295, 42.5659 ], [ -90.3085, 42.562 ], [ -90.3092, 42.5743 ], [ -90.3002, 42.5835 ], [ -90.2946, 42.5873 ], [ -90.2902, 42.5874 ], [ -90.2899, 42.5954 ], [ -90.3058, 42.5954 ], [ -90.3009, 42.6024 ], [ -90.3004, 42.6099 ], [ -90.2407, 42.6098 ], [ -90.2408, 42.6026 ], [ -90.2211, 42.6026 ], [ -90.2209, 42.617 ], [ -90.1916, 42.6173 ], [ -90.1916, 42.61 ], [ -90.172, 42.6099 ], [ -90.1724, 42.5518 ], [ -90.1675, 42.5509 ], [ -90.1657, 42.5349 ], [ -90.1793, 42.5372 ], [ -90.2113, 42.5371 ], [ -90.2112, 42.5224 ], [ -90.207, 42.5224 ], [ -90.2061, 42.5077 ], [ -90.4264, 42.5071 ] ] ] } },
{ "type": "Feature", "properties": { "GEOID": "55059000300", "county": "Census Tract 3" }, "geometry": { "type": "Polygon", "coordinates": [ [ [ -87.8259, 42.5908 ], [ -87.8274, 42.6241 ], [ -87.8225, 42.6272 ], [ -87.8182, 42.6272 ], [ -87.8194, 42.6066 ], [ -87.8156, 42.5942 ], [ -87.8118, 42.5888 ], [ -87.8086, 42.5881 ], [ -87.8186, 42.5876 ], [ -87.8193, 42.5909 ], [ -87.8259, 42.5908 ] ] ] } },
{ "type": "Feature", "properties": { "GEOID": "55059001200", "county": "Census Tract 12" }, "geometry": { "type": "Polygon", "coordinates": [ [ [ -87.8557, 42.5883 ], [ -87.8357, 42.5879 ], [ -87.8357, 42.5833 ], [ -87.8553, 42.5732 ], [ -87.8557, 42.5883 ] ] ] } },
{ "type": "Feature", "properties": { "GEOID": "55059001500", "county": "Census Tract 15" }, "geometry": { "type": "Polygon", "coordinates": [ [ [ -87.8683, 42.5663 ], [ -87.8455, 42.5782 ], [ -87.843, 42.5776 ], [ -87.8452, 42.566 ], [ -87.8683, 42.5663 ] ] ] } },
{ "type": "Feature", "properties": { "GEOID": "55059002200", "county": "Census Tract 22" }, "geometry": { "type": "Polygon", "coordinates": [ [ [ -87.8452, 42.566 ], [ -87.8238, 42.5658 ], [ -87.8218, 42.5585 ], [ -87.845, 42.5588 ], [ -87.8452, 42.566 ] ] ] } },
{ "type": "Feature", "properties": { "GEOID": "55059002400", "county": "Census Tract 24" }, "geometry": { "type": "Polygon", "coordinates": [ [ [ -87.8691, 42.5372 ], [ -87.8694, 42.5653 ], [ -87.8551, 42.5662 ], [ -87.8543, 42.5371 ], [ -87.8691, 42.5372 ] ] ] } },
{ "type": "Feature", "properties": { "GEOID": "55059002905", "county": "Census Tract 29.05" }, "geometry": { "type": "Polygon", "coordinates": [ [ [ -88.1193, 42.5828 ], [ -88.0702, 42.5829 ], [ -88.0697, 42.5567 ], [ -88.0928, 42.5568 ], [ -88.1105, 42.5542 ], [ -88.1189, 42.5737 ], [ -88.1193, 42.5828 ] ] ] } },
{ "type": "Feature", "properties": { "GEOID": "55059002904", "county": "Census Tract 29.04" }, "geometry": { "type": "Polygon", "coordinates": [ [ [ -88.1877, 42.5389 ], [ -88.154, 42.5426 ], [ -88.1381, 42.5536 ], [ -88.1285, 42.5537 ], [ -88.1227, 42.557 ], [ -88.1188, 42.5619 ], [ -88.1189, 42.5682 ], [ -88.1164, 42.5682 ], [ -88.099, 42.5209 ], [ -88.1223, 42.5104 ], [ -88.1181, 42.4962 ], [ -88.1871, 42.496 ], [ -88.1877, 42.5389 ] ] ] } },
{ "type": "Feature", "properties": { "GEOID": "55059002906", "county": "Census Tract 29.06" }, "geometry": { "type": "Polygon", "coordinates": [ [ [ -88.1223, 42.5104 ], [ -88.099, 42.5209 ], [ -88.1105, 42.5542 ], [ -88.0928, 42.5568 ], [ -88.0697, 42.5567 ], [ -88.0689, 42.4956 ], [ -88.1181, 42.4962 ], [ -88.1223, 42.5104 ] ] ] } },
{ "type": "Feature", "properties": { "GEOID": "55047100600", "county": "Census Tract 1006" }, "geometry": { "type": "Polygon", "coordinates": [ [ [ -89.1272, 43.6317 ], [ -89.1269, 43.6426 ], [ -89.1239, 43.6465 ], [ -89.1115, 43.6464 ], [ -89.1112, 43.6609 ], [ -89.1063, 43.6609 ], [ -89.1063, 43.6741 ], [ -89.1015, 43.6722 ], [ -89.101, 43.6755 ], [ -89.0951, 43.6755 ], [ -89.0945, 43.686 ], [ -89.0885, 43.6859 ], [ -89.0889, 43.6901 ], [ -89.1057, 43.6901 ], [ -89.1064, 43.6916 ], [ -89.1065, 43.7275 ], [ -89.0511, 43.7269 ], [ -89.052, 43.7436 ], [ -89.0667, 43.7594 ], [ -89.0694, 43.7774 ], [ -89.0577, 43.7773 ], [ -89.0477, 43.7913 ], [ -89.0295, 43.795 ], [ -89.0071, 43.8114 ], [ -88.9821, 43.8243 ], [ -88.9593, 43.8241 ], [ -88.9562, 43.8173 ], [ -88.9554, 43.757 ], [ -88.8853, 43.7571 ], [ -88.886, 43.6335 ], [ -89.1272, 43.6317 ] ] ] } },
{ "type": "Feature", "properties": { "GEOID": "55049950200", "county": "Census Tract 9502" }, "geometry": { "type": "Polygon", "coordinates": [ [ [ -90.4284, 43.0025 ], [ -90.4298, 43.2009 ], [ -90.4087, 43.2002 ], [ -90.3526, 43.2096 ], [ -90.2925, 43.2069 ], [ -90.2836, 43.1953 ], [ -90.2784, 43.1941 ], [ -90.2601, 43.1977 ], [ -90.242, 43.1892 ], [ -90.2209, 43.1742 ], [ -90.1873, 43.1619 ], [ -90.1833, 43.1571 ], [ -90.1608, 43.1665 ], [ -90.1492, 43.1667 ], [ -90.1512, 43.1633 ], [ -90.1392, 43.1549 ], [ -90.1381, 43.15 ], [ -90.1404, 43.1441 ], [ -90.1479, 43.1419 ], [ -90.155, 43.1308 ], [ -90.1564, 43.1271 ], [ -90.1537, 43.124 ], [ -90.1576, 43.1208 ], [ -90.1598, 43.1104 ], [ -90.1573, 43.1027 ], [ -90.1621, 43.1004 ], [ -90.1651, 43.0826 ], [ -90.163, 43.0728 ], [ -90.157, 43.072 ], [ -90.1525, 43.0677 ], [ -90.1524, 43.0605 ], [ -90.1574, 43.0622 ], [ -90.162, 43.0609 ], [ -90.1756, 43.0622 ], [ -90.177, 43.0553 ], [ -90.182, 43.0547 ], [ -90.182, 43.0506 ], [ -90.1855, 43.0481 ], [ -90.2012, 43.0457 ], [ -90.2014, 43.0407 ], [ -90.2188, 43.0407 ], [ -90.2214, 43.0372 ], [ -90.2263, 43.0369 ], [ -90.2246, 43.03 ], [ -90.2265, 43.0257 ], [ -90.2358, 43.0276 ], [ -90.2395, 43.0315 ], [ -90.246, 43.0313 ], [ -90.246, 43.0231 ], [ -90.2414, 43.0193 ], [ -90.2407, 43.0111 ], [ -90.247, 43.0045 ], [ -90.2713, 43.0049 ], [ -90.2757, 43.0033 ], [ -90.2869, 43.0041 ], [ -90.2856, 43.0072 ], [ -90.2884, 43.0075 ], [ -90.2941, 43.0043 ], [ -90.3092, 43.004 ], [ -90.31, 42.9969 ], [ -90.3349, 42.9947 ], [ -90.3419, 43.0049 ], [ -90.3405, 43.0108 ], [ -90.3695, 43.0105 ], [ -90.3694, 43.0146 ], [ -90.3773, 43.0176 ], [ -90.393, 43.0126 ], [ -90.3969, 43.0137 ], [ -90.408, 43.0083 ], [ -90.4085, 43.0063 ], [ -90.4194, 43.0067 ], [ -90.4284, 43.0025 ] ] ] } },
{ "type": "Feature", "properties": { "GEOID": "55049950300", "county": "Census Tract 9503" }, "geometry": { "type": "Polygon", "coordinates": [ [ [ -90.4269, 42.8129 ], [ -90.4278, 43.0038 ], [ -90.4146, 43.0074 ], [ -90.4085, 43.0063 ], [ -90.408, 43.0083 ], [ -90.3969, 43.0137 ], [ -90.393, 43.0126 ], [ -90.3791, 43.0176 ], [ -90.3694, 43.0146 ], [ -90.3695, 43.0105 ], [ -90.3405, 43.0108 ], [ -90.3419, 43.0049 ], [ -90.3349, 42.9947 ], [ -90.31, 42.9969 ], [ -90.3092, 43.004 ], [ -90.2941, 43.0043 ], [ -90.2884, 43.0075 ], [ -90.2856, 43.0072 ], [ -90.2869, 43.0041 ], [ -90.2757, 43.0033 ], [ -90.2713, 43.0049 ], [ -90.247, 43.0045 ], [ -90.2407, 43.0111 ], [ -90.2414, 43.0193 ], [ -90.246, 43.0231 ], [ -90.246, 43.0313 ], [ -90.2395, 43.0315 ], [ -90.2358, 43.0276 ], [ -90.2265, 43.0257 ], [ -90.2246, 43.03 ], [ -90.2263, 43.0369 ], [ -90.2214, 43.0372 ], [ -90.2188, 43.0407 ], [ -90.2014, 43.0407 ], [ -90.2014, 43.0337 ], [ -90.1888, 43.0236 ], [ -90.1916, 43.0148 ], [ -90.189, 42.9975 ], [ -90.183, 42.995 ], [ -90.1769, 42.9835 ], [ -90.1728, 42.9815 ], [ -90.1729, 42.9166 ], [ -90.211, 42.9161 ], [ -90.2119, 42.9124 ], [ -90.22, 42.912 ], [ -90.2208, 42.899 ], [ -90.2259, 42.898 ], [ -90.2259, 42.8851 ], [ -90.2235, 42.8817 ], [ -90.2454, 42.8797 ], [ -90.2455, 42.8764 ], [ -90.2548, 42.8652 ], [ -90.2631, 42.8614 ], [ -90.2604, 42.8576 ], [ -90.2599, 42.8435 ], [ -90.2515, 42.8436 ], [ -90.2499, 42.8472 ], [ -90.2371, 42.8453 ], [ -90.2354, 42.8424 ], [ -90.2402, 42.8347 ], [ -90.2457, 42.831 ], [ -90.2413, 42.825 ], [ -90.2518, 42.8225 ], [ -90.2575, 42.8146 ], [ -90.4269, 42.8129 ] ] ] } },
{ "type": "Feature", "properties": { "GEOID": "55063010300", "county": "Census Tract 103" }, "geometry": { "type": "Polygon", "coordinates": [ [ [ -91.2763, 43.8747 ], [ -91.2691, 43.897 ], [ -91.267, 43.8914 ], [ -91.2609, 43.8882 ], [ -91.2671, 43.8978 ], [ -91.2466, 43.8922 ], [ -91.2467, 43.8898 ], [ -91.2567, 43.8913 ], [ -91.2565, 43.8876 ], [ -91.2408, 43.883 ], [ -91.2393, 43.8794 ], [ -91.2439, 43.8745 ], [ -91.2404, 43.8639 ], [ -91.2513, 43.8533 ], [ -91.2519, 43.839 ], [ -91.255, 43.8346 ], [ -91.2604, 43.8328 ], [ -91.2595, 43.8279 ], [ -91.2651, 43.8334 ], [ -91.2629, 43.8303 ], [ -91.2646, 43.829 ], [ -91.267, 43.8339 ], [ -91.2648, 43.8444 ], [ -91.2696, 43.8499 ], [ -91.2763, 43.8747 ] ] ] } },
{ "type": "Feature", "properties": { "GEOID": "55063010102", "county": "Census Tract 101.02" }, "geometry": { "type": "Polygon", "coordinates": [ [ [ -91.1005, 43.889 ], [ -91.0998, 43.9085 ], [ -91.0944, 43.9068 ], [ -91.0907, 43.9127 ], [ -91.0798, 43.9161 ], [ -91.0319, 43.9012 ], [ -91.0366, 43.8974 ], [ -91.0371, 43.8924 ], [ -91.0892, 43.8922 ], [ -91.1005, 43.889 ] ] ] } },
{ "type": "Feature", "properties": { "GEOID": "55063000300", "county": "Census Tract 3" }, "geometry": { "type": "Polygon", "coordinates": [ [ [ -91.2999, 43.8578 ], [ -91.2726, 43.8602 ], [ -91.2696, 43.8499 ], [ -91.2648, 43.8444 ], [ -91.2672, 43.8382 ], [ -91.2656, 43.8302 ], [ -91.2629, 43.8303 ], [ -91.2648, 43.8311 ], [ -91.2657, 43.8325 ], [ -91.2651, 43.8334 ], [ -91.2595, 43.8279 ], [ -91.2604, 43.8328 ], [ -91.2585, 43.8324 ], [ -91.2578, 43.8182 ], [ -91.249, 43.82 ], [ -91.249, 43.8173 ], [ -91.2468, 43.8173 ], [ -91.2474, 43.8015 ], [ -91.2549, 43.8014 ], [ -91.2597, 43.8092 ], [ -91.2639, 43.7982 ], [ -91.272, 43.8138 ], [ -91.2777, 43.8377 ], [ -91.2841, 43.8471 ], [ -91.2999, 43.8578 ] ] ] } },
{ "type": "Feature", "properties": { "GEOID": "55063000200", "county": "Census Tract 2" }, "geometry": { "type": "Polygon", "coordinates": [ [ [ -91.2585, 43.8324 ], [ -91.2519, 43.839 ], [ -91.253, 43.8465 ], [ -91.2397, 43.8447 ], [ -91.2396, 43.8414 ], [ -91.2342, 43.8464 ], [ -91.2295, 43.8451 ], [ -91.2137, 43.8555 ], [ -91.2169, 43.837 ], [ -91.2234, 43.8358 ], [ -91.2266, 43.8301 ], [ -91.2308, 43.831 ], [ -91.2428, 43.8282 ], [ -91.2451, 43.8218 ], [ -91.2578, 43.8182 ], [ -91.2585, 43.8324 ] ] ] } },
{ "type": "Feature", "properties": { "GEOID": "55063010800", "county": "Census Tract 108" }, "geometry": { "type": "Polygon", "coordinates": [ [ [ -91.1303, 43.7591 ], [ -91.1303, 43.7644 ], [ -91.1249, 43.7643 ], [ -91.1147, 43.7682 ], [ -91.1106, 43.7726 ], [ -91.1022, 43.7726 ], [ -91.0916, 43.7764 ], [ -91.0828, 43.7866 ], [ -91.0889, 43.7902 ], [ -91.0935, 43.7902 ], [ -91.1045, 43.7861 ], [ -91.1109, 43.7901 ], [ -91.1097, 43.7986 ], [ -91.1183, 43.8084 ], [ -91.1157, 43.8123 ], [ -91.1123, 43.8124 ], [ -91.1099, 43.8182 ], [ -91.1129, 43.8413 ], [ -91.1062, 43.8391 ], [ -91.1059, 43.8513 ], [ -91.1011, 43.8584 ], [ -91.1005, 43.889 ], [ -91.0892, 43.8922 ], [ -91.0358, 43.8924 ], [ -91.0223, 43.8909 ], [ -91.0091, 43.8867 ], [ -90.9915, 43.886 ], [ -90.9382, 43.8926 ], [ -90.9101, 43.902 ], [ -90.9107, 43.7253 ], [ -91.0866, 43.725 ], [ -91.0932, 43.7313 ], [ -91.1079, 43.7338 ], [ -91.1142, 43.7507 ], [ -91.1303, 43.7591 ] ] ] } },
{ "type": "Feature", "properties": { "GEOID": "55063010600", "county": "Census Tract 106" }, "geometry": { "type": "Polygon", "coordinates": [ [ [ -91.2233, 43.8359 ], [ -91.2169, 43.837 ], [ -91.2166, 43.8479 ], [ -91.213, 43.8512 ], [ -91.2137, 43.8555 ], [ -91.2099, 43.8578 ], [ -91.1837, 43.8658 ], [ -91.155, 43.8636 ], [ -91.145, 43.865 ], [ -91.1137, 43.8846 ], [ -91.1005, 43.889 ], [ -91.1011, 43.8584 ], [ -91.1059, 43.8513 ], [ -91.1062, 43.8391 ], [ -91.1129, 43.8413 ], [ -91.1099, 43.8182 ], [ -91.1123, 43.8124 ], [ -91.1157, 43.8123 ], [ -91.1183, 43.8084 ], [ -91.1097, 43.7986 ], [ -91.1109, 43.7901 ], [ -91.1273, 43.7941 ], [ -91.154, 43.7944 ], [ -91.1691, 43.7974 ], [ -91.1898, 43.7918 ], [ -91.1902, 43.7978 ], [ -91.1825, 43.8136 ], [ -91.1843, 43.8127 ], [ -91.1872, 43.8196 ], [ -91.1955, 43.823 ], [ -91.1994, 43.8281 ], [ -91.2206, 43.8312 ], [ -91.2233, 43.8359 ] ] ] } },
{ "type": "Feature", "properties": { "GEOID": "55109120700", "county": "Census Tract 1207" }, "geometry": { "type": "Polygon", "coordinates": [ [ [ -92.2839, 45.2093 ], [ -92.1565, 45.2095 ], [ -92.1571, 45.1216 ], [ -92.1361, 45.1214 ], [ -92.1363, 44.8578 ], [ -92.2584, 44.8581 ], [ -92.258, 45.1202 ], [ -92.2598, 45.1366 ], [ -92.2816, 45.1366 ], [ -92.2839, 45.2093 ] ] ] } },
{ "type": "Feature", "properties": { "GEOID": "55109120904", "county": "Census Tract 1209.04" }, "geometry": { "type": "Polygon", "coordinates": [ [ [ -92.6906, 44.9384 ], [ -92.6903, 44.964 ], [ -92.6604, 44.9652 ], [ -92.6212, 44.9633 ], [ -92.6106, 44.9611 ], [ -92.5612, 44.9599 ], [ -92.5211, 44.9421 ], [ -92.4864, 44.9417 ], [ -92.4713, 44.9434 ], [ -92.3951, 44.9408 ], [ -92.3951, 44.9346 ], [ -92.3748, 44.9343 ], [ -92.3749, 44.8623 ], [ -92.5524, 44.8625 ], [ -92.5486, 44.8656 ], [ -92.5442, 44.8769 ], [ -92.5429, 44.895 ], [ -92.5865, 44.895 ], [ -92.5885, 44.8888 ], [ -92.5984, 44.8881 ], [ -92.5986, 44.8983 ], [ -92.6533, 44.9012 ], [ -92.6906, 44.9384 ] ] ] } },
{ "type": "Feature", "properties": { "GEOID": "55109120201", "county": "Census Tract 1202.01" }, "geometry": { "type": "Polygon", "coordinates": [ [ [ -92.7573, 44.9888 ], [ -92.749, 44.9879 ], [ -92.7445, 44.9852 ], [ -92.7414, 44.9898 ], [ -92.7414, 44.9861 ], [ -92.7377, 44.9893 ], [ -92.7339, 44.9891 ], [ -92.7351, 44.9916 ], [ -92.7291, 44.9935 ], [ -92.7323, 44.9948 ], [ -92.7285, 44.9977 ], [ -92.7286, 44.9949 ], [ -92.7278, 44.9977 ], [ -92.7296, 44.9985 ], [ -92.7284, 44.9998 ], [ -92.7206, 45.0021 ], [ -92.7206, 45.0 ], [ -92.7259, 44.9973 ], [ -92.7261, 44.9915 ], [ -92.7289, 44.9888 ], [ -92.7055, 44.9916 ], [ -92.7074, 44.9875 ], [ -92.7209, 44.9856 ], [ -92.7211, 44.9636 ], [ -92.7472, 44.9634 ], [ -92.7568, 44.9738 ], [ -92.7452, 44.977 ], [ -92.7452, 44.9833 ], [ -92.7573, 44.9866 ], [ -92.7573, 44.9888 ] ] ] } },
{ "type": "Feature", "properties": { "GEOID": "55091950100", "county": "Census Tract 9501" }, "geometry": { "type": "Polygon", "coordinates": [ [ [ -92.0031, 44.5968 ], [ -91.9982, 44.6014 ], [ -91.9979, 44.6107 ], [ -91.9772, 44.6226 ], [ -91.9684, 44.6305 ], [ -91.9655, 44.641 ], [ -91.9583, 44.6495 ], [ -91.9649, 44.6599 ], [ -91.9609, 44.6668 ], [ -91.9558, 44.669 ], [ -91.9444, 44.6682 ], [ -91.9322, 44.6708 ], [ -91.9198, 44.6707 ], [ -91.9116, 44.677 ], [ -91.8995, 44.6804 ], [ -91.8995, 44.6839 ], [ -91.6504, 44.6836 ], [ -91.6502, 44.5966 ], [ -92.0031, 44.5968 ] ] ] } },
{ "type": "Feature", "properties": { "GEOID": "55033970300", "county": "Census Tract 9703" }, "geometry": { "type": "Polygon", "coordinates": [ [ [ -91.9245, 44.9335 ], [ -91.9133, 44.948 ], [ -91.8952, 44.9607 ], [ -91.8945, 45.0036 ], [ -91.8909, 45.0339 ], [ -91.8855, 45.0347 ], [ -91.8855, 45.0422 ], [ -91.8743, 45.0371 ], [ -91.8585, 45.0346 ], [ -91.8348, 45.0165 ], [ -91.7437, 45.0155 ], [ -91.7381, 45.0093 ], [ -91.7341, 45.0089 ], [ -91.7314, 45.0138 ], [ -91.7335, 45.0315 ], [ -91.7367, 45.034 ], [ -91.7331, 45.0483 ], [ -91.7267, 45.0485 ], [ -91.7206, 45.0532 ], [ -91.71, 45.053 ], [ -91.713, 45.0375 ], [ -91.6609, 45.0323 ], [ -91.6587, 45.0372 ], [ -91.6515, 45.0371 ], [ -91.6508, 44.9286 ], [ -91.7441, 44.9288 ], [ -91.7445, 44.9107 ], [ -91.7687, 44.9113 ], [ -91.7777, 44.9121 ], [ -91.783, 44.9149 ], [ -91.8545, 44.9155 ], [ -91.8545, 44.9264 ], [ -91.863, 44.9264 ], [ -91.8747, 44.9362 ], [ -91.883, 44.9364 ], [ -91.8913, 44.9337 ], [ -91.9245, 44.9335 ] ] ] } },
{ "type": "Feature", "properties": { "GEOID": "55033970600", "county": "Census Tract 9706" }, "geometry": { "type": "Polygon", "coordinates": [ [ [ -92.1352, 44.6844 ], [ -92.1353, 44.9338 ], [ -92.0973, 44.9351 ], [ -92.0772, 44.9327 ], [ -92.0733, 44.934 ], [ -92.071, 44.9324 ], [ -92.0503, 44.9312 ], [ -92.0349, 44.9228 ], [ -92.0347, 44.9428 ], [ -92.0064, 44.9364 ], [ -91.9894, 44.9281 ], [ -91.9655, 44.9218 ], [ -91.9657, 44.8907 ], [ -91.9719, 44.8913 ], [ -91.9725, 44.8873 ], [ -91.9677, 44.8832 ], [ -91.9691, 44.8792 ], [ -91.9758, 44.8792 ], [ -91.9754, 44.8624 ], [ -91.9602, 44.8647 ], [ -91.9584, 44.8575 ], [ -91.9502, 44.8574 ], [ -91.9486, 44.8529 ], [ -91.9526, 44.8507 ], [ -91.9548, 44.8453 ], [ -91.9548, 44.8361 ], [ -91.9446, 44.8327 ], [ -91.9419, 44.8264 ], [ -91.9474, 44.8202 ], [ -91.948, 44.8149 ], [ -91.8935, 44.8146 ], [ -91.8931, 44.7761 ], [ -91.8912, 44.7748 ], [ -91.8931, 44.7673 ], [ -91.8884, 44.7669 ], [ -91.8871, 44.7635 ], [ -91.873, 44.7628 ], [ -91.8732, 44.74 ], [ -91.8762, 44.7378 ], [ -91.8883, 44.7376 ], [ -91.8886, 44.7254 ], [ -91.8971, 44.7168 ], [ -91.8894, 44.7127 ], [ -91.8826, 44.7041 ], [ -91.8897, 44.7038 ], [ -91.8956, 44.6963 ], [ -91.9022, 44.6937 ], [ -91.9004, 44.6839 ], [ -92.1352, 44.6844 ] ] ] } },
{ "type": "Feature", "properties": { "GEOID": "55033970500", "county": "Census Tract 9705" }, "geometry": { "type": "Polygon", "coordinates": [ [ [ -91.9657, 44.8907 ], [ -91.9655, 44.9218 ], [ -91.9554, 44.9225 ], [ -91.9554, 44.9334 ], [ -91.8943, 44.9336 ], [ -91.8747, 44.9362 ], [ -91.863, 44.9264 ], [ -91.8545, 44.9264 ], [ -91.8548, 44.908 ], [ -91.8523, 44.908 ], [ -91.8523, 44.9057 ], [ -91.8546, 44.9063 ], [ -91.8549, 44.8865 ], [ -91.8848, 44.8864 ], [ -91.9259, 44.8765 ], [ -91.9297, 44.879 ], [ -91.9287, 44.8863 ], [ -91.9328, 44.8845 ], [ -91.9378, 44.8896 ], [ -91.9549, 44.8888 ], [ -91.9657, 44.8907 ] ] ] } },
{ "type": "Feature", "properties": { "GEOID": "55103970400", "county": "Census Tract 9704" }, "geometry": { "type": "Polygon", "coordinates": [ [ [ -90.465, 43.3337 ], [ -90.4462, 43.3416 ], [ -90.4404, 43.3483 ], [ -90.43, 43.3487 ], [ -90.3903, 43.3429 ], [ -90.3903, 43.3401 ], [ -90.3853, 43.34 ], [ -90.3854, 43.3373 ], [ -90.3816, 43.3372 ], [ -90.3817, 43.3336 ], [ -90.377, 43.3336 ], [ -90.3645, 43.3377 ], [ -90.3575, 43.3466 ], [ -90.3451, 43.3499 ], [ -90.3302, 43.3437 ], [ -90.3012, 43.3455 ], [ -90.289, 43.3314 ], [ -90.2935, 43.3165 ], [ -90.3048, 43.3142 ], [ -90.3113, 43.3062 ], [ -90.3267, 43.2988 ], [ -90.3396, 43.31 ], [ -90.3505, 43.3152 ], [ -90.3507, 43.3073 ], [ -90.3593, 43.3079 ], [ -90.3611, 43.3102 ], [ -90.3763, 43.3098 ], [ -90.3784, 43.3145 ], [ -90.3887, 43.3153 ], [ -90.4048, 43.3077 ], [ -90.4084, 43.3028 ], [ -90.422, 43.3034 ], [ -90.4269, 43.3197 ], [ -90.4301, 43.3215 ], [ -90.4539, 43.3222 ], [ -90.465, 43.3337 ] ] ] } },
{ "type": "Feature", "properties": { "GEOID": "55103970300", "county": "Census Tract 9703" }, "geometry": { "type": "Polygon", "coordinates": [ [ [ -90.4248, 43.3678 ], [ -90.4196, 43.3736 ], [ -90.4027, 43.3726 ], [ -90.3966, 43.3689 ], [ -90.3933, 43.3727 ], [ -90.3876, 43.3743 ], [ -90.3869, 43.3719 ], [ -90.3823, 43.3723 ], [ -90.3801, 43.3594 ], [ -90.3727, 43.3593 ], [ -90.3619, 43.3553 ], [ -90.3393, 43.3582 ], [ -90.3445, 43.3501 ], [ -90.3575, 43.3466 ], [ -90.366, 43.3367 ], [ -90.3817, 43.3336 ], [ -90.3816, 43.3372 ], [ -90.3854, 43.3373 ], [ -90.3853, 43.34 ], [ -90.3903, 43.3401 ], [ -90.3903, 43.3429 ], [ -90.415, 43.3469 ], [ -90.4158, 43.3528 ], [ -90.4246, 43.3607 ], [ -90.4248, 43.3678 ] ] ] } },
{ "type": "Feature", "properties": { "GEOID": "55009020800", "county": "Census Tract 208" }, "geometry": { "type": "Polygon", "coordinates": [ [ [ -88.0339, 44.4855 ], [ -88.0263, 44.4919 ], [ -88.0238, 44.4985 ], [ -87.9971, 44.489 ], [ -88.0077, 44.4842 ], [ -88.0035, 44.4815 ], [ -88.0027, 44.4792 ], [ -88.0034, 44.4779 ], [ -88.0212, 44.4852 ], [ -88.0246, 44.4804 ], [ -88.0339, 44.4855 ] ] ] } },
{ "type": "Feature", "properties": { "GEOID": "55009021301", "county": "Census Tract 213.01" }, "geometry": { "type": "Polygon", "coordinates": [ [ [ -88.0828, 44.5106 ], [ -88.0634, 44.5039 ], [ -88.0656, 44.5005 ], [ -88.0591, 44.4982 ], [ -88.0651, 44.4894 ], [ -88.0816, 44.4952 ], [ -88.0828, 44.5106 ] ] ] } },
{ "type": "Feature", "properties": { "GEOID": "55009020100", "county": "Census Tract 201" }, "geometry": { "type": "Polygon", "coordinates": [ [ [ -87.9129, 44.578 ], [ -87.8917, 44.589 ], [ -87.888, 44.5943 ], [ -87.8817, 44.5978 ], [ -87.8804, 44.6033 ], [ -87.8696, 44.6063 ], [ -87.864, 44.6155 ], [ -87.8566, 44.6197 ], [ -87.8407, 44.6187 ], [ -87.8088, 44.6363 ], [ -87.7751, 44.6393 ], [ -87.7624, 44.6445 ], [ -87.765, 44.4727 ], [ -87.8872, 44.4729 ], [ -87.8868, 44.5226 ], [ -87.8792, 44.5239 ], [ -87.8792, 44.5275 ], [ -87.8842, 44.5275 ], [ -87.8842, 44.529 ], [ -87.8867, 44.5263 ], [ -87.8865, 44.5311 ], [ -87.8754, 44.5311 ], [ -87.8753, 44.5348 ], [ -87.8819, 44.5347 ], [ -87.8787, 44.5674 ], [ -87.896, 44.5675 ], [ -87.896, 44.5747 ], [ -87.9052, 44.5781 ], [ -87.9129, 44.578 ] ] ] } },
{ "type": "Feature", "properties": { "GEOID": "55009000100", "county": "Census Tract 1" }, "geometry": { "type": "Polygon", "coordinates": [ [ [ -88.0475, 44.548 ], [ -88.0396, 44.5593 ], [ -88.033, 44.5589 ], [ -88.0194, 44.5476 ], [ -88.0046, 44.5397 ], [ -88.0113, 44.5217 ], [ -88.0157, 44.5183 ], [ -88.0269, 44.5217 ], [ -88.0236, 44.5266 ], [ -88.0261, 44.5307 ], [ -88.0475, 44.548 ] ] ] } },
{ "type": "Feature", "properties": { "GEOID": "55009000302", "county": "Census Tract 3.02" }, "geometry": { "type": "Polygon", "coordinates": [ [ [ -88.0828, 44.5106 ], [ -88.0821, 44.5241 ], [ -88.0791, 44.5242 ], [ -88.0747, 44.5319 ], [ -88.0615, 44.5273 ], [ -88.0708, 44.5125 ], [ -88.0651, 44.5045 ], [ -88.0828, 44.5106 ] ] ] } },
{ "type": "Feature", "properties": { "GEOID": "55009000402", "county": "Census Tract 4.02" }, "geometry": { "type": "Polygon", "coordinates": [ [ [ -88.0708, 44.5125 ], [ -88.064, 44.5237 ], [ -88.0525, 44.5197 ], [ -88.0634, 44.5039 ], [ -88.0695, 44.508 ], [ -88.0708, 44.5125 ] ] ] } },
{ "type": "Feature", "properties": { "GEOID": "55009000600", "county": "Census Tract 6" }, "geometry": { "type": "Polygon", "coordinates": [ [ [ -88.0656, 44.5005 ], [ -88.0525, 44.5197 ], [ -88.0441, 44.5167 ], [ -88.0491, 44.509 ], [ -88.0448, 44.5056 ], [ -88.0493, 44.499 ], [ -88.0568, 44.5016 ], [ -88.0591, 44.4982 ], [ -88.0656, 44.5005 ] ] ] } },
{ "type": "Feature", "properties": { "GEOID": "55009000700", "county": "Census Tract 7" }, "geometry": { "type": "Polygon", "coordinates": [ [ [ -88.0514, 44.4997 ], [ -88.0493, 44.499 ], [ -88.0448, 44.5056 ], [ -88.0491, 44.509 ], [ -88.0436, 44.5212 ], [ -88.0281, 44.5134 ], [ -88.0453, 44.4935 ], [ -88.0537, 44.4964 ], [ -88.0514, 44.4997 ] ] ] } },
{ "type": "Feature", "properties": { "GEOID": "55009001801", "county": "Census Tract 18.01" }, "geometry": { "type": "Polygon", "coordinates": [ [ [ -87.9555, 44.519 ], [ -87.9436, 44.5253 ], [ -87.8942, 44.5243 ], [ -87.8867, 44.5263 ], [ -87.8842, 44.529 ], [ -87.8842, 44.5275 ], [ -87.8792, 44.5275 ], [ -87.8792, 44.5239 ], [ -87.8868, 44.5226 ], [ -87.8872, 44.4953 ], [ -87.8996, 44.5042 ], [ -87.9124, 44.5075 ], [ -87.9218, 44.5009 ], [ -87.9368, 44.5011 ], [ -87.9383, 44.5075 ], [ -87.9477, 44.516 ], [ -87.9555, 44.519 ] ] ] } },
{ "type": "Feature", "properties": { "GEOID": "55009010300", "county": "Census Tract 103" }, "geometry": { "type": "Polygon", "coordinates": [ [ [ -88.089, 44.4168 ], [ -88.0781, 44.4239 ], [ -88.0718, 44.4316 ], [ -88.0632, 44.4446 ], [ -88.0646, 44.4476 ], [ -88.0466, 44.4488 ], [ -88.0498, 44.4443 ], [ -88.0381, 44.4403 ], [ -88.0395, 44.4381 ], [ -88.0468, 44.4395 ], [ -88.0439, 44.4373 ], [ -88.0463, 44.4338 ], [ -88.0369, 44.4311 ], [ -88.0379, 44.4294 ], [ -88.0342, 44.4281 ], [ -88.0416, 44.4234 ], [ -88.0108, 44.41 ], [ -88.0045, 44.4098 ], [ -87.9886, 44.4038 ], [ -87.988, 44.3866 ], [ -88.0091, 44.3865 ], [ -88.0091, 44.3938 ], [ -88.0163, 44.3938 ], [ -88.0281, 44.4012 ], [ -88.0495, 44.4012 ], [ -88.0562, 44.4087 ], [ -88.0569, 44.4157 ], [ -88.089, 44.4168 ] ] ] } },
{ "type": "Feature", "properties": { "GEOID": "55009940003", "county": "Census Tract 9400.03" }, "geometry": { "type": "Polygon", "coordinates": [ [ [ -88.1128, 44.5239 ], [ -88.1095, 44.5239 ], [ -88.1107, 44.541 ], [ -88.1059, 44.5369 ], [ -88.1052, 44.5423 ], [ -88.0944, 44.538 ], [ -88.0944, 44.5309 ], [ -88.0993, 44.5251 ], [ -88.1013, 44.5021 ], [ -88.1101, 44.5022 ], [ -88.1095, 44.5167 ], [ -88.1128, 44.5167 ], [ -88.1128, 44.5239 ] ] ] } },
{ "type": "Feature", "properties": { "GEOID": "55009001702", "county": "Census Tract 17.02" }, "geometry": { "type": "Polygon", "coordinates": [ [ [ -87.9857, 44.5051 ], [ -87.9828, 44.5121 ], [ -87.9635, 44.5132 ], [ -87.9555, 44.519 ], [ -87.9422, 44.5112 ], [ -87.9367, 44.5015 ], [ -87.9475, 44.507 ], [ -87.958, 44.5084 ], [ -87.975, 44.5081 ], [ -87.9857, 44.5051 ] ] ] } },
{ "type": "Feature", "properties": { "GEOID": "55009001802", "county": "Census Tract 18.02" }, "geometry": { "type": "Polygon", "coordinates": [ [ [ -88.0078, 44.5334 ], [ -88.0046, 44.5397 ], [ -87.997, 44.5393 ], [ -87.9949, 44.5371 ], [ -87.9707, 44.5303 ], [ -87.9438, 44.5297 ], [ -87.929, 44.536 ], [ -87.917, 44.5481 ], [ -87.9012, 44.5689 ], [ -87.8996, 44.5747 ], [ -87.896, 44.5747 ], [ -87.896, 44.5675 ], [ -87.8787, 44.5674 ], [ -87.8819, 44.5347 ], [ -87.8753, 44.5348 ], [ -87.8754, 44.5311 ], [ -87.8865, 44.5311 ], [ -87.8867, 44.5269 ], [ -87.8915, 44.5247 ], [ -87.9436, 44.5253 ], [ -87.9555, 44.519 ], [ -87.9702, 44.5208 ], [ -88.0078, 44.5334 ] ] ] } },
{ "type": "Feature", "properties": { "GEOID": "55009021304", "county": "Census Tract 213.04" }, "geometry": { "type": "Polygon", "coordinates": [ [ [ -88.1067, 44.4679 ], [ -88.0992, 44.479 ], [ -88.0961, 44.4779 ], [ -88.0907, 44.485 ], [ -88.0878, 44.4841 ], [ -88.0864, 44.486 ], [ -88.0937, 44.487 ], [ -88.0927, 44.4885 ], [ -88.0992, 44.4907 ], [ -88.0978, 44.4923 ], [ -88.0803, 44.4848 ], [ -88.0794, 44.4686 ], [ -88.0846, 44.46 ], [ -88.1067, 44.4679 ] ] ] } },
{ "type": "Feature", "properties": { "GEOID": "55009020203", "county": "Census Tract 202.03" }, "geometry": { "type": "MultiPolygon", "coordinates": [ [ [ [ -87.9893, 44.6046 ], [ -87.9813, 44.5969 ], [ -87.9791, 44.587 ], [ -87.9813, 44.5867 ], [ -87.9893, 44.6046 ] ] ], [ [ [ -87.9916, 44.6772 ], [ -87.9879, 44.6776 ], [ -87.9801, 44.654 ], [ -87.9914, 44.6736 ], [ -87.9916, 44.6772 ] ] ], [ [ [ -88.0055, 44.6165 ], [ -88.0034, 44.6171 ], [ -87.9915, 44.6049 ], [ -88.0006, 44.6108 ], [ -88.0055, 44.6165 ] ] ], [ [ [ -88.0785, 44.5909 ], [ -88.0782, 44.6127 ], [ -88.0702, 44.6392 ], [ -88.0672, 44.6774 ], [ -87.9936, 44.6772 ], [ -88.0021, 44.664 ], [ -88.0043, 44.6459 ], [ -88.0119, 44.6431 ], [ -88.0105, 44.6418 ], [ -88.0151, 44.6349 ], [ -88.0093, 44.6352 ], [ -88.0089, 44.6277 ], [ -88.0138, 44.6221 ], [ -88.0133, 44.6024 ], [ -88.0164, 44.5921 ], [ -88.0785, 44.5909 ] ] ] ] } },
{ "type": "Feature", "properties": { "GEOID": "55035000302", "county": "Census Tract 3.02" }, "geometry": { "type": "Polygon", "coordinates": [ [ [ -91.5287, 44.7771 ], [ -91.5088, 44.7691 ], [ -91.4917, 44.7655 ], [ -91.438, 44.7656 ], [ -91.4219, 44.7673 ], [ -91.4377, 44.7793 ], [ -91.4545, 44.7881 ], [ -91.4614, 44.7949 ], [ -91.4378, 44.7955 ], [ -91.4067, 44.7928 ], [ -91.376, 44.7874 ], [ -91.3839, 44.7938 ], [ -91.3831, 44.8115 ], [ -91.3713, 44.8107 ], [ -91.3672, 44.8176 ], [ -91.3623, 44.8198 ], [ -91.3547, 44.8146 ], [ -91.3484, 44.8131 ], [ -91.342, 44.8134 ], [ -91.3365, 44.821 ], [ -91.323, 44.8212 ], [ -91.3193, 44.8187 ], [ -91.3268, 44.8148 ], [ -91.3263, 44.6831 ], [ -91.407, 44.6834 ], [ -91.4074, 44.727 ], [ -91.5287, 44.727 ], [ -91.5287, 44.7771 ] ] ] } },
{ "type": "Feature", "properties": { "GEOID": "55017010900", "county": "Census Tract 109" }, "geometry": { "type": "Polygon", "coordinates": [ [ [ -91.1126, 45.1638 ], [ -91.1107, 45.2921 ], [ -90.9252, 45.2921 ], [ -90.926, 45.1193 ], [ -90.9228, 45.1193 ], [ -90.9224, 44.9521 ], [ -90.9836, 44.952 ], [ -90.9838, 44.966 ], [ -91.0042, 44.9659 ], [ -91.0045, 44.9733 ], [ -91.1058, 44.9728 ], [ -91.1058, 45.1178 ], [ -91.103, 45.139 ], [ -91.1064, 45.1635 ], [ -91.1126, 45.1638 ] ] ] } },
{ "type": "Feature", "properties": { "GEOID": "55071000700", "county": "Census Tract 7" }, "geometry": { "type": "Polygon", "coordinates": [ [ [ -87.6855, 44.0521 ], [ -87.6834, 44.0866 ], [ -87.6662, 44.0872 ], [ -87.6662, 44.0665 ], [ -87.6607, 44.0665 ], [ -87.6609, 44.0519 ], [ -87.6809, 44.0243 ], [ -87.6808, 44.052 ], [ -87.6855, 44.0521 ] ] ] } },
{ "type": "Feature", "properties": { "GEOID": "55071005200", "county": "Census Tract 52" }, "geometry": { "type": "Polygon", "coordinates": [ [ [ -87.6493, 44.1752 ], [ -87.6491, 44.1776 ], [ -87.6432, 44.1754 ], [ -87.6201, 44.1752 ], [ -87.6202, 44.1861 ], [ -87.6065, 44.1863 ], [ -87.6088, 44.1887 ], [ -87.606, 44.1894 ], [ -87.5915, 44.1806 ], [ -87.5868, 44.1842 ], [ -87.5822, 44.1842 ], [ -87.5777, 44.1792 ], [ -87.5783, 44.1755 ], [ -87.5728, 44.1755 ], [ -87.5713, 44.1689 ], [ -87.5733, 44.1665 ], [ -87.5673, 44.1614 ], [ -87.5794, 44.1609 ], [ -87.572, 44.1537 ], [ -87.5715, 44.1477 ], [ -87.579, 44.1518 ], [ -87.5864, 44.1598 ], [ -87.594, 44.1618 ], [ -87.5944, 44.1649 ], [ -87.602, 44.1631 ], [ -87.6044, 44.1693 ], [ -87.6164, 44.1668 ], [ -87.6202, 44.1637 ], [ -87.6249, 44.168 ], [ -87.6402, 44.168 ], [ -87.6414, 44.1722 ], [ -87.6493, 44.1752 ] ] ] } },
{ "type": "Feature", "properties": { "GEOID": "55101002402", "county": "Census Tract 24.02" }, "geometry": { "type": "Polygon", "coordinates": [ [ [ -88.2848, 42.6667 ], [ -88.2815, 42.6768 ], [ -88.2735, 42.685 ], [ -88.2566, 42.6997 ], [ -88.238, 42.7101 ], [ -88.2395, 42.7027 ], [ -88.246, 42.6962 ], [ -88.2345, 42.6924 ], [ -88.2426, 42.6904 ], [ -88.2421, 42.6758 ], [ -88.2392, 42.6706 ], [ -88.2848, 42.6667 ] ] ] } },
{ "type": "Feature", "properties": { "GEOID": "55101001505", "county": "Census Tract 15.05" }, "geometry": { "type": "Polygon", "coordinates": [ [ [ -87.7869, 42.77 ], [ -87.7863, 42.7927 ], [ -87.779, 42.7968 ], [ -87.7672, 42.7904 ], [ -87.7579, 42.7821 ], [ -87.7584, 42.7797 ], [ -87.7737, 42.7699 ], [ -87.7869, 42.77 ] ] ] } },
{ "type": "Feature", "properties": { "GEOID": "55101002100", "county": "Census Tract 21" }, "geometry": { "type": "Polygon", "coordinates": [ [ [ -88.1898, 42.7565 ], [ -88.0718, 42.7571 ], [ -88.0711, 42.6995 ], [ -88.0887, 42.6986 ], [ -88.091, 42.6964 ], [ -88.0908, 42.6851 ], [ -88.071, 42.6861 ], [ -88.0709, 42.6698 ], [ -88.1883, 42.6697 ], [ -88.1898, 42.7565 ] ] ] } },
{ "type": "Feature", "properties": { "GEOID": "55101000600", "county": "Census Tract 6" }, "geometry": { "type": "Polygon", "coordinates": [ [ [ -87.8212, 42.7317 ], [ -87.8127, 42.73 ], [ -87.8037, 42.7316 ], [ -87.8051, 42.726 ], [ -87.8116, 42.7187 ], [ -87.8029, 42.7186 ], [ -87.8022, 42.7144 ], [ -87.8049, 42.7142 ], [ -87.8072, 42.709 ], [ -87.8161, 42.7079 ], [ -87.8162, 42.7226 ], [ -87.8203, 42.7253 ], [ -87.8212, 42.7317 ] ] ] } },
{ "type": "Feature", "properties": { "GEOID": "55101001703", "county": "Census Tract 17.03" }, "geometry": { "type": "Polygon", "coordinates": [ [ [ -87.954, 42.757 ], [ -87.8778, 42.7559 ], [ -87.8772, 42.7191 ], [ -87.9148, 42.7201 ], [ -87.9156, 42.6692 ], [ -87.9533, 42.6696 ], [ -87.954, 42.757 ] ] ] } },
{ "type": "Feature", "properties": { "GEOID": "55035000200", "county": "Census Tract 2" }, "geometry": { "type": "Polygon", "coordinates": [ [ [ -91.4076, 44.596 ], [ -91.407, 44.6834 ], [ -91.3263, 44.6831 ], [ -91.3268, 44.8148 ], [ -91.3193, 44.8187 ], [ -91.31, 44.814 ], [ -91.3091, 44.8186 ], [ -91.3047, 44.8203 ], [ -91.299, 44.8156 ], [ -91.2932, 44.8221 ], [ -91.2841, 44.8189 ], [ -91.2819, 44.8101 ], [ -91.2778, 44.8141 ], [ -91.2263, 44.8147 ], [ -91.2265, 44.8569 ], [ -91.0849, 44.8572 ], [ -91.0841, 44.8291 ], [ -91.064, 44.8291 ], [ -91.0644, 44.8002 ], [ -91.0841, 44.7999 ], [ -91.0844, 44.7712 ], [ -91.1248, 44.7715 ], [ -91.125, 44.76 ], [ -91.1452, 44.7581 ], [ -91.1451, 44.7526 ], [ -91.1653, 44.7527 ], [ -91.1656, 44.597 ], [ -91.4076, 44.596 ] ] ] } },
{ "type": "Feature", "properties": { "GEOID": "55035000600", "county": "Census Tract 6" }, "geometry": { "type": "Polygon", "coordinates": [ [ [ -91.512, 44.8323 ], [ -91.5092, 44.8347 ], [ -91.5039, 44.8351 ], [ -91.4967, 44.8303 ], [ -91.4813, 44.8257 ], [ -91.4545, 44.8265 ], [ -91.4487, 44.8247 ], [ -91.4502, 44.8211 ], [ -91.456, 44.8236 ], [ -91.4616, 44.8219 ], [ -91.4701, 44.8151 ], [ -91.4987, 44.8138 ], [ -91.4992, 44.8171 ], [ -91.5069, 44.8158 ], [ -91.512, 44.8323 ] ] ] } },
{ "type": "Feature", "properties": { "GEOID": "55035001200", "county": "Census Tract 12" }, "geometry": { "type": "Polygon", "coordinates": [ [ [ -91.5395, 44.8143 ], [ -91.5259, 44.813 ], [ -91.5183, 44.8162 ], [ -91.5182, 44.8181 ], [ -91.5069, 44.8158 ], [ -91.5065, 44.8101 ], [ -91.5044, 44.807 ], [ -91.5011, 44.806 ], [ -91.4996, 44.8077 ], [ -91.4982, 44.8027 ], [ -91.5014, 44.7997 ], [ -91.5099, 44.8008 ], [ -91.5269, 44.7972 ], [ -91.5395, 44.8143 ] ] ] } },
{ "type": "Feature", "properties": { "GEOID": "55035001101", "county": "Census Tract 11.01" }, "geometry": { "type": "Polygon", "coordinates": [ [ [ -91.5069, 44.8158 ], [ -91.4992, 44.8171 ], [ -91.4982, 44.8128 ], [ -91.4896, 44.8055 ], [ -91.4947, 44.8032 ], [ -91.4948, 44.8009 ], [ -91.4987, 44.8015 ], [ -91.4996, 44.8077 ], [ -91.5011, 44.806 ], [ -91.5044, 44.807 ], [ -91.5069, 44.8158 ] ] ] } },
{ "type": "Feature", "properties": { "GEOID": "55101002002", "county": "Census Tract 20.02" }, "geometry": { "type": "Polygon", "coordinates": [ [ [ -88.1898, 42.7565 ], [ -88.1891, 42.782 ], [ -88.1674, 42.8047 ], [ -88.1559, 42.8293 ], [ -88.1374, 42.8431 ], [ -88.0699, 42.8433 ], [ -88.0718, 42.7571 ], [ -88.1898, 42.7565 ] ] ] } },
{ "type": "Feature", "properties": { "GEOID": "55101000500", "county": "Census Tract 5" }, "geometry": { "type": "Polygon", "coordinates": [ [ [ -87.8116, 42.7187 ], [ -87.802, 42.733 ], [ -87.8031, 42.7355 ], [ -87.7986, 42.7355 ], [ -87.7965, 42.7111 ], [ -87.8063, 42.7107 ], [ -87.8049, 42.7142 ], [ -87.8022, 42.7144 ], [ -87.8029, 42.7186 ], [ -87.8116, 42.7187 ] ] ] } },
{ "type": "Feature", "properties": { "GEOID": "55101001801", "county": "Census Tract 18.01" }, "geometry": { "type": "Polygon", "coordinates": [ [ [ -88.0711, 42.6995 ], [ -88.0224, 42.7091 ], [ -88.0227, 42.6791 ], [ -88.0271, 42.679 ], [ -88.027, 42.6696 ], [ -88.0709, 42.6698 ], [ -88.0711, 42.6995 ] ] ] } },
{ "type": "Feature", "properties": { "GEOID": "55101002701", "county": "Census Tract 27.01" }, "geometry": { "type": "Polygon", "coordinates": [ [ [ -88.2288, 42.7704 ], [ -88.2282, 42.7904 ], [ -88.2204, 42.7944 ], [ -88.2175, 42.7861 ], [ -88.2184, 42.779 ], [ -88.209, 42.7796 ], [ -88.209, 42.778 ], [ -88.2038, 42.778 ], [ -88.204, 42.775 ], [ -88.199, 42.7764 ], [ -88.1894, 42.772 ], [ -88.1896, 42.7638 ], [ -88.2135, 42.763 ], [ -88.2288, 42.7704 ] ] ] } },
{ "type": "Feature", "properties": { "GEOID": "55011960200", "county": "Census Tract 9602" }, "geometry": { "type": "Polygon", "coordinates": [ [ [ -91.7057, 44.5968 ], [ -91.6313, 44.5966 ], [ -91.6366, 44.5893 ], [ -91.6145, 44.5856 ], [ -91.6048, 44.5812 ], [ -91.6047, 44.5724 ], [ -91.6151, 44.5705 ], [ -91.615, 44.5535 ], [ -91.6702, 44.5534 ], [ -91.6706, 44.5616 ], [ -91.6747, 44.5618 ], [ -91.6809, 44.5584 ], [ -91.683, 44.5596 ], [ -91.6877, 44.5553 ], [ -91.6887, 44.5598 ], [ -91.6855, 44.5619 ], [ -91.6909, 44.5678 ], [ -91.686, 44.5681 ], [ -91.6951, 44.575 ], [ -91.7062, 44.5773 ], [ -91.7057, 44.5968 ] ] ] } },
{ "type": "Feature", "properties": { "GEOID": "55123960400", "county": "Census Tract 9604" }, "geometry": { "type": "Polygon", "coordinates": [ [ [ -90.9628, 43.5344 ], [ -90.9601, 43.5473 ], [ -90.9556, 43.5523 ], [ -90.9499, 43.5531 ], [ -90.9465, 43.5485 ], [ -90.9204, 43.5497 ], [ -90.9194, 43.5602 ], [ -90.9072, 43.5601 ], [ -90.9072, 43.5705 ], [ -90.9189, 43.5799 ], [ -90.9329, 43.5835 ], [ -90.9298, 43.5879 ], [ -90.8986, 43.587 ], [ -90.889, 43.5846 ], [ -90.8891, 43.5965 ], [ -90.8744, 43.5964 ], [ -90.869, 43.5927 ], [ -90.8693, 43.5819 ], [ -90.8455, 43.5815 ], [ -90.8331, 43.5785 ], [ -90.8288, 43.5814 ], [ -90.8147, 43.5815 ], [ -90.8147, 43.5628 ], [ -90.8264, 43.558 ], [ -90.8196, 43.5486 ], [ -90.8465, 43.5426 ], [ -90.8636, 43.5444 ], [ -90.867, 43.5328 ], [ -90.8783, 43.5351 ], [ -90.8783, 43.5303 ], [ -90.8725, 43.5243 ], [ -90.8935, 43.5244 ], [ -90.8962, 43.5366 ], [ -90.8937, 43.5415 ], [ -90.9005, 43.5414 ], [ -90.9011, 43.5387 ], [ -90.9291, 43.5389 ], [ -90.9292, 43.5355 ], [ -90.9427, 43.5352 ], [ -90.9436, 43.5316 ], [ -90.9518, 43.5316 ], [ -90.955, 43.5275 ], [ -90.9659, 43.5332 ], [ -90.9628, 43.5344 ] ] ] } },
{ "type": "Feature", "properties": { "GEOID": "55123960500", "county": "Census Tract 9605" }, "geometry": { "type": "Polygon", "coordinates": [ [ [ -91.1135, 43.4914 ], [ -91.0988, 43.5064 ], [ -91.1011, 43.5143 ], [ -91.1073, 43.5189 ], [ -91.1048, 43.524 ], [ -91.0971, 43.5215 ], [ -91.081, 43.5202 ], [ -91.0778, 43.5167 ], [ -91.0709, 43.5164 ], [ -91.0688, 43.5127 ], [ -91.0546, 43.5148 ], [ -91.0494, 43.509 ], [ -91.0466, 43.4987 ], [ -91.0416, 43.4965 ], [ -91.034, 43.4993 ], [ -91.0289, 43.4981 ], [ -91.0272, 43.5017 ], [ -91.0036, 43.5038 ], [ -91.0046, 43.5087 ], [ -90.9924, 43.5098 ], [ -90.9889, 43.5175 ], [ -90.9853, 43.5184 ], [ -90.9834, 43.5284 ], [ -90.9748, 43.535 ], [ -90.9618, 43.532 ], [ -90.955, 43.5275 ], [ -90.9518, 43.5316 ], [ -90.9436, 43.5316 ], [ -90.9427, 43.5352 ], [ -90.9292, 43.5355 ], [ -90.9291, 43.5389 ], [ -90.9011, 43.5387 ], [ -90.9005, 43.5414 ], [ -90.8937, 43.5415 ], [ -90.8962, 43.5366 ], [ -90.8935, 43.5244 ], [ -90.8725, 43.5243 ], [ -90.8783, 43.5303 ], [ -90.8783, 43.5351 ], [ -90.867, 43.5328 ], [ -90.8636, 43.5444 ], [ -90.8465, 43.5426 ], [ -90.8439, 43.5444 ], [ -90.8152, 43.5483 ], [ -90.8139, 43.5531 ], [ -90.8045, 43.5593 ], [ -90.7813, 43.5593 ], [ -90.7746, 43.5622 ], [ -90.7633, 43.5623 ], [ -90.7606, 43.5584 ], [ -90.751, 43.5538 ], [ -90.7488, 43.5547 ], [ -90.7452, 43.5503 ], [ -90.7369, 43.5579 ], [ -90.7254, 43.5548 ], [ -90.7126, 43.5543 ], [ -90.7111, 43.5656 ], [ -90.7061, 43.566 ], [ -90.7061, 43.5639 ], [ -90.7014, 43.5635 ], [ -90.6971, 43.5595 ], [ -90.6858, 43.5598 ], [ -90.6861, 43.5541 ], [ -90.6775, 43.5529 ], [ -90.6716, 43.5488 ], [ -90.6686, 43.423 ], [ -90.7467, 43.4245 ], [ -90.7676, 43.423 ], [ -91.0907, 43.4235 ], [ -91.0878, 43.425 ], [ -91.0876, 43.4363 ], [ -91.084, 43.4379 ], [ -91.0803, 43.4451 ], [ -91.0856, 43.4473 ], [ -91.0882, 43.452 ], [ -91.0879, 43.4606 ], [ -91.0954, 43.4657 ], [ -91.1126, 43.4662 ], [ -91.1135, 43.4914 ] ] ] } },
{ "type": "Feature", "properties": { "GEOID": "55121100800", "county": "Census Tract 1008" }, "geometry": { "type": "Polygon", "coordinates": [ [ [ -91.4186, 44.0773 ], [ -91.4163, 44.0773 ], [ -91.4113, 44.0919 ], [ -91.3961, 44.1024 ], [ -91.3763, 44.104 ], [ -91.3735, 44.0992 ], [ -91.3674, 44.0993 ], [ -91.3656, 44.0957 ], [ -91.3619, 44.0949 ], [ -91.3506, 44.1014 ], [ -91.3423, 44.111 ], [ -91.3542, 44.124 ], [ -91.3522, 44.1373 ], [ -91.3262, 44.1492 ], [ -91.2868, 44.1585 ], [ -91.2726, 44.1686 ], [ -91.2451, 44.1976 ], [ -91.2093, 44.2103 ], [ -91.1527, 44.2087 ], [ -91.1519, 44.0797 ], [ -91.1582, 44.0826 ], [ -91.1664, 44.0828 ], [ -91.1689, 44.0884 ], [ -91.1804, 44.0842 ], [ -91.187, 44.0853 ], [ -91.1877, 44.0906 ], [ -91.1918, 44.0872 ], [ -91.2006, 44.0866 ], [ -91.1994, 44.0775 ], [ -91.2079, 44.0739 ], [ -91.2095, 44.0675 ], [ -91.2167, 44.0651 ], [ -91.2165, 44.0583 ], [ -91.2219, 44.0531 ], [ -91.2319, 44.0583 ], [ -91.2403, 44.0566 ], [ -91.2475, 44.0575 ], [ -91.2527, 44.0608 ], [ -91.2566, 44.0683 ], [ -91.2674, 44.0723 ], [ -91.2842, 44.0604 ], [ -91.2911, 44.062 ], [ -91.2938, 44.0682 ], [ -91.3047, 44.072 ], [ -91.3197, 44.0709 ], [ -91.3517, 44.0773 ], [ -91.3774, 44.0754 ], [ -91.3885, 44.0697 ], [ -91.398, 44.069 ], [ -91.4185, 44.0701 ], [ -91.4186, 44.0773 ] ] ] } },
{ "type": "Feature", "properties": { "GEOID": "55121100500", "county": "Census Tract 1005" }, "geometry": { "type": "Polygon", "coordinates": [ [ [ -91.3973, 44.2571 ], [ -91.3857, 44.2619 ], [ -91.3779, 44.2682 ], [ -91.3546, 44.2727 ], [ -91.3476, 44.2848 ], [ -91.3407, 44.2858 ], [ -91.342, 44.2907 ], [ -91.3352, 44.2961 ], [ -91.3428, 44.3017 ], [ -91.3373, 44.3105 ], [ -91.3324, 44.3117 ], [ -91.3338, 44.3215 ], [ -91.3308, 44.3229 ], [ -91.3256, 44.3231 ], [ -91.324, 44.3174 ], [ -91.3179, 44.3165 ], [ -91.3098, 44.3098 ], [ -91.2745, 44.3122 ], [ -91.2773, 44.3139 ], [ -91.2768, 44.3217 ], [ -91.2816, 44.325 ], [ -91.2808, 44.3386 ], [ -91.2565, 44.3387 ], [ -91.2566, 44.3567 ], [ -91.2415, 44.3521 ], [ -91.2265, 44.3509 ], [ -91.221, 44.3524 ], [ -91.2126, 44.348 ], [ -91.2062, 44.341 ], [ -91.2087, 44.3328 ], [ -91.2062, 44.3292 ], [ -91.1927, 44.3334 ], [ -91.1882, 44.3325 ], [ -91.1857, 44.3344 ], [ -91.166, 44.3362 ], [ -91.1655, 44.2474 ], [ -91.1536, 44.2476 ], [ -91.1527, 44.2087 ], [ -91.2093, 44.2103 ], [ -91.235, 44.202 ], [ -91.2466, 44.1964 ], [ -91.2726, 44.1686 ], [ -91.2868, 44.1585 ], [ -91.3262, 44.1492 ], [ -91.3522, 44.1373 ], [ -91.3561, 44.1375 ], [ -91.3624, 44.1429 ], [ -91.3654, 44.1538 ], [ -91.3735, 44.1538 ], [ -91.3736, 44.1655 ], [ -91.3697, 44.167 ], [ -91.3667, 44.1759 ], [ -91.3687, 44.1927 ], [ -91.3656, 44.2089 ], [ -91.3682, 44.2119 ], [ -91.3752, 44.2138 ], [ -91.3855, 44.2259 ], [ -91.3772, 44.2405 ], [ -91.381, 44.2415 ], [ -91.3814, 44.2475 ], [ -91.3962, 44.2547 ], [ -91.3973, 44.2571 ] ] ] } },
{ "type": "Feature", "properties": { "GEOID": "55121100400", "county": "Census Tract 1004" }, "geometry": { "type": "Polygon", "coordinates": [ [ [ -91.4193, 44.3497 ], [ -91.4168, 44.3525 ], [ -91.4181, 44.3548 ], [ -91.4103, 44.3583 ], [ -91.3887, 44.3612 ], [ -91.3877, 44.371 ], [ -91.3794, 44.3796 ], [ -91.38, 44.3872 ], [ -91.3889, 44.4033 ], [ -91.3931, 44.4056 ], [ -91.3941, 44.4111 ], [ -91.3965, 44.4136 ], [ -91.4074, 44.4145 ], [ -91.4005, 44.421 ], [ -91.3997, 44.4269 ], [ -91.3917, 44.4291 ], [ -91.3692, 44.4289 ], [ -91.3577, 44.4323 ], [ -91.3488, 44.424 ], [ -91.3289, 44.418 ], [ -91.3278, 44.4126 ], [ -91.3067, 44.4005 ], [ -91.3012, 44.4029 ], [ -91.2954, 44.4089 ], [ -91.296, 44.4116 ], [ -91.2908, 44.4141 ], [ -91.3054, 44.4438 ], [ -91.2833, 44.4437 ], [ -91.2767, 44.448 ], [ -91.258, 44.4408 ], [ -91.2559, 44.4425 ], [ -91.2566, 44.4661 ], [ -91.2178, 44.4657 ], [ -91.2148, 44.4693 ], [ -91.1885, 44.4701 ], [ -91.1752, 44.4667 ], [ -91.1759, 44.4566 ], [ -91.1649, 44.4514 ], [ -91.1662, 44.3349 ], [ -91.1857, 44.3344 ], [ -91.2062, 44.3292 ], [ -91.2087, 44.3328 ], [ -91.2062, 44.341 ], [ -91.2126, 44.348 ], [ -91.221, 44.3524 ], [ -91.2265, 44.3509 ], [ -91.2415, 44.3521 ], [ -91.2566, 44.3567 ], [ -91.2565, 44.3387 ], [ -91.2808, 44.3386 ], [ -91.2816, 44.325 ], [ -91.2768, 44.3217 ], [ -91.2773, 44.3139 ], [ -91.2745, 44.3122 ], [ -91.3098, 44.3098 ], [ -91.3179, 44.3165 ], [ -91.324, 44.3174 ], [ -91.3256, 44.3231 ], [ -91.3338, 44.3215 ], [ -91.3386, 44.3304 ], [ -91.3609, 44.3277 ], [ -91.3705, 44.329 ], [ -91.3748, 44.3325 ], [ -91.3897, 44.3372 ], [ -91.3982, 44.3437 ], [ -91.414, 44.3445 ], [ -91.4193, 44.3497 ] ] ] } },
{ "type": "Feature", "properties": { "GEOID": "55121100300", "county": "Census Tract 1003" }, "geometry": { "type": "Polygon", "coordinates": [ [ [ -91.5292, 44.4328 ], [ -91.5023, 44.4259 ], [ -91.4972, 44.4261 ], [ -91.4936, 44.4289 ], [ -91.4786, 44.4279 ], [ -91.4641, 44.4144 ], [ -91.4449, 44.4062 ], [ -91.4189, 44.4063 ], [ -91.4074, 44.4145 ], [ -91.3965, 44.4136 ], [ -91.3822, 44.3916 ], [ -91.3794, 44.3796 ], [ -91.3877, 44.371 ], [ -91.3887, 44.3612 ], [ -91.3926, 44.3597 ], [ -91.3974, 44.361 ], [ -91.4154, 44.3561 ], [ -91.4181, 44.3548 ], [ -91.4188, 44.3478 ], [ -91.414, 44.3445 ], [ -91.3982, 44.3437 ], [ -91.3897, 44.3372 ], [ -91.3748, 44.3325 ], [ -91.3705, 44.329 ], [ -91.3609, 44.3277 ], [ -91.3386, 44.3304 ], [ -91.3321, 44.318 ], [ -91.3324, 44.3117 ], [ -91.3373, 44.3105 ], [ -91.3428, 44.3017 ], [ -91.3353, 44.2951 ], [ -91.342, 44.2907 ], [ -91.3407, 44.2858 ], [ -91.3476, 44.2848 ], [ -91.3546, 44.2727 ], [ -91.3779, 44.2682 ], [ -91.3857, 44.2619 ], [ -91.4005, 44.2561 ], [ -91.4332, 44.2516 ], [ -91.4405, 44.2469 ], [ -91.449, 44.247 ], [ -91.4581, 44.2523 ], [ -91.4581, 44.2669 ], [ -91.4631, 44.2684 ], [ -91.4754, 44.2672 ], [ -91.4783, 44.2732 ], [ -91.4612, 44.2951 ], [ -91.5005, 44.3014 ], [ -91.513, 44.3091 ], [ -91.529, 44.3285 ], [ -91.5292, 44.4328 ] ] ] } },
{ "type": "Feature", "properties": { "GEOID": "55121100200", "county": "Census Tract 1002" }, "geometry": { "type": "Polygon", "coordinates": [ [ [ -91.5292, 44.4328 ], [ -91.5291, 44.5962 ], [ -91.2923, 44.5967 ], [ -91.2739, 44.5901 ], [ -91.2728, 44.579 ], [ -91.2675, 44.5773 ], [ -91.2678, 44.5358 ], [ -91.2774, 44.5313 ], [ -91.28, 44.528 ], [ -91.2773, 44.5228 ], [ -91.279, 44.5198 ], [ -91.2908, 44.5073 ], [ -91.2969, 44.5048 ], [ -91.3003, 44.4945 ], [ -91.3135, 44.4957 ], [ -91.3192, 44.5077 ], [ -91.3256, 44.5112 ], [ -91.3466, 44.5142 ], [ -91.3473, 44.5168 ], [ -91.3672, 44.5278 ], [ -91.3688, 44.5171 ], [ -91.3657, 44.5125 ], [ -91.3721, 44.5127 ], [ -91.3782, 44.5095 ], [ -91.3848, 44.5112 ], [ -91.3945, 44.5075 ], [ -91.408, 44.5062 ], [ -91.413, 44.5021 ], [ -91.4132, 44.4979 ], [ -91.4177, 44.4978 ], [ -91.4222, 44.4852 ], [ -91.4128, 44.4565 ], [ -91.404, 44.4407 ], [ -91.3997, 44.4229 ], [ -91.4189, 44.4063 ], [ -91.4449, 44.4062 ], [ -91.4641, 44.4144 ], [ -91.4786, 44.4279 ], [ -91.4936, 44.4289 ], [ -91.4972, 44.4261 ], [ -91.5023, 44.4259 ], [ -91.5292, 44.4328 ] ] ] } },
{ "type": "Feature", "properties": { "GEOID": "55115100100", "county": "Census Tract 1001" }, "geometry": { "type": "Polygon", "coordinates": [ [ [ -88.5506, 44.7818 ], [ -88.5379, 44.7822 ], [ -88.4874, 44.7972 ], [ -88.4874, 44.8028 ], [ -88.4775, 44.8082 ], [ -88.4781, 44.8063 ], [ -88.4746, 44.8045 ], [ -88.4688, 44.8046 ], [ -88.4695, 44.8243 ], [ -88.4626, 44.8229 ], [ -88.4528, 44.8276 ], [ -88.4492, 44.8265 ], [ -88.4491, 44.8242 ], [ -88.4083, 44.8237 ], [ -88.4105, 44.8547 ], [ -88.2482, 44.8527 ], [ -88.2524, 44.7668 ], [ -88.3337, 44.7656 ], [ -88.3333, 44.7729 ], [ -88.3435, 44.7727 ], [ -88.3431, 44.7764 ], [ -88.353, 44.7762 ], [ -88.354, 44.7725 ], [ -88.3657, 44.7722 ], [ -88.3661, 44.7642 ], [ -88.4866, 44.7667 ], [ -88.4861, 44.757 ], [ -88.521, 44.7609 ], [ -88.5506, 44.7818 ] ] ] } },
{ "type": "Feature", "properties": { "GEOID": "55115100400", "county": "Census Tract 1004" }, "geometry": { "type": "Polygon", "coordinates": [ [ [ -88.6217, 44.7912 ], [ -88.5888, 44.7932 ], [ -88.5888, 44.7969 ], [ -88.5688, 44.7963 ], [ -88.5687, 44.7914 ], [ -88.5619, 44.7938 ], [ -88.5529, 44.792 ], [ -88.5429, 44.7847 ], [ -88.538, 44.7842 ], [ -88.5379, 44.7822 ], [ -88.6094, 44.782 ], [ -88.6087, 44.7617 ], [ -88.6103, 44.7583 ], [ -88.6137, 44.7601 ], [ -88.6106, 44.7657 ], [ -88.6209, 44.7694 ], [ -88.6183, 44.7806 ], [ -88.6217, 44.7912 ] ] ] } },
{ "type": "Feature", "properties": { "GEOID": "55115100800", "county": "Census Tract 1008" }, "geometry": { "type": "Polygon", "coordinates": [ [ [ -89.2237, 44.6814 ], [ -89.2238, 45.0292 ], [ -89.109, 45.0296 ], [ -89.102, 45.0242 ], [ -89.1021, 45.0084 ], [ -89.1278, 45.0084 ], [ -89.1224, 45.0042 ], [ -89.1235, 45.0014 ], [ -89.1278, 45.0014 ], [ -89.1224, 44.9953 ], [ -89.1226, 44.9723 ], [ -89.1324, 44.9651 ], [ -89.1224, 44.965 ], [ -89.1227, 44.9434 ], [ -89.1137, 44.9434 ], [ -89.1066, 44.9488 ], [ -89.105, 44.9474 ], [ -89.1001, 44.9494 ], [ -89.0899, 44.946 ], [ -89.086, 44.9401 ], [ -89.0888, 44.9379 ], [ -89.0912, 44.9385 ], [ -89.0987, 44.9304 ], [ -89.1, 44.9202 ], [ -89.0962, 44.9131 ], [ -89.0886, 44.9132 ], [ -89.0826, 44.911 ], [ -89.0803, 44.8996 ], [ -89.0625, 44.8997 ], [ -89.0611, 44.8912 ], [ -89.0622, 44.8707 ], [ -89.0929, 44.8706 ], [ -89.1027, 44.8632 ], [ -89.1028, 44.7355 ], [ -89.1007, 44.7326 ], [ -89.1049, 44.7294 ], [ -89.1029, 44.7274 ], [ -89.1025, 44.6953 ], [ -89.0626, 44.6951 ], [ -89.0629, 44.6802 ], [ -89.2237, 44.6814 ] ] ] } },
{ "type": "Feature", "properties": { "GEOID": "55115100200", "county": "Census Tract 1002" }, "geometry": { "type": "Polygon", "coordinates": [ [ [ -88.6102, 44.811 ], [ -88.6049, 44.8116 ], [ -88.6044, 44.8183 ], [ -88.5667, 44.8178 ], [ -88.5607, 44.8252 ], [ -88.5536, 44.8281 ], [ -88.5294, 44.8285 ], [ -88.5224, 44.8249 ], [ -88.5035, 44.8248 ], [ -88.5002, 44.8328 ], [ -88.4886, 44.8311 ], [ -88.4892, 44.8554 ], [ -88.4105, 44.8547 ], [ -88.4083, 44.8237 ], [ -88.4491, 44.8242 ], [ -88.4492, 44.8265 ], [ -88.4528, 44.8276 ], [ -88.4626, 44.8229 ], [ -88.4695, 44.8243 ], [ -88.4688, 44.8046 ], [ -88.4746, 44.8045 ], [ -88.4781, 44.8063 ], [ -88.4775, 44.8082 ], [ -88.4874, 44.8028 ], [ -88.4874, 44.7972 ], [ -88.5379, 44.7822 ], [ -88.538, 44.7842 ], [ -88.5429, 44.7847 ], [ -88.5529, 44.792 ], [ -88.5619, 44.7938 ], [ -88.5687, 44.7914 ], [ -88.5688, 44.7963 ], [ -88.5888, 44.7969 ], [ -88.5888, 44.7932 ], [ -88.6097, 44.7929 ], [ -88.6068, 44.8051 ], [ -88.6102, 44.811 ] ] ] } },
{ "type": "Feature", "properties": { "GEOID": "55017010500", "county": "Census Tract 105" }, "geometry": { "type": "Polygon", "coordinates": [ [ [ -91.402, 44.9466 ], [ -91.3969, 44.9551 ], [ -91.3993, 44.9559 ], [ -91.4014, 44.9641 ], [ -91.3952, 44.9664 ], [ -91.3476, 44.9664 ], [ -91.3426, 44.9698 ], [ -91.3421, 44.9775 ], [ -91.3283, 44.9785 ], [ -91.3177, 44.9755 ], [ -91.3129, 44.97 ], [ -91.3137, 44.9667 ], [ -91.3224, 44.9621 ], [ -91.3238, 44.953 ], [ -91.3295, 44.9439 ], [ -91.3347, 44.9417 ], [ -91.3368, 44.937 ], [ -91.3407, 44.9378 ], [ -91.3281, 44.9319 ], [ -91.3305, 44.928 ], [ -91.3332, 44.9309 ], [ -91.3461, 44.9334 ], [ -91.3476, 44.9225 ], [ -91.3578, 44.9226 ], [ -91.3578, 44.9202 ], [ -91.3805, 44.9208 ], [ -91.3917, 44.9399 ], [ -91.3949, 44.9437 ], [ -91.4013, 44.9428 ], [ -91.402, 44.9466 ] ] ] } },
{ "type": "Feature", "properties": { "GEOID": "55017010800", "county": "Census Tract 108" }, "geometry": { "type": "Polygon", "coordinates": [ [ [ -91.2679, 44.9445 ], [ -91.2629, 44.945 ], [ -91.2677, 44.9538 ], [ -91.2678, 44.9733 ], [ -91.0045, 44.9733 ], [ -91.0042, 44.9659 ], [ -90.9838, 44.966 ], [ -90.9836, 44.952 ], [ -90.9224, 44.9521 ], [ -90.9222, 44.8573 ], [ -91.267, 44.857 ], [ -91.2677, 44.9003 ], [ -91.2578, 44.9006 ], [ -91.2573, 44.914 ], [ -91.2577, 44.9297 ], [ -91.2678, 44.9297 ], [ -91.2679, 44.9445 ] ] ] } },
{ "type": "Feature", "properties": { "GEOID": "55017010400", "county": "Census Tract 104" }, "geometry": { "type": "Polygon", "coordinates": [ [ [ -91.6511, 45.0091 ], [ -91.5798, 45.0087 ], [ -91.5698, 45.0016 ], [ -91.4517, 45.0021 ], [ -91.438, 45.0001 ], [ -91.438, 45.0038 ], [ -91.4253, 45.0038 ], [ -91.4119, 44.995 ], [ -91.3883, 44.9953 ], [ -91.3885, 44.9663 ], [ -91.4014, 44.9641 ], [ -91.3993, 44.9559 ], [ -91.3969, 44.9551 ], [ -91.4023, 44.9445 ], [ -91.4269, 44.9443 ], [ -91.428, 44.9218 ], [ -91.441, 44.9209 ], [ -91.4514, 44.9232 ], [ -91.456, 44.9219 ], [ -91.4553, 44.915 ], [ -91.4594, 44.9094 ], [ -91.4536, 44.8906 ], [ -91.4558, 44.8827 ], [ -91.4782, 44.8859 ], [ -91.4934, 44.8835 ], [ -91.4977, 44.8802 ], [ -91.5008, 44.8673 ], [ -91.511, 44.8643 ], [ -91.5145, 44.8573 ], [ -91.6504, 44.8559 ], [ -91.6511, 45.0091 ] ] ] } },
{ "type": "Feature", "properties": { "GEOID": "55035000100", "county": "Census Tract 1" }, "geometry": { "type": "Polygon", "coordinates": [ [ [ -91.1656, 44.597 ], [ -91.1653, 44.7527 ], [ -91.1451, 44.7526 ], [ -91.1452, 44.7581 ], [ -91.125, 44.76 ], [ -91.1248, 44.7715 ], [ -91.0844, 44.7712 ], [ -91.0841, 44.7999 ], [ -91.0644, 44.8002 ], [ -91.064, 44.8291 ], [ -91.0841, 44.8291 ], [ -91.0849, 44.8572 ], [ -90.9222, 44.8573 ], [ -90.9223, 44.5963 ], [ -91.1656, 44.597 ] ] ] } },
{ "type": "Feature", "properties": { "GEOID": "55019950500", "county": "Census Tract 9505" }, "geometry": { "type": "Polygon", "coordinates": [ [ [ -90.5574, 44.7125 ], [ -90.5575, 44.8862 ], [ -90.4687, 44.8859 ], [ -90.4534, 44.893 ], [ -90.4345, 44.8949 ], [ -90.4345, 44.8862 ], [ -90.3153, 44.8877 ], [ -90.3162, 44.6852 ], [ -90.3762, 44.6843 ], [ -90.3764, 44.6916 ], [ -90.3968, 44.692 ], [ -90.397, 44.6985 ], [ -90.4353, 44.6979 ], [ -90.4354, 44.6834 ], [ -90.5064, 44.6834 ], [ -90.5045, 44.7118 ], [ -90.5574, 44.7125 ] ] ] } },
{ "type": "Feature", "properties": { "GEOID": "55019950600", "county": "Census Tract 9506" }, "geometry": { "type": "Polygon", "coordinates": [ [ [ -90.5843, 44.6744 ], [ -90.5716, 44.6815 ], [ -90.5654, 44.6909 ], [ -90.5628, 44.691 ], [ -90.5666, 44.694 ], [ -90.5613, 44.696 ], [ -90.5585, 44.7022 ], [ -90.5625, 44.7125 ], [ -90.5045, 44.7118 ], [ -90.5064, 44.6834 ], [ -90.4354, 44.6834 ], [ -90.4353, 44.6979 ], [ -90.397, 44.6985 ], [ -90.3968, 44.692 ], [ -90.3764, 44.6916 ], [ -90.3762, 44.6843 ], [ -90.3162, 44.6852 ], [ -90.316, 44.4246 ], [ -90.4972, 44.4226 ], [ -90.4967, 44.4659 ], [ -90.5588, 44.4658 ], [ -90.5579, 44.5528 ], [ -90.5375, 44.5527 ], [ -90.5377, 44.5744 ], [ -90.5578, 44.5745 ], [ -90.5577, 44.5964 ], [ -90.5477, 44.5965 ], [ -90.5475, 44.6544 ], [ -90.5735, 44.6545 ], [ -90.5693, 44.6591 ], [ -90.5755, 44.6598 ], [ -90.5843, 44.6744 ] ] ] } },
{ "type": "Feature", "properties": { "GEOID": "55001950700", "county": "Census Tract 9507" }, "geometry": { "type": "Polygon", "coordinates": [ [ [ -89.8385, 43.7311 ], [ -89.7175, 43.7309 ], [ -89.7169, 43.8326 ], [ -89.6949, 43.8325 ], [ -89.6787, 43.8254 ], [ -89.5978, 43.8252 ], [ -89.5996, 43.6426 ], [ -89.7187, 43.6431 ], [ -89.7849, 43.641 ], [ -89.7892, 43.6452 ], [ -89.7859, 43.6523 ], [ -89.7883, 43.6686 ], [ -89.8051, 43.6754 ], [ -89.8106, 43.6808 ], [ -89.8225, 43.6974 ], [ -89.8385, 43.7311 ] ] ] } },
{ "type": "Feature", "properties": { "GEOID": "55115101100", "county": "Census Tract 1011" }, "geometry": { "type": "Polygon", "coordinates": [ [ [ -88.6153, 44.6784 ], [ -88.6155, 44.6928 ], [ -88.5861, 44.6928 ], [ -88.5855, 44.6964 ], [ -88.5707, 44.6963 ], [ -88.5707, 44.6999 ], [ -88.5407, 44.6995 ], [ -88.5351, 44.7031 ], [ -88.5302, 44.7034 ], [ -88.5302, 44.7067 ], [ -88.5254, 44.7101 ], [ -88.4848, 44.7099 ], [ -88.4842, 44.6919 ], [ -88.4438, 44.6911 ], [ -88.4436, 44.6767 ], [ -88.4237, 44.6763 ], [ -88.4238, 44.6906 ], [ -88.383, 44.6897 ], [ -88.3832, 44.6969 ], [ -88.3631, 44.6962 ], [ -88.3635, 44.7134 ], [ -88.3578, 44.714 ], [ -88.3575, 44.7158 ], [ -88.3439, 44.7129 ], [ -88.3338, 44.7149 ], [ -88.3278, 44.7192 ], [ -88.3274, 44.7171 ], [ -88.2453, 44.7159 ], [ -88.2427, 44.6796 ], [ -88.2526, 44.6798 ], [ -88.2524, 44.6602 ], [ -88.2428, 44.6608 ], [ -88.2452, 44.5847 ], [ -88.3869, 44.5884 ], [ -88.6061, 44.5905 ], [ -88.6052, 44.6783 ], [ -88.6153, 44.6784 ] ] ] } },
{ "type": "Feature", "properties": { "GEOID": "55039041400", "county": "Census Tract 414" }, "geometry": { "type": "Polygon", "coordinates": [ [ [ -88.7655, 43.8078 ], [ -88.7648, 43.8949 ], [ -88.4032, 43.893 ], [ -88.4022, 43.8343 ], [ -88.5243, 43.8355 ], [ -88.5232, 43.7193 ], [ -88.6442, 43.72 ], [ -88.6449, 43.8077 ], [ -88.7655, 43.8078 ] ] ] } },
{ "type": "Feature", "properties": { "GEOID": "55039040300", "county": "Census Tract 403" }, "geometry": { "type": "Polygon", "coordinates": [ [ [ -88.4847, 43.7954 ], [ -88.4732, 43.796 ], [ -88.4707, 43.7972 ], [ -88.4707, 43.8013 ], [ -88.4564, 43.7909 ], [ -88.4591, 43.7888 ], [ -88.4594, 43.7815 ], [ -88.4562, 43.7787 ], [ -88.4822, 43.7771 ], [ -88.4847, 43.7954 ] ] ] } },
{ "type": "Feature", "properties": { "GEOID": "55039040700", "county": "Census Tract 407" }, "geometry": { "type": "Polygon", "coordinates": [ [ [ -88.5242, 43.8066 ], [ -88.4995, 43.8065 ], [ -88.4878, 43.799 ], [ -88.4831, 43.7916 ], [ -88.4808, 43.7672 ], [ -88.4768, 43.7691 ], [ -88.4669, 43.768 ], [ -88.4634, 43.7724 ], [ -88.4573, 43.7733 ], [ -88.4471, 43.7715 ], [ -88.4506, 43.7441 ], [ -88.4431, 43.7349 ], [ -88.4422, 43.7187 ], [ -88.5232, 43.7193 ], [ -88.5242, 43.8066 ] ] ] } },
{ "type": "Feature", "properties": { "GEOID": "55039040900", "county": "Census Tract 409" }, "geometry": { "type": "Polygon", "coordinates": [ [ [ -88.439, 43.7733 ], [ -88.439, 43.7788 ], [ -88.422, 43.7785 ], [ -88.4216, 43.7715 ], [ -88.4156, 43.7622 ], [ -88.4229, 43.7623 ], [ -88.4347, 43.7728 ], [ -88.439, 43.7733 ] ] ] } },
{ "type": "Feature", "properties": { "GEOID": "55039041300", "county": "Census Tract 413" }, "geometry": { "type": "Polygon", "coordinates": [ [ [ -88.5243, 43.8355 ], [ -88.4022, 43.8343 ], [ -88.4019, 43.8278 ], [ -88.4266, 43.8034 ], [ -88.4514, 43.8037 ], [ -88.4564, 43.7909 ], [ -88.4707, 43.8013 ], [ -88.4707, 43.7972 ], [ -88.4732, 43.796 ], [ -88.4847, 43.7954 ], [ -88.4995, 43.8065 ], [ -88.5242, 43.8066 ], [ -88.5243, 43.8355 ] ] ] } },
{ "type": "Feature", "properties": { "GEOID": "55077960200", "county": "Census Tract 9602" }, "geometry": { "type": "Polygon", "coordinates": [ [ [ -89.4834, 43.7593 ], [ -89.4831, 43.8792 ], [ -89.4756, 43.8793 ], [ -89.4778, 43.8989 ], [ -89.4545, 43.8963 ], [ -89.4399, 43.9044 ], [ -89.428, 43.9027 ], [ -89.4189, 43.8977 ], [ -89.4005, 43.8982 ], [ -89.3913, 43.9043 ], [ -89.3704, 43.9087 ], [ -89.3703, 43.9014 ], [ -89.3607, 43.9013 ], [ -89.3614, 43.8978 ], [ -89.348, 43.8977 ], [ -89.3471, 43.8945 ], [ -89.3388, 43.8905 ], [ -89.3119, 43.8904 ], [ -89.311, 43.8867 ], [ -89.3072, 43.887 ], [ -89.3113, 43.8906 ], [ -89.3122, 43.8979 ], [ -89.3021, 43.898 ], [ -89.3011, 43.8943 ], [ -89.2834, 43.8893 ], [ -89.2521, 43.8918 ], [ -89.2454, 43.8888 ], [ -89.2297, 43.8891 ], [ -89.219, 43.887 ], [ -89.2103, 43.8906 ], [ -89.1883, 43.8915 ], [ -89.1875, 43.8947 ], [ -89.1682, 43.8947 ], [ -89.1681, 43.8765 ], [ -89.1983, 43.8765 ], [ -89.198, 43.818 ], [ -89.1944, 43.8149 ], [ -89.1983, 43.8127 ], [ -89.195, 43.8071 ], [ -89.1893, 43.8046 ], [ -89.1825, 43.8049 ], [ -89.1768, 43.8085 ], [ -89.168, 43.8101 ], [ -89.1676, 43.7655 ], [ -89.2222, 43.7662 ], [ -89.2298, 43.7679 ], [ -89.2292, 43.771 ], [ -89.2428, 43.776 ], [ -89.2434, 43.783 ], [ -89.2408, 43.7888 ], [ -89.2379, 43.7892 ], [ -89.238, 43.8034 ], [ -89.246, 43.8033 ], [ -89.2464, 43.82 ], [ -89.2562, 43.8198 ], [ -89.2729, 43.8154 ], [ -89.294, 43.8008 ], [ -89.317, 43.7941 ], [ -89.3163, 43.8217 ], [ -89.3521, 43.8216 ], [ -89.3578, 43.8251 ], [ -89.3651, 43.8251 ], [ -89.3653, 43.818 ], [ -89.375, 43.8179 ], [ -89.375, 43.8152 ], [ -89.3951, 43.8178 ], [ -89.395, 43.7917 ], [ -89.4152, 43.7893 ], [ -89.4152, 43.7755 ], [ -89.449, 43.7739 ], [ -89.4553, 43.7711 ], [ -89.4546, 43.765 ], [ -89.4756, 43.7563 ], [ -89.4834, 43.7593 ] ] ] } },
{ "type": "Feature", "properties": { "GEOID": "55077960400", "county": "Census Tract 9604" }, "geometry": { "type": "Polygon", "coordinates": [ [ [ -89.5996, 43.6426 ], [ -89.5991, 43.7261 ], [ -89.5687, 43.7266 ], [ -89.5638, 43.7281 ], [ -89.5595, 43.738 ], [ -89.5504, 43.7417 ], [ -89.5433, 43.7417 ], [ -89.5434, 43.7235 ], [ -89.5234, 43.7235 ], [ -89.509, 43.7262 ], [ -89.4835, 43.7216 ], [ -89.4815, 43.7254 ], [ -89.4848, 43.7348 ], [ -89.4834, 43.7593 ], [ -89.4756, 43.7563 ], [ -89.4546, 43.765 ], [ -89.4553, 43.7711 ], [ -89.449, 43.7739 ], [ -89.4246, 43.7747 ], [ -89.4224, 43.7704 ], [ -89.3892, 43.7779 ], [ -89.371, 43.7663 ], [ -89.3959, 43.7662 ], [ -89.3957, 43.7519 ], [ -89.3559, 43.7514 ], [ -89.3572, 43.7448 ], [ -89.3601, 43.7445 ], [ -89.3652, 43.7367 ], [ -89.3652, 43.7278 ], [ -89.3765, 43.7076 ], [ -89.3906, 43.7002 ], [ -89.3946, 43.694 ], [ -89.3964, 43.6845 ], [ -89.3922, 43.6741 ], [ -89.3946, 43.6652 ], [ -89.402, 43.657 ], [ -89.4073, 43.6426 ], [ -89.5996, 43.6426 ] ] ] } },
{ "type": "Feature", "properties": { "GEOID": "55127001702", "county": "Census Tract 17.02" }, "geometry": { "type": "Polygon", "coordinates": [ [ [ -88.6585, 42.4946 ], [ -88.6585, 42.5821 ], [ -88.5802, 42.5827 ], [ -88.5803, 42.56 ], [ -88.5969, 42.5601 ], [ -88.5997, 42.5456 ], [ -88.6192, 42.5457 ], [ -88.6189, 42.5095 ], [ -88.5796, 42.5093 ], [ -88.5846, 42.5238 ], [ -88.5797, 42.5237 ], [ -88.5799, 42.5274 ], [ -88.5601, 42.5255 ], [ -88.5601, 42.5312 ], [ -88.5262, 42.5309 ], [ -88.5265, 42.5456 ], [ -88.4271, 42.546 ], [ -88.4137, 42.5646 ], [ -88.401, 42.5535 ], [ -88.3489, 42.5201 ], [ -88.3393, 42.5164 ], [ -88.3049, 42.5165 ], [ -88.3047, 42.4948 ], [ -88.6585, 42.4946 ] ] ] } },
{ "type": "Feature", "properties": { "GEOID": "55127001501", "county": "Census Tract 15.01" }, "geometry": { "type": "Polygon", "coordinates": [ [ [ -88.5409, 42.6192 ], [ -88.4781, 42.6193 ], [ -88.4774, 42.6255 ], [ -88.4711, 42.629 ], [ -88.4573, 42.617 ], [ -88.446, 42.6141 ], [ -88.4614, 42.6117 ], [ -88.4657, 42.6076 ], [ -88.4746, 42.6042 ], [ -88.4912, 42.6024 ], [ -88.5071, 42.5939 ], [ -88.508, 42.5867 ], [ -88.5123, 42.5858 ], [ -88.5137, 42.5829 ], [ -88.5215, 42.5828 ], [ -88.5312, 42.587 ], [ -88.5408, 42.6002 ], [ -88.5409, 42.6192 ] ] ] } },
{ "type": "Feature", "properties": { "GEOID": "55025001501", "county": "Census Tract 15.01" }, "geometry": { "type": "Polygon", "coordinates": [ [ [ -89.3678, 43.0451 ], [ -89.3617, 43.0483 ], [ -89.3581, 43.0476 ], [ -89.3554, 43.0497 ], [ -89.3382, 43.0525 ], [ -89.3361, 43.0471 ], [ -89.3509, 43.0471 ], [ -89.3542, 43.0438 ], [ -89.3658, 43.0435 ], [ -89.371, 43.0472 ], [ -89.3678, 43.0451 ] ] ] } },
{ "type": "Feature", "properties": { "GEOID": "55025002100", "county": "Census Tract 21" }, "geometry": { "type": "Polygon", "coordinates": [ [ [ -89.3619, 43.0903 ], [ -89.3638, 43.1142 ], [ -89.3424, 43.1102 ], [ -89.3387, 43.1074 ], [ -89.3418, 43.1045 ], [ -89.3619, 43.0903 ] ] ] } },
{ "type": "Feature", "properties": { "GEOID": "55025002302", "county": "Census Tract 23.02" }, "geometry": { "type": "Polygon", "coordinates": [ [ [ -89.4126, 43.1424 ], [ -89.4063, 43.1463 ], [ -89.4063, 43.151 ], [ -89.4019, 43.1506 ], [ -89.3843, 43.1338 ], [ -89.3932, 43.1338 ], [ -89.3933, 43.1285 ], [ -89.4001, 43.1266 ], [ -89.4, 43.1235 ], [ -89.4024, 43.1233 ], [ -89.4016, 43.128 ], [ -89.4097, 43.1306 ], [ -89.4089, 43.1391 ], [ -89.4126, 43.1424 ] ] ] } },
{ "type": "Feature", "properties": { "GEOID": "55025002601", "county": "Census Tract 26.01" }, "geometry": { "type": "Polygon", "coordinates": [ [ [ -89.3387, 43.1074 ], [ -89.3215, 43.1189 ], [ -89.3151, 43.114 ], [ -89.3109, 43.1138 ], [ -89.3177, 43.1101 ], [ -89.3167, 43.1065 ], [ -89.3387, 43.1074 ] ] ] } },
{ "type": "Feature", "properties": { "GEOID": "55025002900", "county": "Census Tract 29" }, "geometry": { "type": "Polygon", "coordinates": [ [ [ -89.3247, 43.0477 ], [ -89.3261, 43.0692 ], [ -89.3097, 43.0713 ], [ -89.3081, 43.0479 ], [ -89.3247, 43.0477 ] ] ] } },
{ "type": "Feature", "properties": { "GEOID": "55025003200", "county": "Census Tract 32" }, "geometry": { "type": "Polygon", "coordinates": [ [ [ -89.4461, 43.0825 ], [ -89.446, 43.0872 ], [ -89.4307, 43.0927 ], [ -89.4245, 43.0875 ], [ -89.4152, 43.0899 ], [ -89.428, 43.0835 ], [ -89.421, 43.0782 ], [ -89.4251, 43.0762 ], [ -89.4251, 43.0735 ], [ -89.4337, 43.0738 ], [ -89.4369, 43.0823 ], [ -89.4461, 43.0825 ] ] ] } },
{ "type": "Feature", "properties": { "GEOID": "55025010200", "county": "Census Tract 102" }, "geometry": { "type": "Polygon", "coordinates": [ [ [ -89.3829, 43.1161 ], [ -89.3747, 43.1248 ], [ -89.3638, 43.1098 ], [ -89.364, 43.1029 ], [ -89.3682, 43.097 ], [ -89.3706, 43.0974 ], [ -89.3674, 43.105 ], [ -89.3706, 43.11 ], [ -89.3727, 43.1123 ], [ -89.3806, 43.113 ], [ -89.3829, 43.1161 ] ] ] } },
{ "type": "Feature", "properties": { "GEOID": "55025012800", "county": "Census Tract 128" }, "geometry": { "type": "Polygon", "coordinates": [ [ [ -89.7786, 42.9828 ], [ -89.77, 42.9963 ], [ -89.7699, 43.0318 ], [ -89.6825, 43.0318 ], [ -89.6885, 43.0271 ], [ -89.6962, 43.0249 ], [ -89.6961, 43.0189 ], [ -89.6916, 43.0164 ], [ -89.6914, 42.9964 ], [ -89.6767, 42.9846 ], [ -89.6743, 42.9628 ], [ -89.6896, 42.9639 ], [ -89.6954, 42.9664 ], [ -89.724, 42.9669 ], [ -89.7265, 42.9655 ], [ -89.7338, 42.9745 ], [ -89.7601, 42.9738 ], [ -89.7601, 42.981 ], [ -89.7743, 42.9809 ], [ -89.7786, 42.9828 ] ] ] } },
{ "type": "Feature", "properties": { "GEOID": "55025012400", "county": "Census Tract 124" }, "geometry": { "type": "Polygon", "coordinates": [ [ [ -89.4857, 42.8564 ], [ -89.4855, 42.9434 ], [ -89.4387, 42.9432 ], [ -89.4383, 42.9144 ], [ -89.4183, 42.9145 ], [ -89.4136, 42.9 ], [ -89.3863, 42.8998 ], [ -89.3863, 42.8926 ], [ -89.3756, 42.8925 ], [ -89.3771, 42.8952 ], [ -89.3475, 42.8966 ], [ -89.3507, 42.9035 ], [ -89.33, 42.904 ], [ -89.3286, 42.9316 ], [ -89.2504, 42.9323 ], [ -89.2503, 42.8459 ], [ -89.3691, 42.845 ], [ -89.3691, 42.8565 ], [ -89.4857, 42.8564 ] ] ] } },
{ "type": "Feature", "properties": { "GEOID": "55025012300", "county": "Census Tract 123" }, "geometry": { "type": "Polygon", "coordinates": [ [ [ -89.2504, 42.889 ], [ -89.2504, 42.9179 ], [ -89.2165, 42.9167 ], [ -89.2136, 42.9184 ], [ -89.1712, 42.9188 ], [ -89.171, 42.9043 ], [ -89.178, 42.9043 ], [ -89.1904, 42.909 ], [ -89.1907, 42.8973 ], [ -89.1861, 42.8969 ], [ -89.1861, 42.8825 ], [ -89.21, 42.8825 ], [ -89.2102, 42.8757 ], [ -89.2306, 42.8751 ], [ -89.2307, 42.8851 ], [ -89.2455, 42.8862 ], [ -89.2471, 42.8891 ], [ -89.2504, 42.889 ] ] ] } },
{ "type": "Feature", "properties": { "GEOID": "55031020800", "county": "Census Tract 208" }, "geometry": { "type": "Polygon", "coordinates": [ [ [ -92.1138, 46.7062 ], [ -92.104, 46.7062 ], [ -92.1041, 46.6989 ], [ -92.0981, 46.6989 ], [ -92.098, 46.7062 ], [ -92.0749, 46.7062 ], [ -92.062, 46.6941 ], [ -92.0638, 46.693 ], [ -92.0611, 46.6908 ], [ -92.0559, 46.6912 ], [ -92.0484, 46.6853 ], [ -92.0477, 46.6788 ], [ -92.0619, 46.6797 ], [ -92.0609, 46.6781 ], [ -92.0565, 46.6786 ], [ -92.0592, 46.6668 ], [ -92.0625, 46.6702 ], [ -92.0646, 46.6685 ], [ -92.0644, 46.6663 ], [ -92.0561, 46.6627 ], [ -92.0561, 46.657 ], [ -92.0611, 46.6522 ], [ -92.0728, 46.6478 ], [ -92.0881, 46.6479 ], [ -92.0979, 46.6526 ], [ -92.0999, 46.6595 ], [ -92.108, 46.6596 ], [ -92.114, 46.6716 ], [ -92.1138, 46.7062 ] ] ] } },
{ "type": "Feature", "properties": { "GEOID": "55031020600", "county": "Census Tract 206" }, "geometry": { "type": "Polygon", "coordinates": [ [ [ -92.1141, 46.7204 ], [ -92.1009, 46.7193 ], [ -92.0979, 46.7207 ], [ -92.0981, 46.6989 ], [ -92.1041, 46.6989 ], [ -92.104, 46.7062 ], [ -92.1138, 46.7062 ], [ -92.1141, 46.7204 ] ] ] } },
{ "type": "Feature", "properties": { "GEOID": "55031021000", "county": "Census Tract 210" }, "geometry": { "type": "Polygon", "coordinates": [ [ [ -92.0664, 46.6502 ], [ -92.0558, 46.6575 ], [ -92.0561, 46.6627 ], [ -92.0644, 46.6663 ], [ -92.0625, 46.6702 ], [ -92.0592, 46.6668 ], [ -92.0566, 46.6774 ], [ -92.0619, 46.6797 ], [ -92.0477, 46.6788 ], [ -92.0489, 46.6845 ], [ -92.0446, 46.6892 ], [ -92.036, 46.6863 ], [ -92.0344, 46.6898 ], [ -92.0371, 46.6953 ], [ -92.0272, 46.6986 ], [ -92.0247, 46.7056 ], [ -92.0203, 46.704 ], [ -92.0153, 46.7065 ], [ -92.0081, 46.7059 ], [ -91.9879, 46.6927 ], [ -91.9619, 46.6825 ], [ -91.943, 46.6799 ], [ -91.9196, 46.6833 ], [ -91.9149, 46.6782 ], [ -91.9201, 46.6743 ], [ -91.9197, 46.6476 ], [ -92.0664, 46.6477 ], [ -92.0664, 46.6502 ] ] ] } },
{ "type": "Feature", "properties": { "GEOID": "55053960300", "county": "Census Tract 9603" }, "geometry": { "type": "Polygon", "coordinates": [ [ [ -91.1662, 44.3038 ], [ -91.1656, 44.597 ], [ -90.9222, 44.5963 ], [ -90.9229, 44.5098 ], [ -90.9334, 44.5099 ], [ -90.9331, 44.4956 ], [ -90.923, 44.495 ], [ -90.9229, 44.4831 ], [ -90.913, 44.4764 ], [ -90.9128, 44.4515 ], [ -90.923, 44.4516 ], [ -90.923, 44.4371 ], [ -90.9734, 44.4372 ], [ -90.9745, 44.4057 ], [ -90.9719, 44.4064 ], [ -90.9744, 44.4013 ], [ -90.9743, 44.3831 ], [ -90.9692, 44.3753 ], [ -90.969, 44.3689 ], [ -90.964, 44.3676 ], [ -90.9638, 44.3387 ], [ -90.9689, 44.3382 ], [ -90.969, 44.3352 ], [ -90.9735, 44.3326 ], [ -90.9836, 44.3311 ], [ -90.9898, 44.3272 ], [ -90.9983, 44.3273 ], [ -90.9984, 44.3238 ], [ -91.0035, 44.3238 ], [ -91.0007, 44.3123 ], [ -91.0042, 44.3094 ], [ -91.0036, 44.2946 ], [ -91.0088, 44.2944 ], [ -91.0089, 44.2835 ], [ -91.0651, 44.2835 ], [ -91.0653, 44.3053 ], [ -91.154, 44.3055 ], [ -91.1662, 44.3038 ] ] ] } },
{ "type": "Feature", "properties": { "GEOID": "55053960200", "county": "Census Tract 9602" }, "geometry": { "type": "MultiPolygon", "coordinates": [ [ [ [ -90.8346, 44.3116 ], [ -90.8322, 44.3082 ], [ -90.8317, 44.3062 ], [ -90.8333, 44.3072 ], [ -90.8346, 44.3116 ] ] ], [ [ [ -90.9745, 44.4057 ], [ -90.9734, 44.4372 ], [ -90.923, 44.4371 ], [ -90.923, 44.4516 ], [ -90.9128, 44.4515 ], [ -90.913, 44.4764 ], [ -90.9229, 44.4831 ], [ -90.923, 44.495 ], [ -90.9331, 44.4956 ], [ -90.9334, 44.5099 ], [ -90.8016, 44.5097 ], [ -90.8019, 44.4224 ], [ -90.7073, 44.4223 ], [ -90.7208, 44.4184 ], [ -90.7354, 44.3987 ], [ -90.7381, 44.3973 ], [ -90.7465, 44.3997 ], [ -90.7464, 44.3943 ], [ -90.7544, 44.3926 ], [ -90.7535, 44.3905 ], [ -90.7586, 44.3897 ], [ -90.7634, 44.3853 ], [ -90.7596, 44.3713 ], [ -90.7662, 44.362 ], [ -90.7685, 44.3535 ], [ -90.7762, 44.3514 ], [ -90.7777, 44.3601 ], [ -90.7812, 44.3611 ], [ -90.7854, 44.3533 ], [ -90.7906, 44.3536 ], [ -90.7956, 44.3503 ], [ -90.7977, 44.3442 ], [ -90.8038, 44.3394 ], [ -90.8119, 44.3261 ], [ -90.8223, 44.3263 ], [ -90.833, 44.3224 ], [ -90.8348, 44.3135 ], [ -90.8356, 44.3227 ], [ -90.8423, 44.3092 ], [ -90.8772, 44.319 ], [ -90.8948, 44.3311 ], [ -90.919, 44.3432 ], [ -90.95, 44.354 ], [ -90.9639, 44.3619 ], [ -90.964, 44.3676 ], [ -90.969, 44.3689 ], [ -90.9692, 44.3753 ], [ -90.9743, 44.3831 ], [ -90.9744, 44.4013 ], [ -90.9719, 44.4064 ], [ -90.9745, 44.4057 ] ] ] ] } },
{ "type": "Feature", "properties": { "GEOID": "55007960300", "county": "Census Tract 9603" }, "geometry": { "type": "Polygon", "coordinates": [ [ [ -91.1804, 46.6629 ], [ -91.1546, 46.6746 ], [ -91.1532, 46.6795 ], [ -91.1478, 46.6825 ], [ -91.1645, 46.6958 ], [ -91.1674, 46.7046 ], [ -91.1564, 46.7237 ], [ -91.1389, 46.733 ], [ -91.0818, 46.7333 ], [ -91.0839, 46.7366 ], [ -91.0825, 46.7596 ], [ -91.0462, 46.7616 ], [ -91.031, 46.7601 ], [ -91.0255, 46.7628 ], [ -91.0083, 46.7529 ], [ -91.0005, 46.7544 ], [ -90.9843, 46.7516 ], [ -90.9459, 46.7715 ], [ -90.9407, 46.7696 ], [ -90.9441, 46.7561 ], [ -90.94, 46.7499 ], [ -90.9253, 46.7387 ], [ -90.8783, 46.7377 ], [ -90.8527, 46.6996 ], [ -90.8538, 46.6935 ], [ -90.8685, 46.6804 ], [ -90.8811, 46.6753 ], [ -90.8871, 46.6677 ], [ -90.8889, 46.6689 ], [ -90.9044, 46.6662 ], [ -90.9116, 46.6634 ], [ -90.9149, 46.6591 ], [ -90.9154, 46.6469 ], [ -90.9211, 46.6372 ], [ -90.9218, 46.6278 ], [ -90.939, 46.6088 ], [ -90.9516, 46.6009 ], [ -90.9445, 46.5877 ], [ -90.9544, 46.5874 ], [ -90.9551, 46.5943 ], [ -90.9797, 46.5926 ], [ -90.9847, 46.5944 ], [ -91.023, 46.5943 ], [ -91.0278, 46.5979 ], [ -91.0989, 46.5985 ], [ -91.1058, 46.5947 ], [ -91.1164, 46.5941 ], [ -91.1593, 46.5953 ], [ -91.162, 46.6067 ], [ -91.1604, 46.6114 ], [ -91.171, 46.6221 ], [ -91.1683, 46.6344 ], [ -91.1777, 46.6378 ], [ -91.1745, 46.6473 ], [ -91.1804, 46.6629 ] ] ] } },
{ "type": "Feature", "properties": { "GEOID": "55003950400", "county": "Census Tract 9504" }, "geometry": { "type": "Polygon", "coordinates": [ [ [ -90.9271, 46.5852 ], [ -90.9099, 46.5824 ], [ -90.9013, 46.5853 ], [ -90.903, 46.5871 ], [ -90.9006, 46.5886 ], [ -90.8983, 46.5867 ], [ -90.8914, 46.5891 ], [ -90.8875, 46.5849 ], [ -90.8912, 46.5832 ], [ -90.8888, 46.5807 ], [ -90.8926, 46.579 ], [ -90.8856, 46.5713 ], [ -90.8858, 46.5597 ], [ -90.9273, 46.5603 ], [ -90.9271, 46.5852 ] ] ] } },
{ "type": "Feature", "properties": { "GEOID": "55025000205", "county": "Census Tract 2.05" }, "geometry": { "type": "Polygon", "coordinates": [ [ [ -89.5221, 43.0749 ], [ -89.5215, 43.087 ], [ -89.5211, 43.0838 ], [ -89.5022, 43.0862 ], [ -89.5019, 43.0918 ], [ -89.4718, 43.0744 ], [ -89.5024, 43.0766 ], [ -89.5221, 43.0749 ] ] ] } },
{ "type": "Feature", "properties": { "GEOID": "55025000504", "county": "Census Tract 5.04" }, "geometry": { "type": "Polygon", "coordinates": [ [ [ -89.5335, 43.0161 ], [ -89.5331, 43.0313 ], [ -89.4969, 43.0318 ], [ -89.4967, 43.0281 ], [ -89.5012, 43.0233 ], [ -89.4987, 43.023 ], [ -89.4989, 43.0157 ], [ -89.5335, 43.0161 ] ] ] } },
{ "type": "Feature", "properties": { "GEOID": "55025000901", "county": "Census Tract 9.01" }, "geometry": { "type": "Polygon", "coordinates": [ [ [ -89.429, 43.068 ], [ -89.4139, 43.0675 ], [ -89.4128, 43.0678 ], [ -89.4236, 43.0608 ], [ -89.4268, 43.0624 ], [ -89.4288, 43.0608 ], [ -89.429, 43.068 ] ] ] } },
{ "type": "Feature", "properties": { "GEOID": "55025011101", "county": "Census Tract 111.01" }, "geometry": { "type": "Polygon", "coordinates": [ [ [ -89.5117, 43.1023 ], [ -89.5096, 43.1115 ], [ -89.4927, 43.1043 ], [ -89.4837, 43.106 ], [ -89.4824, 43.0945 ], [ -89.4858, 43.0946 ], [ -89.486, 43.0897 ], [ -89.4966, 43.0969 ], [ -89.5167, 43.0968 ], [ -89.5117, 43.1023 ] ] ] } },
{ "type": "Feature", "properties": { "GEOID": "55025010300", "county": "Census Tract 103" }, "geometry": { "type": "Polygon", "coordinates": [ [ [ -89.3515, 43.0594 ], [ -89.3489, 43.065 ], [ -89.3399, 43.0718 ], [ -89.3298, 43.0743 ], [ -89.325, 43.0796 ], [ -89.3267, 43.0869 ], [ -89.3239, 43.0799 ], [ -89.3262, 43.0622 ], [ -89.3394, 43.0629 ], [ -89.3496, 43.0563 ], [ -89.3515, 43.0594 ] ] ] } },
{ "type": "Feature", "properties": { "GEOID": "55025011505", "county": "Census Tract 115.05" }, "geometry": { "type": "Polygon", "coordinates": [ [ [ -89.2494, 43.176 ], [ -89.2259, 43.1919 ], [ -89.2108, 43.1972 ], [ -89.2136, 43.1833 ], [ -89.2213, 43.1832 ], [ -89.2494, 43.176 ] ] ] } },
{ "type": "Feature", "properties": { "GEOID": "55021970900", "county": "Census Tract 9709" }, "geometry": { "type": "Polygon", "coordinates": [ [ [ -89.6206, 43.3691 ], [ -89.6007, 43.3807 ], [ -89.5892, 43.3817 ], [ -89.5571, 43.3964 ], [ -89.5435, 43.3881 ], [ -89.5214, 43.3921 ], [ -89.5214, 43.3899 ], [ -89.5104, 43.3885 ], [ -89.4792, 43.3884 ], [ -89.4641, 43.3927 ], [ -89.4574, 43.3926 ], [ -89.4205, 43.3807 ], [ -89.4026, 43.3824 ], [ -89.3965, 43.3776 ], [ -89.3626, 43.3759 ], [ -89.3629, 43.3103 ], [ -89.3453, 43.3104 ], [ -89.3445, 43.2812 ], [ -89.3631, 43.2813 ], [ -89.3632, 43.294 ], [ -89.4176, 43.2942 ], [ -89.4472, 43.3221 ], [ -89.4536, 43.3353 ], [ -89.4664, 43.3307 ], [ -89.4819, 43.3303 ], [ -89.5072, 43.3184 ], [ -89.5179, 43.3202 ], [ -89.5168, 43.33 ], [ -89.5447, 43.3274 ], [ -89.5904, 43.3624 ], [ -89.5992, 43.3657 ], [ -89.6147, 43.3657 ], [ -89.6206, 43.3691 ] ] ] } },
{ "type": "Feature", "properties": { "GEOID": "55021970300", "county": "Census Tract 9703" }, "geometry": { "type": "Polygon", "coordinates": [ [ [ -89.7858, 43.641 ], [ -89.7161, 43.6432 ], [ -89.4694, 43.6426 ], [ -89.4733, 43.6209 ], [ -89.4731, 43.6131 ], [ -89.4681, 43.6017 ], [ -89.4696, 43.5844 ], [ -89.4987, 43.5955 ], [ -89.508, 43.6012 ], [ -89.5288, 43.6069 ], [ -89.5293, 43.6018 ], [ -89.5215, 43.5883 ], [ -89.5438, 43.5918 ], [ -89.5438, 43.5771 ], [ -89.5392, 43.5768 ], [ -89.5401, 43.5661 ], [ -89.5297, 43.5623 ], [ -89.5238, 43.5623 ], [ -89.5237, 43.558 ], [ -89.4951, 43.5551 ], [ -89.4923, 43.5393 ], [ -89.5001, 43.5389 ], [ -89.5152, 43.5339 ], [ -89.535, 43.5417 ], [ -89.5501, 43.542 ], [ -89.5768, 43.5469 ], [ -89.5879, 43.5509 ], [ -89.6123, 43.5649 ], [ -89.6388, 43.5629 ], [ -89.6657, 43.5692 ], [ -89.6941, 43.5659 ], [ -89.7278, 43.5695 ], [ -89.7322, 43.5718 ], [ -89.7344, 43.5788 ], [ -89.72, 43.5917 ], [ -89.7184, 43.5985 ], [ -89.7228, 43.5999 ], [ -89.7403, 43.5982 ], [ -89.7527, 43.6057 ], [ -89.7612, 43.6036 ], [ -89.7683, 43.6071 ], [ -89.7754, 43.6138 ], [ -89.7734, 43.6203 ], [ -89.7823, 43.6256 ], [ -89.7758, 43.6314 ], [ -89.7858, 43.641 ] ] ] } },
{ "type": "Feature", "properties": { "GEOID": "55025012202", "county": "Census Tract 122.02" }, "geometry": { "type": "Polygon", "coordinates": [ [ [ -89.2506, 42.9395 ], [ -89.228, 42.9401 ], [ -89.2225, 42.9284 ], [ -89.2235, 42.9168 ], [ -89.2504, 42.9179 ], [ -89.2506, 42.9395 ] ] ] } },
{ "type": "Feature", "properties": { "GEOID": "55025011301", "county": "Census Tract 113.01" }, "geometry": { "type": "Polygon", "coordinates": [ [ [ -89.4964, 43.183 ], [ -89.4929, 43.1852 ], [ -89.4934, 43.1884 ], [ -89.4815, 43.1913 ], [ -89.4815, 43.2031 ], [ -89.4708, 43.203 ], [ -89.4814, 43.2122 ], [ -89.4813, 43.2212 ], [ -89.4217, 43.2212 ], [ -89.4217, 43.2066 ], [ -89.4107, 43.2066 ], [ -89.4118, 43.192 ], [ -89.4618, 43.192 ], [ -89.4618, 43.1775 ], [ -89.4964, 43.1774 ], [ -89.4964, 43.183 ] ] ] } },
{ "type": "Feature", "properties": { "GEOID": "55021970600", "county": "Census Tract 9706" }, "geometry": { "type": "Polygon", "coordinates": [ [ [ -89.6007, 43.3807 ], [ -89.5994, 43.5579 ], [ -89.5768, 43.5469 ], [ -89.5501, 43.542 ], [ -89.533, 43.5412 ], [ -89.5193, 43.534 ], [ -89.4923, 43.5393 ], [ -89.4891, 43.525 ], [ -89.4839, 43.5255 ], [ -89.4838, 43.5239 ], [ -89.4743, 43.5219 ], [ -89.4741, 43.5193 ], [ -89.4671, 43.5186 ], [ -89.4585, 43.5122 ], [ -89.4509, 43.5149 ], [ -89.441, 43.5104 ], [ -89.4439, 43.5067 ], [ -89.4372, 43.5022 ], [ -89.4413, 43.4972 ], [ -89.44, 43.4981 ], [ -89.4401, 43.4959 ], [ -89.4372, 43.4987 ], [ -89.4409, 43.4924 ], [ -89.4383, 43.4923 ], [ -89.4376, 43.4896 ], [ -89.4308, 43.5019 ], [ -89.4218, 43.5005 ], [ -89.4197, 43.5012 ], [ -89.4219, 43.504 ], [ -89.4158, 43.5045 ], [ -89.4214, 43.5182 ], [ -89.4425, 43.5427 ], [ -89.4322, 43.5588 ], [ -89.4447, 43.5696 ], [ -89.442, 43.5736 ], [ -89.4359, 43.5754 ], [ -89.4359, 43.5792 ], [ -89.4283, 43.5866 ], [ -89.4273, 43.5915 ], [ -89.4447, 43.5915 ], [ -89.4473, 43.588 ], [ -89.4522, 43.5872 ], [ -89.4522, 43.5846 ], [ -89.4696, 43.5844 ], [ -89.4681, 43.6017 ], [ -89.4731, 43.6131 ], [ -89.4733, 43.6209 ], [ -89.4694, 43.6426 ], [ -89.3849, 43.6427 ], [ -89.3849, 43.6324 ], [ -89.3527, 43.6282 ], [ -89.3504, 43.6231 ], [ -89.3551, 43.614 ], [ -89.3627, 43.6113 ], [ -89.3648, 43.6064 ], [ -89.3648, 43.5914 ], [ -89.3718, 43.5886 ], [ -89.3751, 43.5846 ], [ -89.3426, 43.5802 ], [ -89.3403, 43.5779 ], [ -89.34, 43.5683 ], [ -89.3475, 43.5631 ], [ -89.3594, 43.5591 ], [ -89.3592, 43.551 ], [ -89.3645, 43.5438 ], [ -89.3644, 43.5299 ], [ -89.3694, 43.5294 ], [ -89.3693, 43.5241 ], [ -89.3759, 43.5201 ], [ -89.3685, 43.5064 ], [ -89.3496, 43.5062 ], [ -89.3472, 43.5044 ], [ -89.3452, 43.5014 ], [ -89.3553, 43.4985 ], [ -89.3546, 43.4906 ], [ -89.3799, 43.49 ], [ -89.3739, 43.4819 ], [ -89.3739, 43.4756 ], [ -89.4089, 43.4753 ], [ -89.4084, 43.459 ], [ -89.4339, 43.4558 ], [ -89.4637, 43.4593 ], [ -89.4763, 43.4454 ], [ -89.4881, 43.4408 ], [ -89.4934, 43.4473 ], [ -89.4984, 43.4378 ], [ -89.5043, 43.4329 ], [ -89.5306, 43.4181 ], [ -89.556, 43.3969 ], [ -89.5892, 43.3817 ], [ -89.6007, 43.3807 ] ] ] } },
{ "type": "Feature", "properties": { "GEOID": "55021970200", "county": "Census Tract 9702" }, "geometry": { "type": "Polygon", "coordinates": [ [ [ -89.3849, 43.6427 ], [ -89.2263, 43.6432 ], [ -89.2337, 43.6382 ], [ -89.2329, 43.6218 ], [ -89.2374, 43.6141 ], [ -89.2377, 43.6006 ], [ -89.2462, 43.5953 ], [ -89.2469, 43.5832 ], [ -89.269, 43.5702 ], [ -89.2463, 43.556 ], [ -89.2462, 43.5388 ], [ -89.2273, 43.5384 ], [ -89.2274, 43.5265 ], [ -89.2323, 43.5219 ], [ -89.237, 43.5217 ], [ -89.2388, 43.5161 ], [ -89.2365, 43.5135 ], [ -89.2266, 43.5123 ], [ -89.2218, 43.5093 ], [ -89.2216, 43.5002 ], [ -89.2468, 43.5002 ], [ -89.2465, 43.4858 ], [ -89.2416, 43.4855 ], [ -89.2412, 43.4712 ], [ -89.2453, 43.4712 ], [ -89.2454, 43.4676 ], [ -89.2687, 43.4669 ], [ -89.281, 43.475 ], [ -89.281, 43.4708 ], [ -89.2852, 43.4682 ], [ -89.3067, 43.4631 ], [ -89.3217, 43.463 ], [ -89.3186, 43.4665 ], [ -89.3347, 43.4664 ], [ -89.3738, 43.461 ], [ -89.3739, 43.4819 ], [ -89.3799, 43.49 ], [ -89.3546, 43.4906 ], [ -89.3553, 43.4985 ], [ -89.3452, 43.5014 ], [ -89.3496, 43.5062 ], [ -89.3685, 43.5064 ], [ -89.3756, 43.5214 ], [ -89.3693, 43.5241 ], [ -89.3694, 43.5294 ], [ -89.3644, 43.5299 ], [ -89.3645, 43.5438 ], [ -89.3592, 43.551 ], [ -89.3594, 43.5591 ], [ -89.3475, 43.5631 ], [ -89.34, 43.5683 ], [ -89.3403, 43.5779 ], [ -89.3426, 43.5802 ], [ -89.3751, 43.5846 ], [ -89.3718, 43.5886 ], [ -89.3648, 43.5914 ], [ -89.3648, 43.6064 ], [ -89.3627, 43.6113 ], [ -89.3551, 43.614 ], [ -89.3506, 43.6268 ], [ -89.3577, 43.6297 ], [ -89.3849, 43.6324 ], [ -89.3849, 43.6427 ] ] ] } },
{ "type": "Feature", "properties": { "GEOID": "55021970500", "county": "Census Tract 9705" }, "geometry": { "type": "Polygon", "coordinates": [ [ [ -89.4696, 43.5844 ], [ -89.4522, 43.5846 ], [ -89.4522, 43.5872 ], [ -89.4473, 43.588 ], [ -89.4447, 43.5915 ], [ -89.4273, 43.5915 ], [ -89.4283, 43.5866 ], [ -89.4359, 43.5792 ], [ -89.4359, 43.5754 ], [ -89.442, 43.5736 ], [ -89.4447, 43.5696 ], [ -89.4322, 43.5588 ], [ -89.4425, 43.5427 ], [ -89.42, 43.5159 ], [ -89.443, 43.5333 ], [ -89.4584, 43.5385 ], [ -89.4649, 43.5462 ], [ -89.4695, 43.5603 ], [ -89.4696, 43.5844 ] ] ] } },
{ "type": "Feature", "properties": { "GEOID": "55029100600", "county": "Census Tract 1006" }, "geometry": { "type": "Polygon", "coordinates": [ [ [ -87.6509, 44.7122 ], [ -87.6413, 44.7121 ], [ -87.6408, 44.7705 ], [ -87.5314, 44.7689 ], [ -87.5195, 44.7711 ], [ -87.4992, 44.781 ], [ -87.4991, 44.7478 ], [ -87.4586, 44.7479 ], [ -87.4586, 44.7545 ], [ -87.3974, 44.7554 ], [ -87.3976, 44.7844 ], [ -87.3718, 44.7847 ], [ -87.3719, 44.7916 ], [ -87.3146, 44.7918 ], [ -87.3204, 44.785 ], [ -87.319, 44.7713 ], [ -87.3352, 44.7497 ], [ -87.3435, 44.7192 ], [ -87.3538, 44.7019 ], [ -87.3751, 44.6754 ], [ -87.6512, 44.6759 ], [ -87.6509, 44.7122 ] ] ] } },
{ "type": "Feature", "properties": { "GEOID": "55029100900", "county": "Census Tract 1009" }, "geometry": { "type": "Polygon", "coordinates": [ [ [ -87.5213, 44.8697 ], [ -87.5188, 44.872 ], [ -87.515, 44.872 ], [ -87.4991, 44.8643 ], [ -87.5006, 44.8584 ], [ -87.4934, 44.8547 ], [ -87.4856, 44.8546 ], [ -87.4715, 44.8691 ], [ -87.4575, 44.8794 ], [ -87.4433, 44.8856 ], [ -87.4424, 44.8899 ], [ -87.4371, 44.8927 ], [ -87.4203, 44.8876 ], [ -87.4191, 44.8854 ], [ -87.4364, 44.8876 ], [ -87.4386, 44.881 ], [ -87.4326, 44.8803 ], [ -87.4276, 44.8824 ], [ -87.4143, 44.8697 ], [ -87.41, 44.862 ], [ -87.4055, 44.8601 ], [ -87.4001, 44.8501 ], [ -87.422, 44.853 ], [ -87.4275, 44.8517 ], [ -87.4278, 44.8212 ], [ -87.3974, 44.821 ], [ -87.3974, 44.7554 ], [ -87.4586, 44.7545 ], [ -87.4586, 44.7479 ], [ -87.4991, 44.7478 ], [ -87.4991, 44.8258 ], [ -87.5111, 44.8201 ], [ -87.5195, 44.8198 ], [ -87.5189, 44.8507 ], [ -87.5146, 44.8505 ], [ -87.5089, 44.8535 ], [ -87.5041, 44.8562 ], [ -87.5034, 44.8593 ], [ -87.5077, 44.8596 ], [ -87.5213, 44.8697 ] ] ] } },
{ "type": "Feature", "properties": { "GEOID": "55029100500", "county": "Census Tract 1005" }, "geometry": { "type": "Polygon", "coordinates": [ [ [ -87.405, 44.9118 ], [ -87.3952, 44.9207 ], [ -87.3984, 44.9252 ], [ -87.3825, 44.946 ], [ -87.3709, 44.9462 ], [ -87.3669, 44.9483 ], [ -87.368, 44.937 ], [ -87.2544, 44.9371 ], [ -87.2546, 44.967 ], [ -87.2645, 44.9666 ], [ -87.2651, 44.9819 ], [ -87.2753, 44.9812 ], [ -87.2756, 45.0253 ], [ -87.2342, 45.0253 ], [ -87.2345, 45.0325 ], [ -87.2135, 45.0325 ], [ -87.2134, 45.0253 ], [ -87.1515, 45.0258 ], [ -87.1513, 45.0098 ], [ -87.1635, 45.0049 ], [ -87.1894, 44.9686 ], [ -87.1884, 44.9481 ], [ -87.1752, 44.9397 ], [ -87.1717, 44.9315 ], [ -87.1749, 44.9278 ], [ -87.1867, 44.9255 ], [ -87.2124, 44.9111 ], [ -87.216, 44.9066 ], [ -87.2172, 44.8978 ], [ -87.2063, 44.8859 ], [ -87.2045, 44.8756 ], [ -87.2099, 44.872 ], [ -87.2143, 44.8724 ], [ -87.2243, 44.8684 ], [ -87.2254, 44.8653 ], [ -87.2363, 44.86 ], [ -87.2615, 44.851 ], [ -87.267, 44.8472 ], [ -87.2675, 44.85 ], [ -87.3466, 44.8497 ], [ -87.3433, 44.8603 ], [ -87.3806, 44.8608 ], [ -87.381, 44.8521 ], [ -87.3842, 44.8523 ], [ -87.3863, 44.8738 ], [ -87.3836, 44.8851 ], [ -87.3934, 44.8982 ], [ -87.4062, 44.9045 ], [ -87.405, 44.9118 ] ] ] } },
{ "type": "Feature", "properties": { "GEOID": "55127001701", "county": "Census Tract 17.01" }, "geometry": { "type": "Polygon", "coordinates": [ [ [ -88.4185, 42.5746 ], [ -88.394, 42.5748 ], [ -88.3943, 42.5811 ], [ -88.3903, 42.582 ], [ -88.3334, 42.5831 ], [ -88.3056, 42.5817 ], [ -88.3049, 42.5165 ], [ -88.3393, 42.5164 ], [ -88.3489, 42.5201 ], [ -88.401, 42.5535 ], [ -88.4144, 42.565 ], [ -88.4185, 42.5746 ] ] ] } },
{ "type": "Feature", "properties": { "GEOID": "55045960700", "county": "Census Tract 9607" }, "geometry": { "type": "Polygon", "coordinates": [ [ [ -89.8376, 42.5055 ], [ -89.8374, 42.692 ], [ -89.7887, 42.6928 ], [ -89.7886, 42.7052 ], [ -89.769, 42.7034 ], [ -89.7663, 42.6943 ], [ -89.7296, 42.6941 ], [ -89.731, 42.6812 ], [ -89.7218, 42.658 ], [ -89.7262, 42.6499 ], [ -89.7297, 42.6514 ], [ -89.7305, 42.6312 ], [ -89.7199, 42.6226 ], [ -89.7201, 42.6107 ], [ -89.7131, 42.6091 ], [ -89.7037, 42.6102 ], [ -89.6838, 42.6015 ], [ -89.6912, 42.5962 ], [ -89.6922, 42.5924 ], [ -89.6818, 42.5922 ], [ -89.6747, 42.589 ], [ -89.6762, 42.5632 ], [ -89.6467, 42.5629 ], [ -89.6467, 42.5774 ], [ -89.6219, 42.5767 ], [ -89.6219, 42.5696 ], [ -89.6023, 42.5692 ], [ -89.6018, 42.5765 ], [ -89.5854, 42.5761 ], [ -89.5941, 42.5959 ], [ -89.5637, 42.5953 ], [ -89.5509, 42.5988 ], [ -89.5245, 42.5997 ], [ -89.5062, 42.5929 ], [ -89.4846, 42.5887 ], [ -89.4265, 42.5882 ], [ -89.4239, 42.5008 ], [ -89.6676, 42.505 ], [ -89.8376, 42.5055 ] ] ] } },
{ "type": "Feature", "properties": { "GEOID": "55045960800", "county": "Census Tract 9608" }, "geometry": { "type": "Polygon", "coordinates": [ [ [ -89.4265, 42.5882 ], [ -89.4057, 42.5868 ], [ -89.4169, 42.6025 ], [ -89.4112, 42.6061 ], [ -89.4116, 42.6343 ], [ -89.3845, 42.6327 ], [ -89.3869, 42.6409 ], [ -89.3671, 42.6407 ], [ -89.3658, 42.5003 ], [ -89.4245, 42.5015 ], [ -89.4265, 42.5882 ] ] ] } },
{ "type": "Feature", "properties": { "GEOID": "55109120901", "county": "Census Tract 1209.01" }, "geometry": { "type": "Polygon", "coordinates": [ [ [ -92.665, 44.8626 ], [ -92.6637, 44.8766 ], [ -92.6497, 44.8768 ], [ -92.6492, 44.899 ], [ -92.6528, 44.9017 ], [ -92.5986, 44.8983 ], [ -92.5984, 44.8881 ], [ -92.5885, 44.8888 ], [ -92.5865, 44.895 ], [ -92.5429, 44.895 ], [ -92.5442, 44.8769 ], [ -92.5486, 44.8656 ], [ -92.5524, 44.8625 ], [ -92.665, 44.8626 ] ] ] } },
{ "type": "Feature", "properties": { "GEOID": "55109120502", "county": "Census Tract 1205.02" }, "geometry": { "type": "Polygon", "coordinates": [ [ [ -92.5376, 45.1298 ], [ -92.5287, 45.1473 ], [ -92.529, 45.166 ], [ -92.508, 45.166 ], [ -92.5078, 45.1515 ], [ -92.467, 45.1514 ], [ -92.4664, 45.1226 ], [ -92.4774, 45.1226 ], [ -92.4782, 45.0939 ], [ -92.5171, 45.0935 ], [ -92.517, 45.0791 ], [ -92.5375, 45.0791 ], [ -92.5376, 45.1298 ] ] ] } },
{ "type": "Feature", "properties": { "GEOID": "55117010800", "county": "Census Tract 108" }, "geometry": { "type": "Polygon", "coordinates": [ [ [ -87.7992, 43.6304 ], [ -87.8002, 43.7177 ], [ -87.7606, 43.7176 ], [ -87.7605, 43.7029 ], [ -87.7029, 43.7017 ], [ -87.7027, 43.6876 ], [ -87.7062, 43.6795 ], [ -87.7421, 43.6295 ], [ -87.7992, 43.6304 ] ] ] } },
{ "type": "Feature", "properties": { "GEOID": "55079120101", "county": "Census Tract 1201.01" }, "geometry": { "type": "Polygon", "coordinates": [ [ [ -88.0693, 42.9524 ], [ -88.0691, 42.9664 ], [ -88.0279, 42.9665 ], [ -88.0274, 42.9513 ], [ -88.0311, 42.9486 ], [ -88.0381, 42.9534 ], [ -88.0693, 42.9524 ] ] ] } },
{ "type": "Feature", "properties": { "GEOID": "55055100500", "county": "Census Tract 1005" }, "geometry": { "type": "Polygon", "coordinates": [ [ [ -88.9329, 43.0677 ], [ -88.9262, 43.0967 ], [ -88.9302, 43.1004 ], [ -88.8929, 43.0878 ], [ -88.8598, 43.087 ], [ -88.8623, 43.085 ], [ -88.8629, 43.0702 ], [ -88.8663, 43.062 ], [ -88.866, 43.0511 ], [ -88.9002, 43.0514 ], [ -88.8944, 43.0433 ], [ -88.8944, 43.0368 ], [ -88.9093, 43.037 ], [ -88.9093, 43.0406 ], [ -88.9143, 43.0407 ], [ -88.9232, 43.0367 ], [ -88.9277, 43.0367 ], [ -88.9277, 43.0424 ], [ -88.9234, 43.048 ], [ -88.9246, 43.0531 ], [ -88.9319, 43.0578 ], [ -88.9299, 43.0604 ], [ -88.9269, 43.0592 ], [ -88.9329, 43.0677 ] ] ] } },
{ "type": "Feature", "properties": { "GEOID": "55055101000", "county": "Census Tract 1010" }, "geometry": { "type": "Polygon", "coordinates": [ [ [ -88.8557, 43.0085 ], [ -88.8477, 43.0128 ], [ -88.8381, 43.0136 ], [ -88.8351, 43.019 ], [ -88.8408, 43.0202 ], [ -88.8402, 43.0248 ], [ -88.8324, 43.0299 ], [ -88.8307, 43.0383 ], [ -88.8064, 43.0366 ], [ -88.8076, 43.0319 ], [ -88.7735, 43.0319 ], [ -88.7774, 43.0209 ], [ -88.7827, 43.017 ], [ -88.7827, 43.0047 ], [ -88.8073, 43.0035 ], [ -88.8072, 43.0053 ], [ -88.855, 43.007 ], [ -88.8557, 43.0085 ] ] ] } },
{ "type": "Feature", "properties": { "GEOID": "55055100900", "county": "Census Tract 1009" }, "geometry": { "type": "Polygon", "coordinates": [ [ [ -88.8264, 42.9429 ], [ -88.8054, 42.9731 ], [ -88.7982, 42.9907 ], [ -88.7782, 42.9901 ], [ -88.7825, 42.9945 ], [ -88.7827, 43.017 ], [ -88.7774, 43.0209 ], [ -88.7733, 43.0374 ], [ -88.7595, 43.036 ], [ -88.726, 43.0236 ], [ -88.7005, 43.0214 ], [ -88.6601, 43.0112 ], [ -88.6455, 43.0111 ], [ -88.6449, 43.0024 ], [ -88.6573, 43.0017 ], [ -88.6565, 42.9963 ], [ -88.6626, 42.9834 ], [ -88.6652, 42.9692 ], [ -88.6168, 42.9672 ], [ -88.6261, 42.9797 ], [ -88.6159, 42.9862 ], [ -88.6009, 42.9774 ], [ -88.5976, 42.9805 ], [ -88.5934, 42.9799 ], [ -88.5928, 42.9828 ], [ -88.5871, 42.9838 ], [ -88.5785, 42.9806 ], [ -88.5751, 42.9816 ], [ -88.5752, 42.984 ], [ -88.5689, 42.9775 ], [ -88.5486, 42.9691 ], [ -88.5416, 42.9748 ], [ -88.5421, 42.927 ], [ -88.5597, 42.9262 ], [ -88.5925, 42.9395 ], [ -88.6064, 42.9399 ], [ -88.6357, 42.9348 ], [ -88.6358, 42.915 ], [ -88.6601, 42.915 ], [ -88.66, 42.9016 ], [ -88.6633, 42.898 ], [ -88.6682, 42.8979 ], [ -88.6686, 42.8951 ], [ -88.6745, 42.8989 ], [ -88.6895, 42.8934 ], [ -88.7017, 42.8946 ], [ -88.7107, 42.9042 ], [ -88.7138, 42.9039 ], [ -88.7149, 42.9059 ], [ -88.7158, 42.9015 ], [ -88.7223, 42.904 ], [ -88.7275, 42.911 ], [ -88.7324, 42.9101 ], [ -88.7366, 42.9118 ], [ -88.7402, 42.9098 ], [ -88.7428, 42.9141 ], [ -88.7472, 42.9137 ], [ -88.7496, 42.9111 ], [ -88.7531, 42.9144 ], [ -88.7629, 42.9143 ], [ -88.7655, 42.9091 ], [ -88.7694, 42.9101 ], [ -88.7709, 42.9069 ], [ -88.7739, 42.9088 ], [ -88.7736, 42.9131 ], [ -88.7792, 42.9125 ], [ -88.7794, 42.9162 ], [ -88.783, 42.9152 ], [ -88.7853, 42.9101 ], [ -88.7958, 42.9126 ], [ -88.7961, 42.9153 ], [ -88.7988, 42.9158 ], [ -88.8037, 42.9126 ], [ -88.8031, 42.9183 ], [ -88.8105, 42.9174 ], [ -88.813, 42.919 ], [ -88.8135, 42.9171 ], [ -88.8162, 42.9178 ], [ -88.8168, 42.9227 ], [ -88.8184, 42.9192 ], [ -88.8229, 42.9211 ], [ -88.8203, 42.9241 ], [ -88.8269, 42.9231 ], [ -88.8265, 42.9266 ], [ -88.8166, 42.9283 ], [ -88.8144, 42.9335 ], [ -88.8256, 42.9386 ], [ -88.8264, 42.9429 ] ] ] } },
{ "type": "Feature", "properties": { "GEOID": "55137960600", "county": "Census Tract 9606" }, "geometry": { "type": "Polygon", "coordinates": [ [ [ -89.263, 44.0721 ], [ -89.2572, 44.0721 ], [ -89.2572, 44.0757 ], [ -89.2383, 44.0759 ], [ -89.2331, 44.075 ], [ -89.2301, 44.0714 ], [ -89.223, 44.0689 ], [ -89.1954, 44.0678 ], [ -89.1903, 44.0701 ], [ -89.1848, 44.069 ], [ -89.1834, 44.0727 ], [ -89.1739, 44.0725 ], [ -89.1622, 44.069 ], [ -89.142, 44.069 ], [ -89.1431, 44.0428 ], [ -89.1502, 44.0376 ], [ -89.1587, 44.0373 ], [ -89.1587, 44.0239 ], [ -89.1531, 44.0224 ], [ -89.1523, 44.0145 ], [ -89.1481, 44.0097 ], [ -89.1251, 44.0028 ], [ -89.1282, 43.9832 ], [ -89.2439, 43.9827 ], [ -89.2443, 43.9995 ], [ -89.2545, 44.0092 ], [ -89.2507, 44.0208 ], [ -89.2461, 44.0206 ], [ -89.2472, 44.0473 ], [ -89.2544, 44.0538 ], [ -89.2623, 44.0562 ], [ -89.2598, 44.0651 ], [ -89.2673, 44.0685 ], [ -89.263, 44.0721 ] ] ] } },
{ "type": "Feature", "properties": { "GEOID": "55137960700", "county": "Census Tract 9607" }, "geometry": { "type": "Polygon", "coordinates": [ [ [ -89.1587, 44.0239 ], [ -89.1587, 44.0373 ], [ -89.1502, 44.0376 ], [ -89.1427, 44.0439 ], [ -89.1427, 44.0763 ], [ -89.0883, 44.0763 ], [ -89.0876, 44.0782 ], [ -89.0781, 44.0695 ], [ -89.0531, 44.0628 ], [ -89.0411, 44.0631 ], [ -89.0389, 44.069 ], [ -89.0066, 44.0691 ], [ -88.9944, 44.0593 ], [ -88.9905, 44.0589 ], [ -88.9915, 44.0539 ], [ -88.9865, 44.0528 ], [ -88.9781, 44.0576 ], [ -88.977, 44.0616 ], [ -88.9694, 44.0625 ], [ -88.9637, 44.0652 ], [ -88.9638, 44.0683 ], [ -88.9593, 44.0685 ], [ -88.9576, 44.073 ], [ -88.9641, 44.0742 ], [ -88.9648, 44.083 ], [ -88.9678, 44.0837 ], [ -88.959, 44.0861 ], [ -88.9562, 44.0835 ], [ -88.9517, 44.0835 ], [ -88.9512, 44.0691 ], [ -88.886, 44.069 ], [ -88.8862, 43.9832 ], [ -89.1282, 43.9832 ], [ -89.1251, 44.0028 ], [ -89.1481, 44.0097 ], [ -89.1523, 44.0145 ], [ -89.1531, 44.0224 ], [ -89.1587, 44.0239 ] ] ] } },
{ "type": "Feature", "properties": { "GEOID": "55055101701", "county": "Census Tract 1017.01" }, "geometry": { "type": "Polygon", "coordinates": [ [ [ -88.8057, 43.0859 ], [ -88.8052, 43.0912 ], [ -88.7955, 43.096 ], [ -88.7943, 43.106 ], [ -88.7906, 43.1062 ], [ -88.7889, 43.1346 ], [ -88.7729, 43.1577 ], [ -88.7687, 43.1592 ], [ -88.7668, 43.1475 ], [ -88.7544, 43.1536 ], [ -88.7538, 43.1649 ], [ -88.7447, 43.165 ], [ -88.7456, 43.1629 ], [ -88.7364, 43.1648 ], [ -88.7328, 43.17 ], [ -88.7352, 43.1384 ], [ -88.7155, 43.1377 ], [ -88.7143, 43.1592 ], [ -88.7073, 43.1589 ], [ -88.6993, 43.1551 ], [ -88.6866, 43.1567 ], [ -88.6701, 43.1465 ], [ -88.6562, 43.1447 ], [ -88.6583, 43.0843 ], [ -88.7543, 43.0868 ], [ -88.8057, 43.0859 ] ] ] } },
{ "type": "Feature", "properties": { "GEOID": "55055101500", "county": "Census Tract 1015" }, "geometry": { "type": "Polygon", "coordinates": [ [ [ -88.8371, 42.9023 ], [ -88.8371, 42.9326 ], [ -88.8179, 42.9764 ], [ -88.8134, 42.9749 ], [ -88.8066, 42.9763 ], [ -88.8054, 42.9731 ], [ -88.8269, 42.9408 ], [ -88.8144, 42.9335 ], [ -88.8149, 42.9305 ], [ -88.8166, 42.9283 ], [ -88.8265, 42.9266 ], [ -88.8269, 42.9231 ], [ -88.8203, 42.9241 ], [ -88.8229, 42.9211 ], [ -88.8222, 42.9131 ], [ -88.8316, 42.9133 ], [ -88.8273, 42.9021 ], [ -88.8371, 42.9023 ] ] ] } },
{ "type": "Feature", "properties": { "GEOID": "55055101202", "county": "Census Tract 1012.02" }, "geometry": { "type": "Polygon", "coordinates": [ [ [ -88.8515, 42.8735 ], [ -88.8518, 42.9028 ], [ -88.8273, 42.9021 ], [ -88.8316, 42.9133 ], [ -88.8222, 42.9131 ], [ -88.8222, 42.9204 ], [ -88.8184, 42.9192 ], [ -88.8168, 42.9227 ], [ -88.8162, 42.9178 ], [ -88.8031, 42.9183 ], [ -88.8037, 42.9126 ], [ -88.7988, 42.9158 ], [ -88.7891, 42.9102 ], [ -88.7853, 42.9101 ], [ -88.783, 42.9152 ], [ -88.7794, 42.9162 ], [ -88.7741, 42.8895 ], [ -88.7776, 42.8894 ], [ -88.7772, 42.8573 ], [ -88.7751, 42.8573 ], [ -88.773, 42.852 ], [ -88.7717, 42.8428 ], [ -88.8365, 42.844 ], [ -88.8366, 42.8622 ], [ -88.8467, 42.873 ], [ -88.8515, 42.8735 ] ] ] } },
{ "type": "Feature", "properties": { "GEOID": "55055100100", "county": "Census Tract 1001" }, "geometry": { "type": "Polygon", "coordinates": [ [ [ -88.7352, 43.1384 ], [ -88.7336, 43.1675 ], [ -88.7328, 43.17 ], [ -88.7286, 43.1707 ], [ -88.7284, 43.1764 ], [ -88.724, 43.1762 ], [ -88.7239, 43.1864 ], [ -88.7177, 43.184 ], [ -88.7194, 43.1883 ], [ -88.708, 43.1874 ], [ -88.71, 43.1906 ], [ -88.7062, 43.1899 ], [ -88.7115, 43.1974 ], [ -88.687, 43.1971 ], [ -88.6873, 43.1943 ], [ -88.6935, 43.1923 ], [ -88.6936, 43.1865 ], [ -88.6831, 43.1799 ], [ -88.6792, 43.1743 ], [ -88.6844, 43.1748 ], [ -88.6836, 43.1575 ], [ -88.6746, 43.1537 ], [ -88.6696, 43.148 ], [ -88.6722, 43.1475 ], [ -88.6866, 43.1567 ], [ -88.6993, 43.1551 ], [ -88.7073, 43.1589 ], [ -88.7143, 43.1592 ], [ -88.7155, 43.1377 ], [ -88.7352, 43.1384 ] ] ] } },
{ "type": "Feature", "properties": { "GEOID": "55027961000", "county": "Census Tract 9610" }, "geometry": { "type": "Polygon", "coordinates": [ [ [ -88.8654, 43.435 ], [ -88.8569, 43.4411 ], [ -88.8609, 43.444 ], [ -88.8581, 43.4616 ], [ -88.8244, 43.459 ], [ -88.8244, 43.4563 ], [ -88.8369, 43.4562 ], [ -88.8419, 43.4459 ], [ -88.8504, 43.441 ], [ -88.853, 43.4357 ], [ -88.8654, 43.435 ] ] ] } },
{ "type": "Feature", "properties": { "GEOID": "55027960400", "county": "Census Tract 9604" }, "geometry": { "type": "Polygon", "coordinates": [ [ [ -88.9259, 43.5365 ], [ -88.906, 43.5329 ], [ -88.9065, 43.5533 ], [ -88.8667, 43.5532 ], [ -88.902, 43.566 ], [ -88.9009, 43.5677 ], [ -88.8797, 43.571 ], [ -88.8657, 43.5768 ], [ -88.8664, 43.6044 ], [ -88.8714, 43.6044 ], [ -88.8708, 43.6333 ], [ -88.756, 43.6331 ], [ -88.7586, 43.6277 ], [ -88.7804, 43.6214 ], [ -88.7805, 43.6079 ], [ -88.7757, 43.6002 ], [ -88.7756, 43.5906 ], [ -88.7808, 43.588 ], [ -88.781, 43.5747 ], [ -88.7657, 43.5755 ], [ -88.775, 43.5654 ], [ -88.7759, 43.5602 ], [ -88.7657, 43.5603 ], [ -88.7658, 43.5457 ], [ -88.7597, 43.5458 ], [ -88.7583, 43.4706 ], [ -88.7627, 43.4669 ], [ -88.7683, 43.4661 ], [ -88.7517, 43.4476 ], [ -88.7516, 43.4446 ], [ -88.7549, 43.4445 ], [ -88.7526, 43.4007 ], [ -88.874, 43.3999 ], [ -88.8715, 43.4085 ], [ -88.8633, 43.4183 ], [ -88.8843, 43.4192 ], [ -88.8948, 43.4236 ], [ -88.8914, 43.427 ], [ -88.8654, 43.435 ], [ -88.8328, 43.4361 ], [ -88.8189, 43.4477 ], [ -88.8152, 43.4589 ], [ -88.8047, 43.4589 ], [ -88.8048, 43.4663 ], [ -88.8153, 43.4662 ], [ -88.8148, 43.4871 ], [ -88.8291, 43.4881 ], [ -88.8349, 43.4866 ], [ -88.8385, 43.4913 ], [ -88.8492, 43.4921 ], [ -88.8494, 43.4891 ], [ -88.8643, 43.4893 ], [ -88.8799, 43.5058 ], [ -88.9257, 43.5271 ], [ -88.9259, 43.5365 ] ] ] } },
{ "type": "Feature", "properties": { "GEOID": "55027961800", "county": "Census Tract 9618" }, "geometry": { "type": "Polygon", "coordinates": [ [ [ -89.0089, 43.1977 ], [ -89.0088, 43.3715 ], [ -89.0047, 43.3717 ], [ -89.0048, 43.3864 ], [ -88.9741, 43.3858 ], [ -88.9715, 43.3713 ], [ -88.9608, 43.3797 ], [ -88.894, 43.3791 ], [ -88.8881, 43.3875 ], [ -88.8713, 43.4007 ], [ -88.7491, 43.4007 ], [ -88.7474, 43.3901 ], [ -88.7515, 43.38 ], [ -88.7545, 43.3793 ], [ -88.7546, 43.3745 ], [ -88.7658, 43.3709 ], [ -88.7754, 43.3581 ], [ -88.7732, 43.3573 ], [ -88.7738, 43.3141 ], [ -88.7837, 43.3141 ], [ -88.7837, 43.3116 ], [ -88.7911, 43.3084 ], [ -88.7958, 43.2996 ], [ -88.8074, 43.2961 ], [ -88.8124, 43.2896 ], [ -88.8083, 43.2885 ], [ -88.8107, 43.2856 ], [ -88.8215, 43.2873 ], [ -88.8312, 43.2802 ], [ -88.8382, 43.256 ], [ -88.8418, 43.2549 ], [ -88.8503, 43.2436 ], [ -88.8756, 43.2345 ], [ -88.8727, 43.2205 ], [ -88.8792, 43.2173 ], [ -88.8801, 43.2145 ], [ -88.8783, 43.2103 ], [ -88.8711, 43.2084 ], [ -88.8699, 43.2062 ], [ -88.8738, 43.198 ], [ -89.0089, 43.1977 ] ] ] } },
{ "type": "Feature", "properties": { "GEOID": "55027961100", "county": "Census Tract 9611" }, "geometry": { "type": "Polygon", "coordinates": [ [ [ -88.7754, 43.3581 ], [ -88.7658, 43.3709 ], [ -88.7546, 43.3745 ], [ -88.7545, 43.3793 ], [ -88.7515, 43.38 ], [ -88.7474, 43.3901 ], [ -88.7491, 43.4007 ], [ -88.7526, 43.4007 ], [ -88.7542, 43.4037 ], [ -88.7549, 43.4445 ], [ -88.7516, 43.4446 ], [ -88.7517, 43.4476 ], [ -88.761, 43.4588 ], [ -88.6613, 43.4588 ], [ -88.6563, 43.4543 ], [ -88.6475, 43.4533 ], [ -88.645, 43.444 ], [ -88.6556, 43.4231 ], [ -88.6554, 43.4093 ], [ -88.6502, 43.4164 ], [ -88.6444, 43.4161 ], [ -88.6478, 43.4137 ], [ -88.6476, 43.4086 ], [ -88.6445, 43.4062 ], [ -88.6484, 43.3993 ], [ -88.64, 43.3974 ], [ -88.634, 43.3918 ], [ -88.6367, 43.3826 ], [ -88.6292, 43.3813 ], [ -88.6268, 43.3833 ], [ -88.6241, 43.3784 ], [ -88.6282, 43.3673 ], [ -88.6364, 43.3642 ], [ -88.6383, 43.3536 ], [ -88.6419, 43.3533 ], [ -88.6414, 43.3426 ], [ -88.7387, 43.3431 ], [ -88.7355, 43.3288 ], [ -88.7736, 43.3286 ], [ -88.7732, 43.3573 ], [ -88.7754, 43.3581 ] ] ] } },
{ "type": "Feature", "properties": { "GEOID": "55027961200", "county": "Census Tract 9612" }, "geometry": { "type": "Polygon", "coordinates": [ [ [ -88.6556, 43.4231 ], [ -88.645, 43.444 ], [ -88.6475, 43.4533 ], [ -88.6349, 43.4515 ], [ -88.6351, 43.4585 ], [ -88.6441, 43.471 ], [ -88.6436, 43.4904 ], [ -88.6379, 43.4929 ], [ -88.6307, 43.4902 ], [ -88.625, 43.4943 ], [ -88.621, 43.5017 ], [ -88.6114, 43.502 ], [ -88.6092, 43.5073 ], [ -88.5991, 43.5035 ], [ -88.5923, 43.5056 ], [ -88.5881, 43.5028 ], [ -88.581, 43.5028 ], [ -88.5808, 43.4866 ], [ -88.6183, 43.461 ], [ -88.623, 43.4543 ], [ -88.6179, 43.4464 ], [ -88.6068, 43.4442 ], [ -88.6067, 43.4367 ], [ -88.6217, 43.4427 ], [ -88.6216, 43.4372 ], [ -88.6301, 43.4371 ], [ -88.6358, 43.4299 ], [ -88.63, 43.424 ], [ -88.6323, 43.4207 ], [ -88.6391, 43.4204 ], [ -88.6444, 43.4161 ], [ -88.6502, 43.4164 ], [ -88.6554, 43.4093 ], [ -88.6556, 43.4231 ] ] ] } },
{ "type": "Feature", "properties": { "GEOID": "55027961300", "county": "Census Tract 9613" }, "geometry": { "type": "Polygon", "coordinates": [ [ [ -88.5729, 43.4795 ], [ -88.5627, 43.4941 ], [ -88.5709, 43.4921 ], [ -88.5712, 43.5104 ], [ -88.5572, 43.5099 ], [ -88.5607, 43.5157 ], [ -88.5108, 43.5149 ], [ -88.5184, 43.5096 ], [ -88.5316, 43.4936 ], [ -88.5213, 43.4928 ], [ -88.5214, 43.4789 ], [ -88.546, 43.4794 ], [ -88.5459, 43.464 ], [ -88.5558, 43.4751 ], [ -88.5543, 43.4796 ], [ -88.5712, 43.4782 ], [ -88.5729, 43.4795 ] ] ] } },
{ "type": "Feature", "properties": { "GEOID": "55079100800", "county": "Census Tract 1008" }, "geometry": { "type": "Polygon", "coordinates": [ [ [ -88.0673, 43.0164 ], [ -88.067, 43.0309 ], [ -88.0472, 43.031 ], [ -88.0469, 43.0164 ], [ -88.0673, 43.0164 ] ] ] } },
{ "type": "Feature", "properties": { "GEOID": "55059001000", "county": "Census Tract 10" }, "geometry": { "type": "Polygon", "coordinates": [ [ [ -87.826, 42.5795 ], [ -87.8259, 42.5908 ], [ -87.8193, 42.5909 ], [ -87.8186, 42.5876 ], [ -87.8076, 42.5879 ], [ -87.8076, 42.5854 ], [ -87.8132, 42.5846 ], [ -87.8137, 42.5808 ], [ -87.8191, 42.5816 ], [ -87.826, 42.5795 ] ] ] } },
{ "type": "Feature", "properties": { "GEOID": "55125940000", "county": "Census Tract 9400" }, "geometry": { "type": "Polygon", "coordinates": [ [ [ -90.044, 45.9819 ], [ -89.9288, 45.982 ], [ -89.9286, 46.0693 ], [ -89.7622, 46.0695 ], [ -89.7619, 45.9823 ], [ -89.7566, 45.9821 ], [ -89.7568, 45.8985 ], [ -90.0429, 45.8973 ], [ -90.044, 45.9819 ] ] ] } },
{ "type": "Feature", "properties": { "GEOID": "55131440103", "county": "Census Tract 4401.03" }, "geometry": { "type": "Polygon", "coordinates": [ [ [ -88.4187, 43.3254 ], [ -88.4184, 43.3702 ], [ -88.3511, 43.3699 ], [ -88.3581, 43.3599 ], [ -88.3589, 43.3393 ], [ -88.3387, 43.3393 ], [ -88.339, 43.3285 ], [ -88.3492, 43.3237 ], [ -88.3492, 43.3177 ], [ -88.3653, 43.3172 ], [ -88.3644, 43.3216 ], [ -88.3748, 43.3214 ], [ -88.3747, 43.3249 ], [ -88.3788, 43.3249 ], [ -88.3788, 43.3272 ], [ -88.3845, 43.3273 ], [ -88.3846, 43.3251 ], [ -88.3872, 43.325 ], [ -88.3845, 43.3233 ], [ -88.3877, 43.3178 ], [ -88.4082, 43.3249 ], [ -88.4187, 43.3254 ] ] ] } },
{ "type": "Feature", "properties": { "GEOID": "55087010100", "county": "Census Tract 101" }, "geometry": { "type": "Polygon", "coordinates": [ [ [ -88.4207, 44.2619 ], [ -88.4059, 44.2662 ], [ -88.4059, 44.273 ], [ -88.3971, 44.2729 ], [ -88.3983, 44.264 ], [ -88.401, 44.264 ], [ -88.4017, 44.26 ], [ -88.4121, 44.258 ], [ -88.4121, 44.2597 ], [ -88.4177, 44.2597 ], [ -88.4207, 44.2619 ] ] ] } },
{ "type": "Feature", "properties": { "GEOID": "55087012504", "county": "Census Tract 125.04" }, "geometry": { "type": "Polygon", "coordinates": [ [ [ -88.3955, 44.2985 ], [ -88.3952, 44.329 ], [ -88.3532, 44.3288 ], [ -88.3535, 44.2981 ], [ -88.3955, 44.2985 ] ] ] } },
{ "type": "Feature", "properties": { "GEOID": "55113100400", "county": "Census Tract 1004" }, "geometry": { "type": "Polygon", "coordinates": [ [ [ -91.5422, 45.9686 ], [ -91.5358, 45.9711 ], [ -91.5288, 45.9653 ], [ -91.5255, 45.9725 ], [ -91.5149, 45.976 ], [ -91.5135, 45.9785 ], [ -91.5018, 45.9755 ], [ -91.4883, 45.9782 ], [ -91.4874, 45.9811 ], [ -91.4822, 45.9832 ], [ -91.4529, 45.9832 ], [ -91.4446, 45.9786 ], [ -91.4446, 45.9739 ], [ -91.4201, 45.9619 ], [ -91.4167, 45.957 ], [ -91.4187, 45.8995 ], [ -91.4235, 45.8997 ], [ -91.4236, 45.895 ], [ -91.4186, 45.8941 ], [ -91.4183, 45.8614 ], [ -91.4052, 45.8614 ], [ -91.4052, 45.8569 ], [ -91.4099, 45.8569 ], [ -91.4099, 45.8529 ], [ -91.4163, 45.8528 ], [ -91.4163, 45.8565 ], [ -91.4394, 45.8562 ], [ -91.4389, 45.7669 ], [ -91.3791, 45.7674 ], [ -91.3788, 45.7822 ], [ -91.3528, 45.7823 ], [ -91.3539, 45.7657 ], [ -91.3512, 45.7614 ], [ -91.3578, 45.7508 ], [ -91.3585, 45.7049 ], [ -91.3662, 45.7007 ], [ -91.3647, 45.6791 ], [ -91.3678, 45.6763 ], [ -91.3635, 45.6739 ], [ -91.3731, 45.6683 ], [ -91.3758, 45.6616 ], [ -91.4069, 45.6428 ], [ -91.4046, 45.6397 ], [ -91.4005, 45.6408 ], [ -91.3989, 45.6391 ], [ -91.5403, 45.6376 ], [ -91.5422, 45.9686 ] ] ] } },
{ "type": "Feature", "properties": { "GEOID": "55133203405", "county": "Census Tract 2034.05" }, "geometry": { "type": "Polygon", "coordinates": [ [ [ -88.3278, 43.1197 ], [ -88.3264, 43.1559 ], [ -88.3083, 43.1558 ], [ -88.3077, 43.163 ], [ -88.2927, 43.163 ], [ -88.2936, 43.138 ], [ -88.2761, 43.1196 ], [ -88.3278, 43.1197 ] ] ] } },
{ "type": "Feature", "properties": { "GEOID": "55133203902", "county": "Census Tract 2039.02" }, "geometry": { "type": "Polygon", "coordinates": [ [ [ -88.3433, 42.8841 ], [ -88.3265, 42.8825 ], [ -88.3258, 42.8863 ], [ -88.3186, 42.8869 ], [ -88.3175, 42.8848 ], [ -88.3063, 42.8927 ], [ -88.3062, 42.8733 ], [ -88.2965, 42.8681 ], [ -88.3062, 42.8611 ], [ -88.3064, 42.8421 ], [ -88.3341, 42.8426 ], [ -88.3218, 42.8518 ], [ -88.3293, 42.8576 ], [ -88.3433, 42.8841 ] ] ] } },
{ "type": "Feature", "properties": { "GEOID": "55009020703", "county": "Census Tract 207.03" }, "geometry": { "type": "Polygon", "coordinates": [ [ [ -87.9624, 44.4576 ], [ -87.9453, 44.4734 ], [ -87.8872, 44.4729 ], [ -87.8871, 44.4438 ], [ -87.9073, 44.4441 ], [ -87.9074, 44.4405 ], [ -87.9129, 44.4405 ], [ -87.9124, 44.4441 ], [ -87.9204, 44.4441 ], [ -87.9249, 44.4433 ], [ -87.9193, 44.4405 ], [ -87.9277, 44.4406 ], [ -87.9278, 44.4442 ], [ -87.9416, 44.4443 ], [ -87.9579, 44.4509 ], [ -87.9624, 44.4576 ] ] ] } },
{ "type": "Feature", "properties": { "GEOID": "55133201703", "county": "Census Tract 2017.03" }, "geometry": { "type": "Polygon", "coordinates": [ [ [ -88.1494, 42.9017 ], [ -88.1294, 42.9084 ], [ -88.1139, 42.917 ], [ -88.0954, 42.9238 ], [ -88.0919, 42.9195 ], [ -88.0807, 42.9165 ], [ -88.1013, 42.91 ], [ -88.1074, 42.9055 ], [ -88.1228, 42.9 ], [ -88.1403, 42.887 ], [ -88.143, 42.8869 ], [ -88.1429, 42.8949 ], [ -88.1494, 42.9017 ] ] ] } },
{ "type": "Feature", "properties": { "GEOID": "55133203402", "county": "Census Tract 2034.02" }, "geometry": { "type": "Polygon", "coordinates": [ [ [ -88.2446, 43.1122 ], [ -88.2438, 43.1372 ], [ -88.2375, 43.1342 ], [ -88.2182, 43.1337 ], [ -88.2096, 43.1291 ], [ -88.2103, 43.112 ], [ -88.2446, 43.1122 ] ] ] } },
{ "type": "Feature", "properties": { "GEOID": "55015020308", "county": "Census Tract 203.08" }, "geometry": { "type": "Polygon", "coordinates": [ [ [ -88.4045, 44.1912 ], [ -88.4042, 44.2185 ], [ -88.3965, 44.2217 ], [ -88.3231, 44.2214 ], [ -88.3235, 44.1899 ], [ -88.4045, 44.1912 ] ] ] } },
{ "type": "Feature", "properties": { "GEOID": "55015020800", "county": "Census Tract 208" }, "geometry": { "type": "Polygon", "coordinates": [ [ [ -88.4042, 44.2185 ], [ -88.4039, 44.2338 ], [ -88.3816, 44.2328 ], [ -88.363, 44.2377 ], [ -88.3557, 44.2439 ], [ -88.3429, 44.2437 ], [ -88.3432, 44.2216 ], [ -88.3965, 44.2217 ], [ -88.4042, 44.2185 ] ] ] } },
{ "type": "Feature", "properties": { "GEOID": "55085970101", "county": "Census Tract 9701.01" }, "geometry": { "type": "Polygon", "coordinates": [ [ [ -89.1882, 45.8306 ], [ -89.1885, 45.8573 ], [ -89.1752, 45.8566 ], [ -89.1777, 45.8993 ], [ -89.1216, 45.8955 ], [ -89.0476, 45.8954 ], [ -89.0473, 45.7237 ], [ -89.1418, 45.7262 ], [ -89.1434, 45.7753 ], [ -89.1528, 45.7956 ], [ -89.1565, 45.7976 ], [ -89.1724, 45.7991 ], [ -89.1882, 45.8306 ] ] ] } },
{ "type": "Feature", "properties": { "GEOID": "55085971001", "county": "Census Tract 9710.01" }, "geometry": { "type": "Polygon", "coordinates": [ [ [ -90.0434, 45.5551 ], [ -90.0435, 45.7304 ], [ -89.8417, 45.7319 ], [ -89.8306, 45.7177 ], [ -89.8166, 45.7172 ], [ -89.815, 45.7104 ], [ -89.8007, 45.7105 ], [ -89.7941, 45.7142 ], [ -89.7753, 45.7146 ], [ -89.7736, 45.7212 ], [ -89.7666, 45.7275 ], [ -89.7663, 45.7313 ], [ -89.7617, 45.7321 ], [ -89.7591, 45.7351 ], [ -89.7566, 45.7415 ], [ -89.7512, 45.7433 ], [ -89.7485, 45.7428 ], [ -89.7481, 45.7395 ], [ -89.7403, 45.7376 ], [ -89.7331, 45.7386 ], [ -89.7345, 45.7437 ], [ -89.7383, 45.7461 ], [ -89.7331, 45.7476 ], [ -89.7323, 45.751 ], [ -89.7243, 45.7544 ], [ -89.7237, 45.7568 ], [ -89.7199, 45.7569 ], [ -89.7238, 45.7324 ], [ -89.7155, 45.7058 ], [ -89.6897, 45.7077 ], [ -89.6886, 45.7097 ], [ -89.6926, 45.7121 ], [ -89.686, 45.7205 ], [ -89.6881, 45.7225 ], [ -89.6818, 45.7217 ], [ -89.6686, 45.7268 ], [ -89.6687, 45.7222 ], [ -89.656, 45.718 ], [ -89.6562, 45.7207 ], [ -89.6486, 45.7219 ], [ -89.6467, 45.727 ], [ -89.6415, 45.7279 ], [ -89.6294, 45.7376 ], [ -89.604, 45.7283 ], [ -89.5917, 45.7259 ], [ -89.5851, 45.7276 ], [ -89.5752, 45.7037 ], [ -89.5673, 45.697 ], [ -89.5721, 45.6867 ], [ -89.5636, 45.6813 ], [ -89.5549, 45.668 ], [ -89.5496, 45.6648 ], [ -89.5478, 45.6571 ], [ -89.5525, 45.6475 ], [ -89.5815, 45.6487 ], [ -89.5868, 45.6457 ], [ -89.6041, 45.6433 ], [ -89.6221, 45.6445 ], [ -89.6369, 45.637 ], [ -89.6497, 45.6355 ], [ -89.6521, 45.6449 ], [ -89.7857, 45.6451 ], [ -89.7933, 45.6498 ], [ -89.805, 45.6482 ], [ -89.8061, 45.6354 ], [ -89.7958, 45.6338 ], [ -89.796, 45.5701 ], [ -89.8168, 45.5698 ], [ -89.8174, 45.5555 ], [ -90.0434, 45.5551 ] ] ] } },
{ "type": "Feature", "properties": { "GEOID": "55111000700", "county": "Census Tract 7" }, "geometry": { "type": "Polygon", "coordinates": [ [ [ -89.8061, 43.2431 ], [ -89.7989, 43.2467 ], [ -89.7984, 43.2518 ], [ -89.7951, 43.2537 ], [ -89.7991, 43.2577 ], [ -89.7974, 43.2605 ], [ -89.8002, 43.2595 ], [ -89.8013, 43.2617 ], [ -89.7966, 43.2694 ], [ -89.7928, 43.271 ], [ -89.7566, 43.271 ], [ -89.759, 43.2818 ], [ -89.7392, 43.2819 ], [ -89.7393, 43.2783 ], [ -89.7194, 43.2785 ], [ -89.7181, 43.2821 ], [ -89.7133, 43.2821 ], [ -89.7176, 43.2726 ], [ -89.7267, 43.2649 ], [ -89.724, 43.2636 ], [ -89.7251, 43.2601 ], [ -89.7364, 43.2498 ], [ -89.7431, 43.2478 ], [ -89.7489, 43.2487 ], [ -89.7587, 43.2413 ], [ -89.7707, 43.2413 ], [ -89.7742, 43.2393 ], [ -89.8061, 43.2385 ], [ -89.8061, 43.2431 ] ] ] } },
{ "type": "Feature", "properties": { "GEOID": "55017011001", "county": "Census Tract 110.01" }, "geometry": { "type": "Polygon", "coordinates": [ [ [ -91.2768, 45.199 ], [ -91.2704, 45.2041 ], [ -91.2732, 45.2092 ], [ -91.2696, 45.2147 ], [ -91.258, 45.2173 ], [ -91.2556, 45.2228 ], [ -91.2475, 45.2293 ], [ -91.2473, 45.2335 ], [ -91.2429, 45.2347 ], [ -91.1518, 45.2347 ], [ -91.1334, 45.2318 ], [ -91.1269, 45.2283 ], [ -91.1101, 45.2268 ], [ -91.1126, 45.1638 ], [ -91.1064, 45.1635 ], [ -91.103, 45.139 ], [ -91.1058, 45.1178 ], [ -91.1058, 44.9728 ], [ -91.2269, 44.9728 ], [ -91.2274, 44.9879 ], [ -91.2378, 44.9878 ], [ -91.2392, 45.009 ], [ -91.2355, 45.0096 ], [ -91.2349, 45.0204 ], [ -91.2296, 45.0264 ], [ -91.226, 45.0254 ], [ -91.2165, 45.0294 ], [ -91.2066, 45.042 ], [ -91.2053, 45.1063 ], [ -91.2084, 45.107 ], [ -91.2051, 45.1131 ], [ -91.2111, 45.1217 ], [ -91.2103, 45.1331 ], [ -91.2151, 45.1323 ], [ -91.2205, 45.1376 ], [ -91.2249, 45.1385 ], [ -91.2227, 45.1407 ], [ -91.2257, 45.1422 ], [ -91.2268, 45.1501 ], [ -91.2247, 45.1519 ], [ -91.2277, 45.1563 ], [ -91.2206, 45.1642 ], [ -91.2327, 45.1624 ], [ -91.2466, 45.1686 ], [ -91.2405, 45.1838 ], [ -91.244, 45.1892 ], [ -91.2443, 45.2056 ], [ -91.2622, 45.1994 ], [ -91.2713, 45.1984 ], [ -91.2768, 45.199 ] ] ] } },
{ "type": "Feature", "properties": { "GEOID": "55079050103", "county": "Census Tract 501.03" }, "geometry": { "type": "Polygon", "coordinates": [ [ [ -87.9844, 43.1881 ], [ -87.984, 43.1925 ], [ -87.9592, 43.1924 ], [ -87.9608, 43.188 ], [ -87.9554, 43.1812 ], [ -87.9558, 43.1782 ], [ -87.9596, 43.1743 ], [ -87.9627, 43.1743 ], [ -87.9645, 43.1704 ], [ -87.9747, 43.1704 ], [ -87.9743, 43.1879 ], [ -87.9844, 43.1881 ] ] ] } },
{ "type": "Feature", "properties": { "GEOID": "55089640202", "county": "Census Tract 6402.02" }, "geometry": { "type": "Polygon", "coordinates": [ [ [ -87.9659, 43.3677 ], [ -87.9256, 43.3681 ], [ -87.9247, 43.3364 ], [ -87.9196, 43.324 ], [ -87.9216, 43.2802 ], [ -87.9642, 43.2797 ], [ -87.9648, 43.3021 ], [ -87.952, 43.3095 ], [ -87.9449, 43.3093 ], [ -87.9452, 43.3202 ], [ -87.9495, 43.32 ], [ -87.9468, 43.3266 ], [ -87.9423, 43.3289 ], [ -87.95, 43.3384 ], [ -87.9652, 43.3378 ], [ -87.9659, 43.3677 ] ] ] } },
{ "type": "Feature", "properties": { "GEOID": "55133204504", "county": "Census Tract 2045.04" }, "geometry": { "type": "Polygon", "coordinates": [ [ [ -88.461, 43.1282 ], [ -88.4606, 43.1427 ], [ -88.4054, 43.1424 ], [ -88.4081, 43.1313 ], [ -88.4026, 43.1264 ], [ -88.403, 43.1016 ], [ -88.4219, 43.1036 ], [ -88.4208, 43.1277 ], [ -88.4333, 43.1325 ], [ -88.4462, 43.1311 ], [ -88.4448, 43.1279 ], [ -88.461, 43.1282 ] ] ] } },
{ "type": "Feature", "properties": { "GEOID": "55133201205", "county": "Census Tract 2012.05" }, "geometry": { "type": "Polygon", "coordinates": [ [ [ -88.1669, 43.036 ], [ -88.1663, 43.0614 ], [ -88.1262, 43.0609 ], [ -88.1264, 43.0536 ], [ -88.1462, 43.054 ], [ -88.1467, 43.036 ], [ -88.1669, 43.036 ] ] ] } },
{ "type": "Feature", "properties": { "GEOID": "55133203805", "county": "Census Tract 2038.05" }, "geometry": { "type": "Polygon", "coordinates": [ [ [ -88.3842, 42.9926 ], [ -88.384, 43.0119 ], [ -88.3592, 43.0202 ], [ -88.3174, 43.0193 ], [ -88.2962, 43.0222 ], [ -88.2859, 43.0206 ], [ -88.2861, 43.0118 ], [ -88.2904, 43.0034 ], [ -88.2889, 42.9886 ], [ -88.3243, 42.988 ], [ -88.3252, 42.9952 ], [ -88.3482, 42.9954 ], [ -88.3512, 42.992 ], [ -88.3466, 42.9881 ], [ -88.3612, 42.9883 ], [ -88.373, 42.9921 ], [ -88.38, 42.9885 ], [ -88.3842, 42.9926 ] ] ] } },
{ "type": "Feature", "properties": { "GEOID": "55133204202", "county": "Census Tract 2042.02" }, "geometry": { "type": "Polygon", "coordinates": [ [ [ -88.54, 43.0805 ], [ -88.5393, 43.1291 ], [ -88.5188, 43.1182 ], [ -88.5074, 43.0971 ], [ -88.4958, 43.0968 ], [ -88.4955, 43.0818 ], [ -88.5146, 43.0848 ], [ -88.54, 43.0805 ] ] ] } },
{ "type": "Feature", "properties": { "GEOID": "55133203502", "county": "Census Tract 2035.02" }, "geometry": { "type": "Polygon", "coordinates": [ [ [ -88.4081, 43.1313 ], [ -88.4054, 43.1424 ], [ -88.3818, 43.137 ], [ -88.372, 43.1369 ], [ -88.3715, 43.142 ], [ -88.327, 43.1415 ], [ -88.3278, 43.1197 ], [ -88.3683, 43.1202 ], [ -88.3726, 43.1172 ], [ -88.3726, 43.106 ], [ -88.3627, 43.1056 ], [ -88.3627, 43.0997 ], [ -88.3799, 43.1022 ], [ -88.3929, 43.1016 ], [ -88.3928, 43.1059 ], [ -88.4029, 43.106 ], [ -88.4026, 43.1264 ], [ -88.4081, 43.1313 ] ] ] } },
{ "type": "Feature", "properties": { "GEOID": "55133202204", "county": "Census Tract 2022.04" }, "geometry": { "type": "Polygon", "coordinates": [ [ [ -88.2643, 43.007 ], [ -88.2585, 43.0132 ], [ -88.2358, 43.0132 ], [ -88.2428, 43.0052 ], [ -88.2564, 42.9999 ], [ -88.253, 43.0035 ], [ -88.2602, 43.0034 ], [ -88.2599, 43.0069 ], [ -88.2643, 43.007 ] ] ] } },
{ "type": "Feature", "properties": { "GEOID": "55131450107", "county": "Census Tract 4501.07" }, "geometry": { "type": "Polygon", "coordinates": [ [ [ -88.2017, 43.2809 ], [ -88.2014, 43.3244 ], [ -88.1423, 43.3235 ], [ -88.149, 43.3167 ], [ -88.1638, 43.3095 ], [ -88.1612, 43.295 ], [ -88.1473, 43.2804 ], [ -88.2017, 43.2809 ] ] ] } },
{ "type": "Feature", "properties": { "GEOID": "55127001606", "county": "Census Tract 16.06" }, "geometry": { "type": "Polygon", "coordinates": [ [ [ -88.5333, 42.5788 ], [ -88.5301, 42.5873 ], [ -88.5222, 42.5829 ], [ -88.5019, 42.5828 ], [ -88.4649, 42.5896 ], [ -88.4353, 42.5917 ], [ -88.4497, 42.5743 ], [ -88.4381, 42.5666 ], [ -88.4309, 42.5668 ], [ -88.4292, 42.5704 ], [ -88.4161, 42.5697 ], [ -88.4137, 42.5646 ], [ -88.4271, 42.546 ], [ -88.5019, 42.5456 ], [ -88.503, 42.5564 ], [ -88.5327, 42.5594 ], [ -88.5333, 42.5788 ] ] ] } },
{ "type": "Feature", "properties": { "GEOID": "55127001607", "county": "Census Tract 16.07" }, "geometry": { "type": "Polygon", "coordinates": [ [ [ -88.5893, 42.5336 ], [ -88.5888, 42.5398 ], [ -88.5803, 42.5449 ], [ -88.578, 42.5531 ], [ -88.5804, 42.5601 ], [ -88.5652, 42.5611 ], [ -88.554, 42.5564 ], [ -88.5318, 42.5595 ], [ -88.503, 42.5564 ], [ -88.5016, 42.5543 ], [ -88.5019, 42.5456 ], [ -88.5265, 42.5456 ], [ -88.5262, 42.5309 ], [ -88.5601, 42.5312 ], [ -88.5601, 42.5255 ], [ -88.5799, 42.5274 ], [ -88.5797, 42.5237 ], [ -88.5846, 42.5238 ], [ -88.5848, 42.5311 ], [ -88.5803, 42.5311 ], [ -88.5893, 42.5336 ] ] ] } },
{ "type": "Feature", "properties": { "GEOID": "55127000201", "county": "Census Tract 2.01" }, "geometry": { "type": "Polygon", "coordinates": [ [ [ -88.5439, 42.757 ], [ -88.5414, 42.843 ], [ -88.4241, 42.8426 ], [ -88.4257, 42.768 ], [ -88.4384, 42.7537 ], [ -88.4507, 42.7443 ], [ -88.4856, 42.7051 ], [ -88.5027, 42.6931 ], [ -88.5221, 42.6745 ], [ -88.542, 42.6977 ], [ -88.5439, 42.757 ] ] ] } },
{ "type": "Feature", "properties": { "GEOID": "55127000103", "county": "Census Tract 1.03" }, "geometry": { "type": "Polygon", "coordinates": [ [ [ -88.4257, 42.768 ], [ -88.4251, 42.7923 ], [ -88.414, 42.791 ], [ -88.3853, 42.7923 ], [ -88.39, 42.7828 ], [ -88.3956, 42.7779 ], [ -88.4257, 42.768 ] ] ] } },
{ "type": "Feature", "properties": { "GEOID": "55127000304", "county": "Census Tract 3.04" }, "geometry": { "type": "Polygon", "coordinates": [ [ [ -88.7778, 42.7078 ], [ -88.7224, 42.7204 ], [ -88.7106, 42.7264 ], [ -88.681, 42.7358 ], [ -88.681, 42.7438 ], [ -88.6766, 42.7482 ], [ -88.6469, 42.7558 ], [ -88.6284, 42.7663 ], [ -88.6028, 42.7771 ], [ -88.6028, 42.757 ], [ -88.5927, 42.7485 ], [ -88.5921, 42.735 ], [ -88.5724, 42.7319 ], [ -88.5435, 42.7462 ], [ -88.5421, 42.7062 ], [ -88.5816, 42.7059 ], [ -88.5814, 42.6986 ], [ -88.5863, 42.6986 ], [ -88.5859, 42.6805 ], [ -88.5906, 42.679 ], [ -88.5904, 42.6695 ], [ -88.7766, 42.6675 ], [ -88.7778, 42.7078 ] ] ] } },
{ "type": "Feature", "properties": { "GEOID": "55009020505", "county": "Census Tract 205.05" }, "geometry": { "type": "Polygon", "coordinates": [ [ [ -88.1007, 44.5484 ], [ -88.0981, 44.5655 ], [ -88.0996, 44.5807 ], [ -88.0846, 44.5794 ], [ -88.0786, 44.5755 ], [ -88.0787, 44.5625 ], [ -88.074, 44.5545 ], [ -88.0819, 44.554 ], [ -88.0823, 44.5486 ], [ -88.0875, 44.5462 ], [ -88.0948, 44.5459 ], [ -88.1007, 44.5484 ] ] ] } },
{ "type": "Feature", "properties": { "GEOID": "55009940008", "county": "Census Tract 9400.08" }, "geometry": { "type": "Polygon", "coordinates": [ [ [ -88.1702, 44.4731 ], [ -88.1246, 44.4742 ], [ -88.1247, 44.4765 ], [ -88.1207, 44.4778 ], [ -88.1208, 44.4742 ], [ -88.1024, 44.4741 ], [ -88.1067, 44.4679 ], [ -88.0846, 44.46 ], [ -88.1, 44.4382 ], [ -88.1287, 44.4199 ], [ -88.1371, 44.4122 ], [ -88.1482, 44.4178 ], [ -88.1361, 44.43 ], [ -88.1502, 44.4311 ], [ -88.15, 44.4588 ], [ -88.1703, 44.4587 ], [ -88.1702, 44.4731 ] ] ] } },
{ "type": "Feature", "properties": { "GEOID": "55073001402", "county": "Census Tract 14.02" }, "geometry": { "type": "Polygon", "coordinates": [ [ [ -89.8445, 44.9442 ], [ -89.8445, 45.0328 ], [ -89.727, 45.0323 ], [ -89.7271, 45.0164 ], [ -89.7577, 45.0168 ], [ -89.7575, 44.9877 ], [ -89.7472, 44.9877 ], [ -89.7476, 44.9732 ], [ -89.7374, 44.973 ], [ -89.7271, 44.9694 ], [ -89.727, 44.9586 ], [ -89.7424, 44.9586 ], [ -89.7418, 44.9512 ], [ -89.7311, 44.9549 ], [ -89.6811, 44.9553 ], [ -89.6812, 44.9662 ], [ -89.6709, 44.9663 ], [ -89.6711, 44.9735 ], [ -89.6619, 44.9735 ], [ -89.66, 44.9679 ], [ -89.6561, 44.9697 ], [ -89.6574, 44.9648 ], [ -89.6659, 44.9581 ], [ -89.6664, 44.9446 ], [ -89.8445, 44.9442 ] ] ] } },
{ "type": "Feature", "properties": { "GEOID": "55105003102", "county": "Census Tract 31.02" }, "geometry": { "type": "Polygon", "coordinates": [ [ [ -89.0073, 42.8302 ], [ -89.0001, 42.836 ], [ -89.0001, 42.8473 ], [ -88.8948, 42.8459 ], [ -88.8962, 42.7574 ], [ -88.9719, 42.7592 ], [ -88.9628, 42.7735 ], [ -88.9525, 42.7732 ], [ -88.9526, 42.7805 ], [ -88.9575, 42.7818 ], [ -88.9405, 42.809 ], [ -88.9359, 42.8092 ], [ -88.9322, 42.8221 ], [ -88.9343, 42.8237 ], [ -88.9517, 42.8224 ], [ -88.9822, 42.8246 ], [ -89.0065, 42.8272 ], [ -89.0073, 42.8302 ] ] ] } },
{ "type": "Feature", "properties": { "GEOID": "55105001306", "county": "Census Tract 13.06" }, "geometry": { "type": "Polygon", "coordinates": [ [ [ -88.9848, 42.717 ], [ -88.9564, 42.708 ], [ -88.9539, 42.6997 ], [ -88.9735, 42.6999 ], [ -88.9841, 42.6967 ], [ -88.9848, 42.717 ] ] ] } },
{ "type": "Feature", "properties": { "GEOID": "55021970402", "county": "Census Tract 9704.02" }, "geometry": { "type": "Polygon", "coordinates": [ [ [ -89.4951, 43.5551 ], [ -89.475, 43.5475 ], [ -89.4652, 43.5472 ], [ -89.4584, 43.5385 ], [ -89.443, 43.5333 ], [ -89.42, 43.5159 ], [ -89.4158, 43.5045 ], [ -89.4219, 43.504 ], [ -89.4197, 43.5012 ], [ -89.4218, 43.5005 ], [ -89.4308, 43.5019 ], [ -89.4376, 43.4896 ], [ -89.4383, 43.4923 ], [ -89.4409, 43.4924 ], [ -89.4372, 43.4987 ], [ -89.4401, 43.4959 ], [ -89.44, 43.4981 ], [ -89.4413, 43.4972 ], [ -89.4372, 43.5022 ], [ -89.4439, 43.5067 ], [ -89.441, 43.5104 ], [ -89.4509, 43.5149 ], [ -89.4585, 43.5122 ], [ -89.4671, 43.5186 ], [ -89.4741, 43.5193 ], [ -89.4743, 43.5219 ], [ -89.4838, 43.5239 ], [ -89.4839, 43.5255 ], [ -89.4891, 43.525 ], [ -89.4951, 43.5551 ] ] ] } },
{ "type": "Feature", "properties": { "GEOID": "55078940103", "county": "Census Tract 9401.03" }, "geometry": { "type": "Polygon", "coordinates": [ [ [ -88.9825, 45.118 ], [ -88.4837, 45.1169 ], [ -88.489, 44.8874 ], [ -88.4947, 44.8919 ], [ -88.5119, 44.8902 ], [ -88.5156, 44.9026 ], [ -88.5338, 44.9078 ], [ -88.5354, 44.9107 ], [ -88.5312, 44.9156 ], [ -88.5366, 44.9209 ], [ -88.5438, 44.9196 ], [ -88.5497, 44.9223 ], [ -88.5631, 44.9182 ], [ -88.5708, 44.9207 ], [ -88.5717, 44.9178 ], [ -88.5768, 44.9154 ], [ -88.5766, 44.9076 ], [ -88.5814, 44.9073 ], [ -88.5877, 44.9111 ], [ -88.5988, 44.9072 ], [ -88.6118, 44.8981 ], [ -88.6119, 44.8997 ], [ -88.6538, 44.8874 ], [ -88.6805, 44.9014 ], [ -88.7208, 44.9141 ], [ -88.7268, 44.9201 ], [ -88.7354, 44.9241 ], [ -88.7356, 44.9432 ], [ -88.9813, 44.9427 ], [ -88.9825, 45.118 ] ] ] } },
{ "type": "Feature", "properties": { "GEOID": "55078940104", "county": "Census Tract 9401.04" }, "geometry": { "type": "Polygon", "coordinates": [ [ [ -88.6291, 44.89 ], [ -88.6264, 44.893 ], [ -88.6078, 44.9 ], [ -88.5988, 44.9072 ], [ -88.5877, 44.9111 ], [ -88.5814, 44.9073 ], [ -88.5766, 44.9076 ], [ -88.5768, 44.9154 ], [ -88.5717, 44.9178 ], [ -88.5708, 44.9207 ], [ -88.5631, 44.9182 ], [ -88.5497, 44.9223 ], [ -88.5438, 44.9196 ], [ -88.5366, 44.9209 ], [ -88.5312, 44.9156 ], [ -88.5354, 44.9107 ], [ -88.5338, 44.9078 ], [ -88.5156, 44.9026 ], [ -88.5119, 44.8902 ], [ -88.4947, 44.8919 ], [ -88.489, 44.8874 ], [ -88.4892, 44.8554 ], [ -88.5401, 44.8557 ], [ -88.5475, 44.8745 ], [ -88.5507, 44.8765 ], [ -88.5638, 44.8773 ], [ -88.5805, 44.8749 ], [ -88.615, 44.8814 ], [ -88.6211, 44.8849 ], [ -88.628, 44.8847 ], [ -88.6291, 44.89 ] ] ] } },
{ "type": "Feature", "properties": { "GEOID": "55059002605", "county": "Census Tract 26.05" }, "geometry": { "type": "Polygon", "coordinates": [ [ [ -87.9528, 42.5675 ], [ -87.8875, 42.5669 ], [ -87.8923, 42.5505 ], [ -87.8922, 42.5278 ], [ -87.8868, 42.4937 ], [ -87.951, 42.4946 ], [ -87.9528, 42.5675 ] ] ] } },
{ "type": "Feature", "properties": { "GEOID": "55059002606", "county": "Census Tract 26.06" }, "geometry": { "type": "Polygon", "coordinates": [ [ [ -87.892, 42.5213 ], [ -87.892, 42.5376 ], [ -87.8543, 42.5371 ], [ -87.8529, 42.4933 ], [ -87.8868, 42.4937 ], [ -87.8886, 42.5149 ], [ -87.892, 42.5213 ] ] ] } },
{ "type": "Feature", "properties": { "GEOID": "55059000603", "county": "Census Tract 6.03" }, "geometry": { "type": "Polygon", "coordinates": [ [ [ -87.8789, 42.6035 ], [ -87.8773, 42.6251 ], [ -87.8657, 42.625 ], [ -87.8657, 42.614 ], [ -87.8458, 42.6136 ], [ -87.8457, 42.6028 ], [ -87.8789, 42.6035 ] ] ] } },
{ "type": "Feature", "properties": { "GEOID": "55059000502", "county": "Census Tract 5.02" }, "geometry": { "type": "Polygon", "coordinates": [ [ [ -87.8459, 42.6318 ], [ -87.8349, 42.6315 ], [ -87.8358, 42.6124 ], [ -87.8458, 42.6136 ], [ -87.8459, 42.6318 ] ] ] } },
{ "type": "Feature", "properties": { "GEOID": "55101001101", "county": "Census Tract 11.01" }, "geometry": { "type": "Polygon", "coordinates": [ [ [ -87.8461, 42.7189 ], [ -87.843, 42.7261 ], [ -87.8212, 42.7259 ], [ -87.8162, 42.7226 ], [ -87.8162, 42.7202 ], [ -87.8461, 42.7189 ] ] ] } },
{ "type": "Feature", "properties": { "GEOID": "55101001402", "county": "Census Tract 14.02" }, "geometry": { "type": "Polygon", "coordinates": [ [ [ -87.7921, 42.7555 ], [ -87.7919, 42.77 ], [ -87.7737, 42.7699 ], [ -87.7802, 42.7555 ], [ -87.7921, 42.7555 ] ] ] } },
{ "type": "Feature", "properties": { "GEOID": "55063010205", "county": "Census Tract 102.05" }, "geometry": { "type": "Polygon", "coordinates": [ [ [ -91.2911, 44.062 ], [ -91.2815, 44.0615 ], [ -91.2674, 44.0723 ], [ -91.2566, 44.0683 ], [ -91.2527, 44.0608 ], [ -91.2475, 44.0575 ], [ -91.2403, 44.0566 ], [ -91.2319, 44.0583 ], [ -91.221, 44.0531 ], [ -91.2165, 44.0583 ], [ -91.2167, 44.0651 ], [ -91.2095, 44.0675 ], [ -91.2079, 44.0739 ], [ -91.1994, 44.0775 ], [ -91.2006, 44.0866 ], [ -91.1918, 44.0872 ], [ -91.1877, 44.0906 ], [ -91.187, 44.0853 ], [ -91.1804, 44.0842 ], [ -91.1689, 44.0884 ], [ -91.1664, 44.0828 ], [ -91.1582, 44.0826 ], [ -91.1519, 44.0797 ], [ -91.1518, 44.071 ], [ -91.1123, 44.0711 ], [ -91.1076, 44.0647 ], [ -91.1071, 44.0573 ], [ -91.1326, 44.0575 ], [ -91.1325, 44.0519 ], [ -91.1424, 44.0347 ], [ -91.1404, 44.004 ], [ -91.145, 43.9961 ], [ -91.1427, 43.9933 ], [ -91.145, 43.9872 ], [ -91.1543, 43.9813 ], [ -91.155, 43.9775 ], [ -91.1754, 43.9705 ], [ -91.1632, 43.9602 ], [ -91.1507, 43.9573 ], [ -91.1396, 43.9502 ], [ -91.1553, 43.9435 ], [ -91.1629, 43.9444 ], [ -91.1739, 43.9388 ], [ -91.1755, 43.9329 ], [ -91.1821, 43.9261 ], [ -91.1955, 43.9211 ], [ -91.198, 43.918 ], [ -91.2091, 43.9181 ], [ -91.2109, 43.9129 ], [ -91.2201, 43.9128 ], [ -91.2306, 43.9179 ], [ -91.2351, 43.9216 ], [ -91.2439, 43.9396 ], [ -91.2501, 43.9434 ], [ -91.2529, 43.9631 ], [ -91.2495, 43.9632 ], [ -91.2462, 43.9668 ], [ -91.2486, 43.9719 ], [ -91.2459, 43.974 ], [ -91.2528, 43.9742 ], [ -91.2545, 43.9707 ], [ -91.2605, 43.9739 ], [ -91.2656, 43.9738 ], [ -91.2656, 43.9775 ], [ -91.2707, 43.9773 ], [ -91.2807, 43.9918 ], [ -91.2864, 43.996 ], [ -91.2906, 44.0279 ], [ -91.2911, 44.062 ] ] ] } },
{ "type": "Feature", "properties": { "GEOID": "55063010403", "county": "Census Tract 104.03" }, "geometry": { "type": "Polygon", "coordinates": [ [ [ -91.2418, 43.897 ], [ -91.235, 43.8972 ], [ -91.2352, 43.9124 ], [ -91.2203, 43.899 ], [ -91.2201, 43.8843 ], [ -91.2295, 43.8839 ], [ -91.2343, 43.8827 ], [ -91.2347, 43.8805 ], [ -91.2418, 43.897 ] ] ] } },
{ "type": "Feature", "properties": { "GEOID": "55063000402", "county": "Census Tract 4.02" }, "geometry": { "type": "Polygon", "coordinates": [ [ [ -91.249, 43.82 ], [ -91.2451, 43.8218 ], [ -91.2428, 43.8282 ], [ -91.2398, 43.8284 ], [ -91.2391, 43.8087 ], [ -91.2438, 43.8087 ], [ -91.2439, 43.8173 ], [ -91.249, 43.8173 ], [ -91.249, 43.82 ] ] ] } },
{ "type": "Feature", "properties": { "GEOID": "55057100301", "county": "Census Tract 1003.01" }, "geometry": { "type": "Polygon", "coordinates": [ [ [ -90.1725, 44.0211 ], [ -90.1132, 44.0214 ], [ -90.1128, 44.0247 ], [ -90.0954, 44.0245 ], [ -90.0881, 44.0148 ], [ -90.0603, 43.9969 ], [ -90.0584, 43.9985 ], [ -90.0542, 43.9974 ], [ -90.0529, 44.009 ], [ -90.0605, 44.0112 ], [ -90.0656, 44.0158 ], [ -90.0633, 44.017 ], [ -90.0657, 44.0192 ], [ -90.0519, 44.02 ], [ -90.0318, 44.0102 ], [ -90.0351, 44.0102 ], [ -90.0354, 43.9811 ], [ -90.0154, 43.9812 ], [ -90.0158, 43.9482 ], [ -90.0338, 43.9469 ], [ -90.0725, 43.9243 ], [ -90.0725, 43.9086 ], [ -90.1282, 43.9087 ], [ -90.1221, 43.915 ], [ -90.1228, 43.952 ], [ -90.1177, 43.9522 ], [ -90.1184, 43.9549 ], [ -90.1216, 43.9546 ], [ -90.1247, 43.9572 ], [ -90.1419, 43.9812 ], [ -90.1725, 43.9813 ], [ -90.1725, 44.0211 ] ] ] } },
{ "type": "Feature", "properties": { "GEOID": "55067960101", "county": "Census Tract 9601.01" }, "geometry": { "type": "Polygon", "coordinates": [ [ [ -89.1833, 45.436 ], [ -89.1801, 45.4683 ], [ -89.0465, 45.4644 ], [ -88.9231, 45.4651 ], [ -88.9261, 45.3817 ], [ -88.9308, 45.3781 ], [ -88.9309, 45.3713 ], [ -88.9097, 45.3589 ], [ -88.9057, 45.3481 ], [ -88.891, 45.3361 ], [ -88.9048, 45.3386 ], [ -88.9102, 45.3377 ], [ -88.9099, 45.3355 ], [ -88.9123, 45.3341 ], [ -88.9138, 45.3357 ], [ -88.917, 45.3327 ], [ -88.9233, 45.3349 ], [ -88.9357, 45.3354 ], [ -88.9449, 45.3274 ], [ -88.953, 45.3271 ], [ -88.9625, 45.334 ], [ -88.9679, 45.3346 ], [ -88.9798, 45.3459 ], [ -88.9923, 45.3471 ], [ -88.9944, 45.3489 ], [ -89.0011, 45.3405 ], [ -89.0151, 45.3114 ], [ -89.0194, 45.3095 ], [ -89.048, 45.309 ], [ -89.0728, 45.2881 ], [ -89.0814, 45.2905 ], [ -89.0816, 45.296 ], [ -89.0877, 45.2996 ], [ -89.0954, 45.2979 ], [ -89.1052, 45.3042 ], [ -89.1186, 45.3024 ], [ -89.1297, 45.307 ], [ -89.1365, 45.3075 ], [ -89.135, 45.3112 ], [ -89.1382, 45.3128 ], [ -89.1466, 45.3036 ], [ -89.145, 45.3008 ], [ -89.1486, 45.3006 ], [ -89.1459, 45.3179 ], [ -89.1486, 45.3336 ], [ -89.1628, 45.3554 ], [ -89.18, 45.3649 ], [ -89.1337, 45.3665 ], [ -89.1245, 45.3727 ], [ -89.1133, 45.3731 ], [ -89.1104, 45.3749 ], [ -89.117, 45.3874 ], [ -89.1228, 45.3907 ], [ -89.1238, 45.4277 ], [ -89.147, 45.4351 ], [ -89.1833, 45.436 ] ] ] } },
{ "type": "Feature", "properties": { "GEOID": "55117011301", "county": "Census Tract 113.01" }, "geometry": { "type": "Polygon", "coordinates": [ [ [ -87.8306, 43.6303 ], [ -87.7421, 43.6295 ], [ -87.7812, 43.5785 ], [ -87.7901, 43.563 ], [ -87.7919, 43.543 ], [ -87.8209, 43.543 ], [ -87.8198, 43.5542 ], [ -87.8016, 43.5656 ], [ -87.8004, 43.5716 ], [ -87.8202, 43.5721 ], [ -87.8295, 43.613 ], [ -87.8306, 43.6303 ] ] ] } },
{ "type": "Feature", "properties": { "GEOID": "55025000302", "county": "Census Tract 3.02" }, "geometry": { "type": "Polygon", "coordinates": [ [ [ -89.4721, 43.0609 ], [ -89.4684, 43.068 ], [ -89.4588, 43.0702 ], [ -89.4511, 43.0682 ], [ -89.4511, 43.0608 ], [ -89.4721, 43.0609 ] ] ] } },
{ "type": "Feature", "properties": { "GEOID": "55025001405", "county": "Census Tract 14.05" }, "geometry": { "type": "Polygon", "coordinates": [ [ [ -89.4285, 43.011 ], [ -89.4067, 43.0346 ], [ -89.3939, 43.0361 ], [ -89.3864, 43.0311 ], [ -89.383, 43.0258 ], [ -89.3952, 43.0236 ], [ -89.3967, 43.0017 ], [ -89.428, 43.0012 ], [ -89.4285, 43.011 ] ] ] } },
{ "type": "Feature", "properties": { "GEOID": "55025011403", "county": "Census Tract 114.03" }, "geometry": { "type": "Polygon", "coordinates": [ [ [ -89.2668, 43.0849 ], [ -89.2667, 43.1036 ], [ -89.247, 43.1049 ], [ -89.247, 43.0881 ], [ -89.2668, 43.0849 ] ] ] } },
{ "type": "Feature", "properties": { "GEOID": "55025012004", "county": "Census Tract 120.04" }, "geometry": { "type": "Polygon", "coordinates": [ [ [ -89.1997, 43.065 ], [ -89.1993, 43.1097 ], [ -89.17, 43.1088 ], [ -89.1713, 43.1057 ], [ -89.1596, 43.1024 ], [ -89.1646, 43.0913 ], [ -89.1694, 43.0895 ], [ -89.1735, 43.0839 ], [ -89.171, 43.0773 ], [ -89.1656, 43.0728 ], [ -89.1792, 43.0689 ], [ -89.182, 43.0654 ], [ -89.1997, 43.065 ] ] ] } },
{ "type": "Feature", "properties": { "GEOID": "55095960701", "county": "Census Tract 9607.01" }, "geometry": { "type": "Polygon", "coordinates": [ [ [ -92.652, 45.4697 ], [ -92.5295, 45.4689 ], [ -92.5288, 45.4112 ], [ -92.4898, 45.4105 ], [ -92.4893, 45.3961 ], [ -92.6074, 45.3974 ], [ -92.6395, 45.403 ], [ -92.6505, 45.4019 ], [ -92.6467, 45.4132 ], [ -92.6503, 45.4192 ], [ -92.6492, 45.4296 ], [ -92.6467, 45.4418 ], [ -92.6413, 45.4468 ], [ -92.6402, 45.46 ], [ -92.652, 45.4697 ] ] ] } },
{ "type": "Feature", "properties": { "GEOID": "55095960301", "county": "Census Tract 9603.01" }, "geometry": { "type": "Polygon", "coordinates": [ [ [ -92.7425, 45.5531 ], [ -92.734, 45.5525 ], [ -92.7296, 45.5585 ], [ -92.7245, 45.5566 ], [ -92.7109, 45.5562 ], [ -92.6309, 45.5561 ], [ -92.6306, 45.5706 ], [ -92.61, 45.5706 ], [ -92.61, 45.5556 ], [ -92.4886, 45.5554 ], [ -92.4885, 45.541 ], [ -92.528, 45.5412 ], [ -92.5278, 45.5268 ], [ -92.5249, 45.5263 ], [ -92.5278, 45.5232 ], [ -92.5295, 45.4689 ], [ -92.652, 45.4697 ], [ -92.6402, 45.46 ], [ -92.6413, 45.4468 ], [ -92.6467, 45.4418 ], [ -92.6535, 45.4553 ], [ -92.6802, 45.4643 ], [ -92.6916, 45.4763 ], [ -92.7022, 45.493 ], [ -92.7267, 45.5145 ], [ -92.728, 45.5256 ], [ -92.7248, 45.5386 ], [ -92.74, 45.5496 ], [ -92.7425, 45.5531 ] ] ] } },
{ "type": "Feature", "properties": { "GEOID": "55095960902", "county": "Census Tract 9609.02" }, "geometry": { "type": "Polygon", "coordinates": [ [ [ -92.6106, 45.2611 ], [ -92.596, 45.2615 ], [ -92.5962, 45.2753 ], [ -92.6015, 45.2826 ], [ -92.6062, 45.2825 ], [ -92.6065, 45.296 ], [ -92.5708, 45.2959 ], [ -92.5703, 45.2542 ], [ -92.5641, 45.2537 ], [ -92.561, 45.2483 ], [ -92.5553, 45.2479 ], [ -92.5492, 45.2498 ], [ -92.5304, 45.2491 ], [ -92.5306, 45.2832 ], [ -92.5365, 45.2902 ], [ -92.5308, 45.2955 ], [ -92.4525, 45.2945 ], [ -92.4287, 45.296 ], [ -92.4289, 45.3036 ], [ -92.3979, 45.3032 ], [ -92.399, 45.2682 ], [ -92.3886, 45.2668 ], [ -92.3885, 45.2596 ], [ -92.4078, 45.2596 ], [ -92.4079, 45.2617 ], [ -92.4118, 45.2617 ], [ -92.4074, 45.2499 ], [ -92.4065, 45.2093 ], [ -92.6103, 45.2102 ], [ -92.6106, 45.2611 ] ] ] } },
{ "type": "Feature", "properties": { "GEOID": "55025011202", "county": "Census Tract 112.02" }, "geometry": { "type": "Polygon", "coordinates": [ [ [ -89.5952, 43.2058 ], [ -89.4815, 43.2067 ], [ -89.4814, 43.2122 ], [ -89.4708, 43.203 ], [ -89.4815, 43.2031 ], [ -89.4815, 43.1913 ], [ -89.4934, 43.1884 ], [ -89.4964, 43.1774 ], [ -89.4388, 43.1773 ], [ -89.4335, 43.1746 ], [ -89.432, 43.1761 ], [ -89.4024, 43.1504 ], [ -89.4088, 43.1519 ], [ -89.4087, 43.1467 ], [ -89.4136, 43.1471 ], [ -89.4253, 43.1411 ], [ -89.4284, 43.1422 ], [ -89.4341, 43.1421 ], [ -89.4275, 43.1415 ], [ -89.4268, 43.1402 ], [ -89.4422, 43.1402 ], [ -89.4421, 43.1374 ], [ -89.4714, 43.1373 ], [ -89.4716, 43.1337 ], [ -89.4916, 43.1336 ], [ -89.4923, 43.1414 ], [ -89.5202, 43.1406 ], [ -89.5431, 43.1761 ], [ -89.5569, 43.1888 ], [ -89.5781, 43.1945 ], [ -89.5952, 43.2058 ] ] ] } },
{ "type": "Feature", "properties": { "GEOID": "55025010906", "county": "Census Tract 109.06" }, "geometry": { "type": "Polygon", "coordinates": [ [ [ -89.5761, 43.0747 ], [ -89.5757, 43.082 ], [ -89.5367, 43.0821 ], [ -89.5373, 43.0603 ], [ -89.5717, 43.0602 ], [ -89.5712, 43.0747 ], [ -89.5761, 43.0747 ] ] ] } },
{ "type": "Feature", "properties": { "GEOID": "55025010503", "county": "Census Tract 105.03" }, "geometry": { "type": "Polygon", "coordinates": [ [ [ -89.3008, 43.0059 ], [ -89.2866, 43.0157 ], [ -89.2859, 43.0261 ], [ -89.2559, 43.0269 ], [ -89.2471, 43.0208 ], [ -89.2487, 42.9814 ], [ -89.2534, 42.9823 ], [ -89.2522, 42.9801 ], [ -89.255, 42.9824 ], [ -89.2661, 42.9829 ], [ -89.2759, 42.9795 ], [ -89.2792, 42.9857 ], [ -89.276, 42.9923 ], [ -89.2854, 42.9961 ], [ -89.2853, 42.9998 ], [ -89.2904, 43.0033 ], [ -89.2953, 43.0038 ], [ -89.2997, 43.0013 ], [ -89.3008, 43.0059 ] ] ] } },
{ "type": "Feature", "properties": { "GEOID": "55025010907", "county": "Census Tract 109.07" }, "geometry": { "type": "Polygon", "coordinates": [ [ [ -89.6029, 42.9444 ], [ -89.601, 43.093 ], [ -89.5898, 43.0909 ], [ -89.5717, 43.095 ], [ -89.5167, 43.0968 ], [ -89.5209, 43.0901 ], [ -89.5303, 43.0903 ], [ -89.5366, 43.0851 ], [ -89.5367, 43.0821 ], [ -89.5757, 43.082 ], [ -89.5763, 43.0803 ], [ -89.5761, 43.0747 ], [ -89.5712, 43.0747 ], [ -89.5718, 43.0456 ], [ -89.5669, 43.0457 ], [ -89.5675, 43.0311 ], [ -89.5781, 43.0311 ], [ -89.5678, 43.0206 ], [ -89.5629, 43.0194 ], [ -89.563, 43.013 ], [ -89.5781, 43.0117 ], [ -89.5781, 42.9983 ], [ -89.5729, 42.9926 ], [ -89.5721, 42.987 ], [ -89.5778, 42.9839 ], [ -89.5731, 42.9727 ], [ -89.5734, 42.9588 ], [ -89.5486, 42.9584 ], [ -89.5444, 42.9526 ], [ -89.544, 42.9438 ], [ -89.6029, 42.9444 ] ] ] } },
{ "type": "Feature", "properties": { "GEOID": "55025001404", "county": "Census Tract 14.04" }, "geometry": { "type": "Polygon", "coordinates": [ [ [ -89.4553, 43.0154 ], [ -89.4483, 43.0253 ], [ -89.4403, 43.0261 ], [ -89.4306, 43.0233 ], [ -89.4242, 43.0266 ], [ -89.4127, 43.0265 ], [ -89.4248, 43.0153 ], [ -89.4553, 43.0154 ] ] ] } },
{ "type": "Feature", "properties": { "GEOID": "55025001707", "county": "Census Tract 17.07" }, "geometry": { "type": "Polygon", "coordinates": [ [ [ -89.3863, 43.0806 ], [ -89.383, 43.0818 ], [ -89.3787, 43.0785 ], [ -89.3821, 43.0761 ], [ -89.3863, 43.0806 ] ] ] } },
{ "type": "Feature", "properties": { "GEOID": "55039041901", "county": "Census Tract 419.01" }, "geometry": { "type": "Polygon", "coordinates": [ [ [ -88.6446, 43.633 ], [ -88.6442, 43.72 ], [ -88.4018, 43.7184 ], [ -88.4016, 43.6893 ], [ -88.3745, 43.6893 ], [ -88.3687, 43.6919 ], [ -88.3539, 43.6765 ], [ -88.3435, 43.6706 ], [ -88.3318, 43.655 ], [ -88.3304, 43.6476 ], [ -88.3126, 43.6306 ], [ -88.6446, 43.633 ] ] ] } },
{ "type": "Feature", "properties": { "GEOID": "55035000401", "county": "Census Tract 4.01" }, "geometry": { "type": "Polygon", "coordinates": [ [ [ -91.4735, 44.8149 ], [ -91.456, 44.8236 ], [ -91.4417, 44.8187 ], [ -91.4452, 44.8144 ], [ -91.4072, 44.8145 ], [ -91.4072, 44.8102 ], [ -91.3911, 44.8126 ], [ -91.3831, 44.8115 ], [ -91.3836, 44.7963 ], [ -91.4196, 44.8037 ], [ -91.4275, 44.8037 ], [ -91.434, 44.8073 ], [ -91.4684, 44.8073 ], [ -91.4735, 44.8149 ] ] ] } },
{ "type": "Feature", "properties": { "GEOID": "55073002102", "county": "Census Tract 21.02" }, "geometry": { "type": "Polygon", "coordinates": [ [ [ -90.2185, 44.725 ], [ -90.2107, 44.7258 ], [ -90.2054, 44.7318 ], [ -90.2007, 44.7334 ], [ -90.2038, 44.7358 ], [ -90.1985, 44.7359 ], [ -90.1988, 44.7717 ], [ -90.0795, 44.772 ], [ -90.0794, 44.6852 ], [ -90.2185, 44.6853 ], [ -90.2183, 44.6985 ], [ -90.2144, 44.7008 ], [ -90.2179, 44.7037 ], [ -90.2185, 44.725 ] ] ] } },
{ "type": "Feature", "properties": { "GEOID": "55085970104", "county": "Census Tract 9701.04" }, "geometry": { "type": "Polygon", "coordinates": [ [ [ -89.3753, 45.662 ], [ -89.3727, 45.6802 ], [ -89.3427, 45.7034 ], [ -89.3394, 45.7355 ], [ -89.3273, 45.751 ], [ -89.3272, 45.7731 ], [ -89.3193, 45.7844 ], [ -89.3199, 45.8208 ], [ -89.3065, 45.8296 ], [ -89.2907, 45.8601 ], [ -89.258, 45.8619 ], [ -89.1885, 45.8573 ], [ -89.1882, 45.8306 ], [ -89.1724, 45.7991 ], [ -89.1565, 45.7976 ], [ -89.1528, 45.7956 ], [ -89.1434, 45.7753 ], [ -89.1418, 45.7262 ], [ -89.0473, 45.7237 ], [ -89.0466, 45.5719 ], [ -89.1425, 45.5751 ], [ -89.1551, 45.5772 ], [ -89.1661, 45.5748 ], [ -89.1771, 45.5756 ], [ -89.2097, 45.5819 ], [ -89.235, 45.5843 ], [ -89.2413, 45.5885 ], [ -89.2595, 45.5887 ], [ -89.2608, 45.5945 ], [ -89.2693, 45.5951 ], [ -89.2701, 45.5994 ], [ -89.2806, 45.6022 ], [ -89.273, 45.6095 ], [ -89.2744, 45.6123 ], [ -89.2657, 45.6144 ], [ -89.2659, 45.6169 ], [ -89.2598, 45.6192 ], [ -89.257, 45.6233 ], [ -89.2528, 45.6237 ], [ -89.2504, 45.6295 ], [ -89.2487, 45.6281 ], [ -89.2463, 45.6293 ], [ -89.2426, 45.6381 ], [ -89.2445, 45.6396 ], [ -89.2489, 45.6387 ], [ -89.2531, 45.6418 ], [ -89.2577, 45.642 ], [ -89.2625, 45.6402 ], [ -89.2718, 45.6424 ], [ -89.2724, 45.6409 ], [ -89.2805, 45.6424 ], [ -89.2821, 45.6409 ], [ -89.2901, 45.6458 ], [ -89.2939, 45.6517 ], [ -89.3071, 45.6488 ], [ -89.3286, 45.6517 ], [ -89.3218, 45.6675 ], [ -89.3133, 45.6733 ], [ -89.3352, 45.6701 ], [ -89.3613, 45.6626 ], [ -89.3753, 45.662 ] ] ] } },
{ "type": "Feature", "properties": { "GEOID": "55031030302", "county": "Census Tract 303.02" }, "geometry": { "type": "Polygon", "coordinates": [ [ [ -91.8355, 46.3498 ], [ -91.8246, 46.3774 ], [ -91.8194, 46.3833 ], [ -91.8178, 46.3984 ], [ -91.8094, 46.4172 ], [ -91.7092, 46.4171 ], [ -91.7008, 46.4235 ], [ -91.6979, 46.4228 ], [ -91.6827, 46.4321 ], [ -91.6753, 46.4339 ], [ -91.674, 46.4564 ], [ -91.6786, 46.4745 ], [ -91.6757, 46.4745 ], [ -91.6762, 46.5028 ], [ -91.5516, 46.5023 ], [ -91.5513, 46.157 ], [ -91.8095, 46.1579 ], [ -91.7989, 46.186 ], [ -91.7994, 46.2035 ], [ -91.7964, 46.2128 ], [ -91.7999, 46.2204 ], [ -91.8018, 46.2538 ], [ -91.7997, 46.2617 ], [ -91.811, 46.2867 ], [ -91.8126, 46.3199 ], [ -91.8305, 46.3373 ], [ -91.8355, 46.3498 ] ] ] } },
{ "type": "Feature", "properties": { "GEOID": "55007960401", "county": "Census Tract 9604.01" }, "geometry": { "type": "Polygon", "coordinates": [ [ [ -91.5534, 46.5028 ], [ -91.5533, 46.5551 ], [ -91.51, 46.5598 ], [ -91.4919, 46.5678 ], [ -91.4616, 46.5677 ], [ -91.4557, 46.5752 ], [ -91.4277, 46.575 ], [ -91.4275, 46.6045 ], [ -91.3568, 46.6039 ], [ -91.3546, 46.6011 ], [ -91.3557, 46.5952 ], [ -91.345, 46.5896 ], [ -91.3453, 46.5861 ], [ -91.3575, 46.5801 ], [ -91.3604, 46.576 ], [ -91.3602, 46.5696 ], [ -91.3666, 46.5648 ], [ -91.3594, 46.5415 ], [ -91.3605, 46.5353 ], [ -91.3634, 46.5337 ], [ -91.3535, 46.529 ], [ -91.3518, 46.5256 ], [ -91.3572, 46.5143 ], [ -91.357, 46.5063 ], [ -91.3323, 46.4952 ], [ -91.318, 46.4936 ], [ -91.2913, 46.4855 ], [ -91.2699, 46.4722 ], [ -91.2703, 46.4482 ], [ -91.273, 46.4395 ], [ -91.2631, 46.4345 ], [ -91.262, 46.4258 ], [ -91.2734, 46.4071 ], [ -91.2673, 46.3927 ], [ -91.2718, 46.3753 ], [ -91.2578, 46.3568 ], [ -91.2643, 46.345 ], [ -91.2655, 46.3384 ], [ -91.2628, 46.3312 ], [ -91.2743, 46.3318 ], [ -91.2939, 46.3367 ], [ -91.3215, 46.3378 ], [ -91.3349, 46.3412 ], [ -91.36, 46.3387 ], [ -91.427, 46.3405 ], [ -91.427, 46.3582 ], [ -91.4433, 46.3596 ], [ -91.4544, 46.3588 ], [ -91.4597, 46.3545 ], [ -91.4656, 46.3592 ], [ -91.4896, 46.3593 ], [ -91.4895, 46.3558 ], [ -91.4995, 46.3522 ], [ -91.5513, 46.3527 ], [ -91.5516, 46.5023 ], [ -91.5534, 46.5028 ] ] ] } },
{ "type": "Feature", "properties": { "GEOID": "55125950501", "county": "Census Tract 9505.01" }, "geometry": { "type": "Polygon", "coordinates": [ [ [ -89.4881, 45.9554 ], [ -89.4677, 45.9554 ], [ -89.4648, 45.971 ], [ -89.4512, 45.9767 ], [ -89.4146, 45.9721 ], [ -89.3993, 45.9679 ], [ -89.373, 45.966 ], [ -89.3729, 45.9794 ], [ -89.3667, 45.9809 ], [ -89.3636, 45.9874 ], [ -89.3558, 45.9856 ], [ -89.3458, 45.9789 ], [ -89.3313, 45.978 ], [ -89.3244, 45.9744 ], [ -89.3185, 45.9748 ], [ -89.3215, 45.9805 ], [ -89.321, 45.9934 ], [ -89.3161, 45.9965 ], [ -89.3067, 45.9862 ], [ -89.2999, 45.9852 ], [ -89.2979, 45.9824 ], [ -89.2869, 45.9821 ], [ -89.2821, 45.9782 ], [ -89.2817, 45.9421 ], [ -89.2538, 45.9411 ], [ -89.2488, 45.9451 ], [ -89.2423, 45.9442 ], [ -89.2448, 45.9259 ], [ -89.2554, 45.924 ], [ -89.2533, 45.9175 ], [ -89.2477, 45.9174 ], [ -89.2481, 45.913 ], [ -89.276, 45.9144 ], [ -89.2928, 45.9042 ], [ -89.3005, 45.9035 ], [ -89.3005, 45.9015 ], [ -89.3625, 45.899 ], [ -89.4844, 45.8985 ], [ -89.4874, 45.9004 ], [ -89.4881, 45.9554 ] ] ] } },
{ "type": "Feature", "properties": { "GEOID": "55005001004", "county": "Census Tract 10.04" }, "geometry": { "type": "Polygon", "coordinates": [ [ [ -91.7576, 45.3953 ], [ -91.7355, 45.3983 ], [ -91.7344, 45.3899 ], [ -91.725, 45.3867 ], [ -91.7179, 45.3873 ], [ -91.7176, 45.3831 ], [ -91.7116, 45.3829 ], [ -91.7073, 45.3931 ], [ -91.7085, 45.3974 ], [ -91.7047, 45.3974 ], [ -91.7047, 45.3938 ], [ -91.664, 45.3937 ], [ -91.664, 45.3883 ], [ -91.6582, 45.3877 ], [ -91.6562, 45.3853 ], [ -91.6375, 45.39 ], [ -91.5411, 45.3898 ], [ -91.5422, 45.2065 ], [ -91.5745, 45.207 ], [ -91.5783, 45.2176 ], [ -91.5926, 45.2391 ], [ -91.6407, 45.2863 ], [ -91.6495, 45.2984 ], [ -91.6768, 45.3145 ], [ -91.6697, 45.3146 ], [ -91.6669, 45.3218 ], [ -91.663, 45.3218 ], [ -91.659, 45.3181 ], [ -91.6496, 45.3172 ], [ -91.6485, 45.326 ], [ -91.6421, 45.325 ], [ -91.6435, 45.3215 ], [ -91.6406, 45.3198 ], [ -91.6336, 45.3252 ], [ -91.6279, 45.3254 ], [ -91.6295, 45.3333 ], [ -91.6257, 45.3307 ], [ -91.6212, 45.3335 ], [ -91.6295, 45.3434 ], [ -91.6457, 45.3536 ], [ -91.6532, 45.3506 ], [ -91.6642, 45.3508 ], [ -91.6642, 45.3581 ], [ -91.6845, 45.3578 ], [ -91.6848, 45.3361 ], [ -91.6875, 45.3361 ], [ -91.6986, 45.3447 ], [ -91.7095, 45.3628 ], [ -91.7463, 45.3795 ], [ -91.7544, 45.3876 ], [ -91.7576, 45.3953 ] ] ] } },
{ "type": "Feature", "properties": { "GEOID": "55133202001", "county": "Census Tract 2020.01" }, "geometry": { "type": "Polygon", "coordinates": [ [ [ -88.3066, 42.9146 ], [ -88.2975, 42.9147 ], [ -88.2975, 42.922 ], [ -88.2876, 42.9221 ], [ -88.2875, 42.93 ], [ -88.1888, 42.9302 ], [ -88.1889, 42.9244 ], [ -88.2077, 42.914 ], [ -88.2482, 42.9021 ], [ -88.2501, 42.8691 ], [ -88.2479, 42.8598 ], [ -88.2417, 42.8588 ], [ -88.2457, 42.842 ], [ -88.3064, 42.8421 ], [ -88.3062, 42.8611 ], [ -88.2965, 42.8681 ], [ -88.3062, 42.8733 ], [ -88.3066, 42.9146 ] ] ] } },
{ "type": "Feature", "properties": { "GEOID": "55133203200", "county": "Census Tract 2032" }, "geometry": { "type": "Polygon", "coordinates": [ [ [ -88.3558, 43.0589 ], [ -88.3497, 43.0677 ], [ -88.3419, 43.0701 ], [ -88.3435, 43.083 ], [ -88.3136, 43.0826 ], [ -88.3135, 43.0936 ], [ -88.2757, 43.0881 ], [ -88.2758, 43.0864 ], [ -88.2655, 43.0853 ], [ -88.264, 43.083 ], [ -88.2766, 43.0683 ], [ -88.2854, 43.0684 ], [ -88.3021, 43.0641 ], [ -88.3043, 43.0508 ], [ -88.3495, 43.0489 ], [ -88.3558, 43.0589 ] ] ] } },
{ "type": "Feature", "properties": { "GEOID": "55133200902", "county": "Census Tract 2009.02" }, "geometry": { "type": "Polygon", "coordinates": [ [ [ -88.1262, 43.0609 ], [ -88.1256, 43.0899 ], [ -88.1059, 43.0896 ], [ -88.1059, 43.075 ], [ -88.0864, 43.0751 ], [ -88.0864, 43.0605 ], [ -88.1262, 43.0609 ] ] ] } },
{ "type": "Feature", "properties": { "GEOID": "55133203802", "county": "Census Tract 2038.02" }, "geometry": { "type": "Polygon", "coordinates": [ [ [ -88.4342, 42.8533 ], [ -88.4172, 42.8898 ], [ -88.4147, 42.9004 ], [ -88.4085, 42.9078 ], [ -88.4055, 42.9224 ], [ -88.3956, 42.9224 ], [ -88.376, 42.9303 ], [ -88.2875, 42.93 ], [ -88.2876, 42.9221 ], [ -88.2975, 42.922 ], [ -88.2975, 42.9147 ], [ -88.3066, 42.9146 ], [ -88.3063, 42.8927 ], [ -88.3175, 42.8848 ], [ -88.3186, 42.8869 ], [ -88.3258, 42.8863 ], [ -88.3265, 42.8825 ], [ -88.3433, 42.8841 ], [ -88.3452, 42.9008 ], [ -88.3654, 42.9009 ], [ -88.3651, 42.8501 ], [ -88.3626, 42.8484 ], [ -88.3655, 42.8428 ], [ -88.4261, 42.8426 ], [ -88.4342, 42.8533 ] ] ] } },
{ "type": "Feature", "properties": { "GEOID": "55133201600", "county": "Census Tract 2016" }, "geometry": { "type": "Polygon", "coordinates": [ [ [ -88.2006, 42.987 ], [ -88.1937, 42.9878 ], [ -88.1831, 42.9811 ], [ -88.1283, 42.9807 ], [ -88.1289, 42.935 ], [ -88.1386, 42.93 ], [ -88.1589, 42.93 ], [ -88.1591, 42.9233 ], [ -88.1708, 42.9247 ], [ -88.1889, 42.9229 ], [ -88.1888, 42.9302 ], [ -88.1989, 42.9301 ], [ -88.198, 42.9671 ], [ -88.1946, 42.9754 ], [ -88.2006, 42.987 ] ] ] } },
{ "type": "Feature", "properties": { "GEOID": "55133202800", "county": "Census Tract 2028" }, "geometry": { "type": "Polygon", "coordinates": [ [ [ -88.2281, 43.0148 ], [ -88.2166, 43.0319 ], [ -88.213, 43.0312 ], [ -88.2128, 43.0234 ], [ -88.2002, 43.0259 ], [ -88.2005, 43.0139 ], [ -88.2266, 43.0119 ], [ -88.2281, 43.0148 ] ] ] } },
{ "type": "Feature", "properties": { "GEOID": "55133204004", "county": "Census Tract 2040.04" }, "geometry": { "type": "Polygon", "coordinates": [ [ [ -88.542, 42.9309 ], [ -88.5418, 42.9601 ], [ -88.5328, 42.96 ], [ -88.5327, 42.9673 ], [ -88.5129, 42.9671 ], [ -88.5082, 42.9739 ], [ -88.5029, 42.9744 ], [ -88.4978, 42.9805 ], [ -88.4839, 42.9888 ], [ -88.4636, 42.9886 ], [ -88.4624, 43.0224 ], [ -88.4423, 43.0214 ], [ -88.4325, 43.0181 ], [ -88.415, 43.018 ], [ -88.3888, 43.0107 ], [ -88.384, 43.0119 ], [ -88.3845, 42.9882 ], [ -88.3915, 42.9847 ], [ -88.3946, 42.9776 ], [ -88.4047, 42.9669 ], [ -88.4052, 42.9522 ], [ -88.417, 42.9523 ], [ -88.4203, 42.9501 ], [ -88.439, 42.9483 ], [ -88.4396, 42.9422 ], [ -88.4347, 42.9419 ], [ -88.4345, 42.9303 ], [ -88.542, 42.9309 ] ] ] } },
{ "type": "Feature", "properties": { "GEOID": "55133201402", "county": "Census Tract 2014.02" }, "geometry": { "type": "Polygon", "coordinates": [ [ [ -88.0884, 42.9857 ], [ -88.0871, 43.0165 ], [ -88.0673, 43.0164 ], [ -88.0683, 42.9882 ], [ -88.0884, 42.9857 ] ] ] } },
{ "type": "Feature", "properties": { "GEOID": "55131410100", "county": "Census Tract 4101" }, "geometry": { "type": "Polygon", "coordinates": [ [ [ -88.2817, 43.4852 ], [ -88.281, 43.5428 ], [ -88.1609, 43.5429 ], [ -88.1615, 43.4841 ], [ -88.2817, 43.4852 ] ] ] } },
{ "type": "Feature", "properties": { "GEOID": "55131440104", "county": "Census Tract 4401.04" }, "geometry": { "type": "Polygon", "coordinates": [ [ [ -88.4187, 43.3253 ], [ -88.4082, 43.3249 ], [ -88.394, 43.3186 ], [ -88.3839, 43.3178 ], [ -88.3853, 43.3077 ], [ -88.3825, 43.3069 ], [ -88.3717, 43.3068 ], [ -88.3698, 43.3156 ], [ -88.374, 43.3156 ], [ -88.374, 43.3176 ], [ -88.3542, 43.3176 ], [ -88.3547, 43.2889 ], [ -88.3593, 43.2887 ], [ -88.3601, 43.2814 ], [ -88.4192, 43.2819 ], [ -88.4187, 43.3253 ] ] ] } },
{ "type": "Feature", "properties": { "GEOID": "55001950203", "county": "Census Tract 9502.03" }, "geometry": { "type": "Polygon", "coordinates": [ [ [ -89.8581, 44.0683 ], [ -89.8328, 44.0683 ], [ -89.833, 44.0829 ], [ -89.808, 44.0831 ], [ -89.8077, 44.1553 ], [ -89.7173, 44.1558 ], [ -89.7052, 44.1639 ], [ -89.6984, 44.164 ], [ -89.6984, 44.1558 ], [ -89.5977, 44.1561 ], [ -89.598, 44.112 ], [ -89.7376, 44.1119 ], [ -89.7379, 44.0975 ], [ -89.7579, 44.0974 ], [ -89.758, 44.083 ], [ -89.7778, 44.083 ], [ -89.7779, 44.054 ], [ -89.8332, 44.0526 ], [ -89.8343, 44.0555 ], [ -89.8581, 44.0538 ], [ -89.8581, 44.0683 ] ] ] } },
{ "type": "Feature", "properties": { "GEOID": "55111000303", "county": "Census Tract 3.03" }, "geometry": { "type": "Polygon", "coordinates": [ [ [ -89.8418, 43.4786 ], [ -89.841, 43.5113 ], [ -89.8199, 43.5111 ], [ -89.8189, 43.5075 ], [ -89.7963, 43.5082 ], [ -89.798, 43.5147 ], [ -89.7836, 43.5145 ], [ -89.778, 43.5136 ], [ -89.7781, 43.5107 ], [ -89.7637, 43.5108 ], [ -89.7639, 43.489 ], [ -89.7654, 43.4856 ], [ -89.7734, 43.4854 ], [ -89.7689, 43.4773 ], [ -89.769, 43.4704 ], [ -89.7591, 43.471 ], [ -89.7567, 43.4692 ], [ -89.7443, 43.468 ], [ -89.7461, 43.4631 ], [ -89.7525, 43.4602 ], [ -89.7688, 43.46 ], [ -89.7687, 43.4455 ], [ -89.7936, 43.446 ], [ -89.7936, 43.4528 ], [ -89.8262, 43.453 ], [ -89.8278, 43.4512 ], [ -89.837, 43.453 ], [ -89.8352, 43.4684 ], [ -89.8371, 43.4776 ], [ -89.8418, 43.4786 ] ] ] } },
{ "type": "Feature", "properties": { "GEOID": "55111000601", "county": "Census Tract 6.01" }, "geometry": { "type": "Polygon", "coordinates": [ [ [ -89.9761, 43.3568 ], [ -89.9688, 43.3701 ], [ -89.9703, 43.3865 ], [ -89.9738, 43.389 ], [ -89.9742, 43.3943 ], [ -89.9643, 43.3948 ], [ -89.9638, 43.4021 ], [ -89.9588, 43.4021 ], [ -89.9587, 43.4055 ], [ -89.9524, 43.4079 ], [ -89.9484, 43.415 ], [ -89.9602, 43.4166 ], [ -89.9639, 43.4203 ], [ -89.9642, 43.4711 ], [ -89.9493, 43.4709 ], [ -89.9333, 43.4755 ], [ -89.9311, 43.4684 ], [ -89.9365, 43.4637 ], [ -89.9165, 43.4638 ], [ -89.9165, 43.4601 ], [ -89.8965, 43.4601 ], [ -89.8963, 43.4636 ], [ -89.8812, 43.4639 ], [ -89.8766, 43.4603 ], [ -89.8767, 43.4576 ], [ -89.8824, 43.4562 ], [ -89.8824, 43.453 ], [ -89.8773, 43.4529 ], [ -89.8763, 43.4502 ], [ -89.8667, 43.4494 ], [ -89.8664, 43.4423 ], [ -89.8593, 43.4384 ], [ -89.853, 43.4272 ], [ -89.8565, 43.3947 ], [ -89.8646, 43.3805 ], [ -89.8632, 43.3603 ], [ -89.8619, 43.3585 ], [ -89.851, 43.3577 ], [ -89.8329, 43.3583 ], [ -89.8346, 43.3458 ], [ -89.8282, 43.3402 ], [ -89.8276, 43.33 ], [ -89.8235, 43.3261 ], [ -89.8234, 43.3239 ], [ -89.8277, 43.3239 ], [ -89.8285, 43.3148 ], [ -89.8236, 43.3146 ], [ -89.8233, 43.3124 ], [ -89.8189, 43.3122 ], [ -89.8171, 43.3092 ], [ -89.8094, 43.306 ], [ -89.7993, 43.3064 ], [ -89.7955, 43.3111 ], [ -89.7789, 43.3109 ], [ -89.7789, 43.2781 ], [ -89.8428, 43.2788 ], [ -89.8507, 43.2752 ], [ -89.8696, 43.2813 ], [ -89.878, 43.2818 ], [ -89.9001, 43.2735 ], [ -89.9272, 43.2782 ], [ -89.9273, 43.285 ], [ -89.9318, 43.2892 ], [ -89.9324, 43.3016 ], [ -89.9466, 43.3063 ], [ -89.9471, 43.3141 ], [ -89.952, 43.316 ], [ -89.9544, 43.3313 ], [ -89.9595, 43.3333 ], [ -89.9606, 43.3424 ], [ -89.9761, 43.3568 ] ] ] } },
{ "type": "Feature", "properties": { "GEOID": "55111000103", "county": "Census Tract 1.03" }, "geometry": { "type": "Polygon", "coordinates": [ [ [ -89.8479, 43.6187 ], [ -89.8298, 43.6165 ], [ -89.826, 43.6191 ], [ -89.8161, 43.62 ], [ -89.8118, 43.6255 ], [ -89.8047, 43.6265 ], [ -89.8037, 43.6217 ], [ -89.8136, 43.5944 ], [ -89.8009, 43.5749 ], [ -89.7964, 43.5721 ], [ -89.7385, 43.5642 ], [ -89.7388, 43.5323 ], [ -89.7631, 43.5324 ], [ -89.7637, 43.5108 ], [ -89.7781, 43.5107 ], [ -89.778, 43.5136 ], [ -89.798, 43.5147 ], [ -89.7963, 43.5082 ], [ -89.8189, 43.5075 ], [ -89.8199, 43.5111 ], [ -89.8321, 43.5112 ], [ -89.8378, 43.5163 ], [ -89.8372, 43.5475 ], [ -89.8438, 43.5476 ], [ -89.8422, 43.559 ], [ -89.8372, 43.5667 ], [ -89.8373, 43.5905 ], [ -89.8473, 43.5907 ], [ -89.8479, 43.6187 ] ] ] } },
{ "type": "Feature", "properties": { "GEOID": "55111000101", "county": "Census Tract 1.01" }, "geometry": { "type": "Polygon", "coordinates": [ [ [ -89.7636, 43.4964 ], [ -89.7631, 43.5324 ], [ -89.7388, 43.5323 ], [ -89.7385, 43.5683 ], [ -89.7434, 43.5718 ], [ -89.7479, 43.5818 ], [ -89.7429, 43.5865 ], [ -89.7432, 43.5895 ], [ -89.7386, 43.5902 ], [ -89.7388, 43.5981 ], [ -89.7228, 43.5999 ], [ -89.7176, 43.5975 ], [ -89.72, 43.5917 ], [ -89.7344, 43.5788 ], [ -89.7322, 43.5718 ], [ -89.7278, 43.5695 ], [ -89.6941, 43.5659 ], [ -89.6657, 43.5692 ], [ -89.6388, 43.5629 ], [ -89.6123, 43.5649 ], [ -89.5994, 43.5579 ], [ -89.6004, 43.5059 ], [ -89.6112, 43.5034 ], [ -89.632, 43.5041 ], [ -89.6346, 43.5002 ], [ -89.6337, 43.4933 ], [ -89.6392, 43.4889 ], [ -89.7387, 43.4891 ], [ -89.7387, 43.5001 ], [ -89.7477, 43.5001 ], [ -89.7487, 43.4964 ], [ -89.7636, 43.4964 ] ] ] } },
{ "type": "Feature", "properties": { "GEOID": "55111000901", "county": "Census Tract 9.01" }, "geometry": { "type": "Polygon", "coordinates": [ [ [ -90.1969, 43.5576 ], [ -90.1793, 43.5514 ], [ -90.1708, 43.551 ], [ -90.1692, 43.5491 ], [ -90.1677, 43.555 ], [ -90.1437, 43.555 ], [ -90.1389, 43.5527 ], [ -90.133, 43.5622 ], [ -90.113, 43.5621 ], [ -90.1043, 43.5575 ], [ -90.097, 43.5621 ], [ -90.0917, 43.5624 ], [ -90.0794, 43.5569 ], [ -90.0725, 43.5616 ], [ -90.0626, 43.5538 ], [ -90.0509, 43.5536 ], [ -90.0518, 43.5505 ], [ -90.0204, 43.5348 ], [ -90.0229, 43.5325 ], [ -90.0326, 43.5343 ], [ -90.0398, 43.5255 ], [ -90.0161, 43.5253 ], [ -90.014, 43.5108 ], [ -89.9932, 43.5106 ], [ -89.9747, 43.5038 ], [ -89.9642, 43.5037 ], [ -89.9643, 43.4965 ], [ -89.9463, 43.4964 ], [ -89.9466, 43.4935 ], [ -89.9544, 43.4923 ], [ -89.9544, 43.4846 ], [ -89.952, 43.479 ], [ -89.9424, 43.4735 ], [ -89.9493, 43.4709 ], [ -89.9642, 43.4711 ], [ -89.9642, 43.4676 ], [ -89.9736, 43.4676 ], [ -89.9742, 43.4638 ], [ -90.0033, 43.4646 ], [ -90.0045, 43.4712 ], [ -90.0171, 43.4712 ], [ -90.0191, 43.4676 ], [ -90.0337, 43.4607 ], [ -90.0631, 43.4602 ], [ -90.073, 43.4635 ], [ -90.0731, 43.4753 ], [ -90.0841, 43.4705 ], [ -90.0995, 43.4675 ], [ -90.1025, 43.4658 ], [ -90.103, 43.4605 ], [ -90.132, 43.4601 ], [ -90.1386, 43.453 ], [ -90.16, 43.4531 ], [ -90.1666, 43.4571 ], [ -90.1918, 43.458 ], [ -90.192, 43.555 ], [ -90.197, 43.5549 ], [ -90.1969, 43.5576 ] ] ] } },
{ "type": "Feature", "properties": { "GEOID": "55087012102", "county": "Census Tract 121.02" }, "geometry": { "type": "Polygon", "coordinates": [ [ [ -88.2931, 44.2571 ], [ -88.293, 44.2749 ], [ -88.282, 44.2783 ], [ -88.2839, 44.2747 ], [ -88.2821, 44.272 ], [ -88.2737, 44.2719 ], [ -88.2737, 44.2581 ], [ -88.2931, 44.2571 ] ] ] } },
{ "type": "Feature", "properties": { "GEOID": "55087012603", "county": "Census Tract 126.03" }, "geometry": { "type": "Polygon", "coordinates": [ [ [ -88.5975, 44.3307 ], [ -88.4964, 44.3301 ], [ -88.4961, 44.2871 ], [ -88.5081, 44.2873 ], [ -88.5165, 44.2903 ], [ -88.5565, 44.3116 ], [ -88.5972, 44.3289 ], [ -88.5975, 44.3307 ] ] ] } },
{ "type": "Feature", "properties": { "GEOID": "55087011002", "county": "Census Tract 110.02" }, "geometry": { "type": "Polygon", "coordinates": [ [ [ -88.4548, 44.2441 ], [ -88.4481, 44.2511 ], [ -88.4373, 44.2573 ], [ -88.4361, 44.2618 ], [ -88.4207, 44.2619 ], [ -88.4177, 44.2597 ], [ -88.4121, 44.2597 ], [ -88.4121, 44.258 ], [ -88.4071, 44.2589 ], [ -88.4065, 44.2567 ], [ -88.4132, 44.2536 ], [ -88.4311, 44.2545 ], [ -88.4548, 44.2441 ] ] ] } },
{ "type": "Feature", "properties": { "GEOID": "55061960100", "county": "Census Tract 9601" }, "geometry": { "type": "Polygon", "coordinates": [ [ [ -87.4757, 44.6174 ], [ -87.4526, 44.6176 ], [ -87.4469, 44.6134 ], [ -87.4448, 44.617 ], [ -87.4474, 44.6181 ], [ -87.4448, 44.6189 ], [ -87.4479, 44.6218 ], [ -87.4437, 44.6233 ], [ -87.4335, 44.6209 ], [ -87.4336, 44.6177 ], [ -87.4196, 44.6177 ], [ -87.4209, 44.615 ], [ -87.4375, 44.6051 ], [ -87.4455, 44.5884 ], [ -87.46, 44.5885 ], [ -87.4597, 44.6068 ], [ -87.4748, 44.6082 ], [ -87.4757, 44.6174 ] ] ] } },
{ "type": "Feature", "properties": { "GEOID": "55135100100", "county": "Census Tract 1001" }, "geometry": { "type": "Polygon", "coordinates": [ [ [ -88.9466, 44.6723 ], [ -88.9459, 44.6796 ], [ -88.6052, 44.6783 ], [ -88.6061, 44.5905 ], [ -88.765, 44.5904 ], [ -88.7648, 44.6049 ], [ -88.7233, 44.6052 ], [ -88.7236, 44.6197 ], [ -88.7446, 44.6204 ], [ -88.7323, 44.6253 ], [ -88.7315, 44.6342 ], [ -88.7621, 44.6342 ], [ -88.7621, 44.6378 ], [ -88.7775, 44.6378 ], [ -88.7775, 44.6414 ], [ -88.7977, 44.6415 ], [ -88.7977, 44.6525 ], [ -88.8306, 44.6526 ], [ -88.8338, 44.6508 ], [ -88.8135, 44.6342 ], [ -88.7983, 44.6341 ], [ -88.7928, 44.6316 ], [ -88.7928, 44.6195 ], [ -88.7979, 44.6195 ], [ -88.7983, 44.6049 ], [ -88.8183, 44.6051 ], [ -88.8183, 44.5978 ], [ -88.8487, 44.5974 ], [ -88.8489, 44.5715 ], [ -88.8624, 44.5716 ], [ -88.8697, 44.5681 ], [ -88.8698, 44.575 ], [ -88.9209, 44.5756 ], [ -88.9202, 44.5904 ], [ -88.8899, 44.5903 ], [ -88.8897, 44.6345 ], [ -88.9, 44.6345 ], [ -88.8997, 44.6491 ], [ -88.9412, 44.6488 ], [ -88.941, 44.6636 ], [ -88.9355, 44.6636 ], [ -88.9349, 44.6651 ], [ -88.9379, 44.6699 ], [ -88.9466, 44.6723 ] ] ] } },
{ "type": "Feature", "properties": { "GEOID": "55139002900", "county": "Census Tract 29" }, "geometry": { "type": "Polygon", "coordinates": [ [ [ -88.47, 44.2091 ], [ -88.4401, 44.2082 ], [ -88.4401, 44.2003 ], [ -88.4464, 44.2009 ], [ -88.4532, 44.1985 ], [ -88.4694, 44.206 ], [ -88.47, 44.2091 ] ] ] } },
{ "type": "Feature", "properties": { "GEOID": "55139002100", "county": "Census Tract 21" }, "geometry": { "type": "Polygon", "coordinates": [ [ [ -88.8857, 43.8952 ], [ -88.8863, 44.1612 ], [ -88.8747, 44.1559 ], [ -88.8737, 44.1585 ], [ -88.8731, 44.1559 ], [ -88.871, 44.1564 ], [ -88.8669, 44.1651 ], [ -88.8498, 44.1716 ], [ -88.8168, 44.1701 ], [ -88.8157, 44.1738 ], [ -88.8088, 44.1751 ], [ -88.8012, 44.1738 ], [ -88.8035, 44.1767 ], [ -88.7988, 44.1783 ], [ -88.7989, 44.1825 ], [ -88.7939, 44.1835 ], [ -88.7709, 44.1651 ], [ -88.7648, 44.1562 ], [ -88.7647, 44.0695 ], [ -88.7848, 44.0694 ], [ -88.7847, 44.0334 ], [ -88.7646, 44.0333 ], [ -88.7646, 43.9969 ], [ -88.745, 43.9968 ], [ -88.7449, 43.9747 ], [ -88.7649, 43.9749 ], [ -88.7648, 43.8949 ], [ -88.8857, 43.8952 ] ] ] } },
{ "type": "Feature", "properties": { "GEOID": "55139000800", "county": "Census Tract 8" }, "geometry": { "type": "Polygon", "coordinates": [ [ [ -88.5678, 44.039 ], [ -88.5426, 44.0394 ], [ -88.5425, 44.0321 ], [ -88.562, 44.0321 ], [ -88.5678, 44.039 ] ] ] } },
{ "type": "Feature", "properties": { "GEOID": "55139002202", "county": "Census Tract 22.02" }, "geometry": { "type": "Polygon", "coordinates": [ [ [ -88.8867, 44.2426 ], [ -88.6452, 44.2436 ], [ -88.6443, 44.1553 ], [ -88.7106, 44.155 ], [ -88.7182, 44.1647 ], [ -88.7201, 44.1635 ], [ -88.7237, 44.1675 ], [ -88.7192, 44.1621 ], [ -88.7167, 44.1609 ], [ -88.7177, 44.1588 ], [ -88.7329, 44.1633 ], [ -88.7561, 44.1552 ], [ -88.7622, 44.1553 ], [ -88.7839, 44.1766 ], [ -88.7875, 44.1773 ], [ -88.7939, 44.1835 ], [ -88.7973, 44.1836 ], [ -88.7988, 44.1783 ], [ -88.8035, 44.1767 ], [ -88.8012, 44.1738 ], [ -88.8041, 44.1749 ], [ -88.8033, 44.1729 ], [ -88.8088, 44.1751 ], [ -88.8157, 44.1738 ], [ -88.8168, 44.1701 ], [ -88.8295, 44.1695 ], [ -88.8374, 44.1723 ], [ -88.8498, 44.1716 ], [ -88.8669, 44.1651 ], [ -88.871, 44.1564 ], [ -88.8731, 44.1559 ], [ -88.8737, 44.1585 ], [ -88.8747, 44.1559 ], [ -88.8863, 44.1612 ], [ -88.8867, 44.2426 ] ] ] } },
{ "type": "Feature", "properties": { "GEOID": "55099970500", "county": "Census Tract 9705" }, "geometry": { "type": "Polygon", "coordinates": [ [ [ -90.4297, 45.7201 ], [ -90.4295, 45.751 ], [ -90.4268, 45.7584 ], [ -90.4141, 45.7587 ], [ -90.4056, 45.7555 ], [ -90.402, 45.7506 ], [ -90.4046, 45.7434 ], [ -90.399, 45.7425 ], [ -90.3919, 45.7467 ], [ -90.3878, 45.7453 ], [ -90.3858, 45.7468 ], [ -90.3782, 45.765 ], [ -90.3641, 45.7687 ], [ -90.3638, 45.7713 ], [ -90.3617, 45.7683 ], [ -90.3578, 45.7693 ], [ -90.3547, 45.7675 ], [ -90.361, 45.7518 ], [ -90.3737, 45.7389 ], [ -90.3808, 45.738 ], [ -90.3792, 45.7105 ], [ -90.361, 45.7175 ], [ -90.3414, 45.7219 ], [ -90.3301, 45.7317 ], [ -90.3035, 45.7455 ], [ -90.2842, 45.7488 ], [ -90.2285, 45.7532 ], [ -90.2117, 45.758 ], [ -90.1595, 45.7588 ], [ -90.1586, 45.7475 ], [ -90.1644, 45.743 ], [ -90.1638, 45.7335 ], [ -90.1679, 45.7283 ], [ -90.1671, 45.7166 ], [ -90.1514, 45.7062 ], [ -90.1413, 45.7034 ], [ -90.1347, 45.7058 ], [ -90.131, 45.7137 ], [ -90.1239, 45.7183 ], [ -90.1066, 45.7117 ], [ -90.1012, 45.7006 ], [ -90.1036, 45.6948 ], [ -90.1014, 45.6761 ], [ -90.105, 45.6724 ], [ -90.1875, 45.6715 ], [ -90.1879, 45.6571 ], [ -90.2684, 45.6571 ], [ -90.2809, 45.6636 ], [ -90.2962, 45.667 ], [ -90.3091, 45.6737 ], [ -90.3169, 45.6735 ], [ -90.3303, 45.6768 ], [ -90.343, 45.6763 ], [ -90.3537, 45.682 ], [ -90.3612, 45.683 ], [ -90.3909, 45.6806 ], [ -90.391, 45.677 ], [ -90.3959, 45.6769 ], [ -90.3964, 45.6732 ], [ -90.4166, 45.6724 ], [ -90.4166, 45.6831 ], [ -90.4114, 45.6836 ], [ -90.4116, 45.6919 ], [ -90.4167, 45.6917 ], [ -90.4169, 45.6936 ], [ -90.4145, 45.7007 ], [ -90.4126, 45.7006 ], [ -90.4297, 45.7201 ] ] ] } },
{ "type": "Feature", "properties": { "GEOID": "55105002100", "county": "Census Tract 21" }, "geometry": { "type": "Polygon", "coordinates": [ [ [ -89.0795, 42.5398 ], [ -89.04, 42.5402 ], [ -89.0378, 42.5271 ], [ -89.0541, 42.5253 ], [ -89.0516, 42.518 ], [ -89.0564, 42.5181 ], [ -89.0564, 42.5114 ], [ -89.0737, 42.5246 ], [ -89.0716, 42.5296 ], [ -89.074, 42.5296 ], [ -89.074, 42.5324 ], [ -89.0796, 42.5328 ], [ -89.0795, 42.5398 ] ] ] } },
{ "type": "Feature", "properties": { "GEOID": "55105002800", "county": "Census Tract 28" }, "geometry": { "type": "Polygon", "coordinates": [ [ [ -89.368, 42.7085 ], [ -89.3596, 42.7088 ], [ -89.3537, 42.7118 ], [ -89.3235, 42.7123 ], [ -89.3185, 42.7159 ], [ -89.2401, 42.7156 ], [ -89.2203, 42.7135 ], [ -89.2205, 42.7656 ], [ -89.1966, 42.7589 ], [ -89.1311, 42.7595 ], [ -89.1295, 42.5992 ], [ -89.3069, 42.6002 ], [ -89.3069, 42.5966 ], [ -89.3265, 42.5966 ], [ -89.3315, 42.5927 ], [ -89.3667, 42.5932 ], [ -89.368, 42.7085 ] ] ] } },
{ "type": "Feature", "properties": { "GEOID": "55107960300", "county": "Census Tract 9603" }, "geometry": { "type": "Polygon", "coordinates": [ [ [ -91.4439, 45.2917 ], [ -91.4366, 45.3005 ], [ -91.4121, 45.3067 ], [ -91.4084, 45.3105 ], [ -91.4087, 45.3201 ], [ -91.3991, 45.3205 ], [ -91.3882, 45.3253 ], [ -91.3881, 45.3521 ], [ -91.3938, 45.3625 ], [ -91.3984, 45.3625 ], [ -91.3998, 45.3785 ], [ -91.3994, 45.4648 ], [ -91.3075, 45.4646 ], [ -91.3056, 45.4708 ], [ -91.2894, 45.4784 ], [ -91.2796, 45.4824 ], [ -91.2773, 45.4789 ], [ -91.2753, 45.4793 ], [ -91.2612, 45.488 ], [ -91.2523, 45.4884 ], [ -91.2536, 45.4835 ], [ -91.249, 45.4748 ], [ -91.2547, 45.4704 ], [ -91.2529, 45.457 ], [ -91.2603, 45.4523 ], [ -91.2564, 45.4522 ], [ -91.2561, 45.4348 ], [ -91.2661, 45.4344 ], [ -91.2664, 45.401 ], [ -91.2713, 45.3985 ], [ -91.2714, 45.3916 ], [ -91.2508, 45.3918 ], [ -91.248, 45.3936 ], [ -91.2448, 45.3919 ], [ -91.2238, 45.3924 ], [ -91.2172, 45.3777 ], [ -91.194, 45.3781 ], [ -91.1938, 45.3358 ], [ -91.132, 45.3354 ], [ -91.1335, 45.3324 ], [ -91.1359, 45.3335 ], [ -91.142, 45.3285 ], [ -91.1406, 45.3238 ], [ -91.1476, 45.3176 ], [ -91.1496, 45.3075 ], [ -91.1551, 45.3031 ], [ -91.1539, 45.3014 ], [ -91.158, 45.3005 ], [ -91.1469, 45.2968 ], [ -91.1466, 45.2921 ], [ -91.4439, 45.2917 ] ] ] } },
{ "type": "Feature", "properties": { "GEOID": "55117000900", "county": "Census Tract 9" }, "geometry": { "type": "Polygon", "coordinates": [ [ [ -87.7605, 43.7029 ], [ -87.7593, 43.7412 ], [ -87.7418, 43.7407 ], [ -87.7298, 43.7465 ], [ -87.7292, 43.7432 ], [ -87.7229, 43.7432 ], [ -87.7231, 43.7321 ], [ -87.7281, 43.7321 ], [ -87.7338, 43.7275 ], [ -87.7451, 43.7026 ], [ -87.7605, 43.7029 ] ] ] } },
{ "type": "Feature", "properties": { "GEOID": "55119960500", "county": "Census Tract 9605" }, "geometry": { "type": "Polygon", "coordinates": [ [ [ -90.3726, 45.1199 ], [ -90.3745, 45.1483 ], [ -90.3347, 45.149 ], [ -90.3333, 45.1419 ], [ -90.3444, 45.1395 ], [ -90.34, 45.1309 ], [ -90.3324, 45.1312 ], [ -90.3316, 45.1209 ], [ -90.3429, 45.1209 ], [ -90.3427, 45.1189 ], [ -90.347, 45.119 ], [ -90.3472, 45.1207 ], [ -90.3726, 45.1199 ] ] ] } },
{ "type": "Feature", "properties": { "GEOID": "55087012902", "county": "Census Tract 129.02" }, "geometry": { "type": "Polygon", "coordinates": [ [ [ -88.4964, 44.3301 ], [ -88.4961, 44.4157 ], [ -88.3743, 44.4147 ], [ -88.375, 44.3288 ], [ -88.4964, 44.3301 ] ] ] } },
{ "type": "Feature", "properties": { "GEOID": "55087011600", "county": "Census Tract 116" }, "geometry": { "type": "Polygon", "coordinates": [ [ [ -88.354, 44.2438 ], [ -88.3549, 44.2768 ], [ -88.3501, 44.2755 ], [ -88.3479, 44.2775 ], [ -88.3357, 44.2788 ], [ -88.3391, 44.266 ], [ -88.3241, 44.2673 ], [ -88.3232, 44.2435 ], [ -88.354, 44.2438 ] ] ] } },
{ "type": "Feature", "properties": { "GEOID": "55069960500", "county": "Census Tract 9605" }, "geometry": { "type": "Polygon", "coordinates": [ [ [ -89.7313, 45.4425 ], [ -89.7336, 45.4671 ], [ -89.7289, 45.4671 ], [ -89.7197, 45.472 ], [ -89.6285, 45.4695 ], [ -89.6148, 45.4748 ], [ -89.6099, 45.4697 ], [ -89.6097, 45.4494 ], [ -89.579, 45.4487 ], [ -89.5787, 45.4274 ], [ -89.5687, 45.4272 ], [ -89.5665, 45.4306 ], [ -89.5577, 45.4292 ], [ -89.5472, 45.4311 ], [ -89.535, 45.4286 ], [ -89.5233, 45.4216 ], [ -89.5178, 45.4249 ], [ -89.5117, 45.4242 ], [ -89.5134, 45.4285 ], [ -89.5047, 45.4303 ], [ -89.4923, 45.4244 ], [ -89.4856, 45.4158 ], [ -89.48, 45.4186 ], [ -89.4737, 45.4165 ], [ -89.4682, 45.4102 ], [ -89.4618, 45.4102 ], [ -89.461, 45.3988 ], [ -89.4527, 45.3983 ], [ -89.4474, 45.4042 ], [ -89.4245, 45.4136 ], [ -89.4245, 45.3367 ], [ -89.465, 45.3356 ], [ -89.5234, 45.3372 ], [ -89.527, 45.337 ], [ -89.5273, 45.33 ], [ -89.5487, 45.3301 ], [ -89.5502, 45.3516 ], [ -89.7273, 45.3522 ], [ -89.7286, 45.3707 ], [ -89.7201, 45.3861 ], [ -89.7152, 45.3903 ], [ -89.7085, 45.3907 ], [ -89.7082, 45.4073 ], [ -89.6988, 45.417 ], [ -89.6962, 45.4252 ], [ -89.701, 45.4299 ], [ -89.7088, 45.4282 ], [ -89.7128, 45.4293 ], [ -89.7224, 45.438 ], [ -89.7313, 45.4425 ] ] ] } },
{ "type": "Feature", "properties": { "GEOID": "55089650200", "county": "Census Tract 6502" }, "geometry": { "type": "Polygon", "coordinates": [ [ [ -88.0043, 43.2935 ], [ -87.9646, 43.2942 ], [ -87.9642, 43.2797 ], [ -87.9793, 43.2795 ], [ -87.9792, 43.2743 ], [ -87.9904, 43.2761 ], [ -87.9919, 43.2793 ], [ -88.004, 43.279 ], [ -88.0043, 43.2935 ] ] ] } },
{ "type": "Feature", "properties": { "GEOID": "55089660303", "county": "Census Tract 6603.03" }, "geometry": { "type": "Polygon", "coordinates": [ [ [ -87.9825, 43.2215 ], [ -87.9213, 43.2212 ], [ -87.9241, 43.1921 ], [ -87.9647, 43.1924 ], [ -87.9825, 43.2215 ] ] ] } },
{ "type": "Feature", "properties": { "GEOID": "55093960100", "county": "Census Tract 9601" }, "geometry": { "type": "Polygon", "coordinates": [ [ [ -92.2567, 44.6998 ], [ -92.2584, 44.8581 ], [ -92.1363, 44.8578 ], [ -92.1351, 44.6989 ], [ -92.2567, 44.6998 ] ] ] } },
{ "type": "Feature", "properties": { "GEOID": "55075960700", "county": "Census Tract 9607" }, "geometry": { "type": "Polygon", "coordinates": [ [ [ -88.3091, 45.2016 ], [ -88.3067, 45.3746 ], [ -88.3005, 45.3802 ], [ -88.3063, 45.3845 ], [ -88.3049, 45.3876 ], [ -88.2963, 45.3903 ], [ -88.2935, 45.3958 ], [ -88.2598, 45.3957 ], [ -88.2492, 45.4029 ], [ -88.0993, 45.3989 ], [ -88.1002, 45.3701 ], [ -88.0946, 45.37 ], [ -88.081, 45.364 ], [ -88.0646, 45.3627 ], [ -88.0664, 45.3559 ], [ -88.0697, 45.3543 ], [ -88.0681, 45.3519 ], [ -88.0567, 45.3456 ], [ -88.0521, 45.3382 ], [ -88.0409, 45.3359 ], [ -88.0428, 45.3092 ], [ -88.0481, 45.3132 ], [ -88.0549, 45.3135 ], [ -88.0717, 45.3098 ], [ -88.1025, 45.3112 ], [ -88.1042, 45.2597 ], [ -88.0916, 45.2558 ], [ -88.0838, 45.25 ], [ -88.0837, 45.232 ], [ -88.0888, 45.232 ], [ -88.0889, 45.2179 ], [ -88.0787, 45.2178 ], [ -88.0785, 45.2106 ], [ -88.0637, 45.2109 ], [ -88.0636, 45.1824 ], [ -88.0567, 45.1819 ], [ -88.059, 45.1178 ], [ -88.0541, 45.1162 ], [ -88.0543, 45.1092 ], [ -88.1893, 45.1118 ], [ -88.1864, 45.198 ], [ -88.3091, 45.2016 ] ] ] } },
{ "type": "Feature", "properties": { "GEOID": "55097961000", "county": "Census Tract 9610" }, "geometry": { "type": "Polygon", "coordinates": [ [ [ -89.5985, 44.527 ], [ -89.5748, 44.5271 ], [ -89.5732, 44.513 ], [ -89.5795, 44.5131 ], [ -89.5848, 44.5225 ], [ -89.5891, 44.5221 ], [ -89.5985, 44.527 ] ] ] } },
{ "type": "Feature", "properties": { "GEOID": "55049950500", "county": "Census Tract 9505" }, "geometry": { "type": "Polygon", "coordinates": [ [ [ -90.0783, 42.9304 ], [ -90.0664, 42.9414 ], [ -90.0557, 42.9421 ], [ -90.0533, 42.945 ], [ -90.0452, 42.9449 ], [ -90.0455, 42.9708 ], [ -90.0419, 42.9796 ], [ -90.0457, 42.9877 ], [ -90.0418, 42.9947 ], [ -90.045, 43.0119 ], [ -90.0402, 43.0149 ], [ -90.035, 43.0145 ], [ -90.0369, 43.0195 ], [ -90.0301, 43.0234 ], [ -90.0299, 43.0278 ], [ -90.0229, 43.0281 ], [ -90.0202, 43.0318 ], [ -90.0126, 43.035 ], [ -90.0148, 43.0424 ], [ -89.997, 43.0439 ], [ -89.9881, 43.0388 ], [ -89.9796, 43.0394 ], [ -89.972, 43.03 ], [ -89.9522, 43.0231 ], [ -89.9522, 43.0166 ], [ -89.9469, 43.0167 ], [ -89.9428, 43.0183 ], [ -89.9378, 43.0265 ], [ -89.9377, 43.035 ], [ -89.9432, 43.0463 ], [ -89.9387, 43.0443 ], [ -89.9133, 43.0472 ], [ -89.8879, 43.0457 ], [ -89.8874, 43.04 ], [ -89.8923, 43.0329 ], [ -89.8872, 43.0316 ], [ -89.8734, 43.0414 ], [ -89.8541, 43.0613 ], [ -89.847, 43.0532 ], [ -89.8439, 43.0412 ], [ -89.8397, 43.0361 ], [ -89.8407, 43.0294 ], [ -89.8383, 43.0295 ], [ -89.8384, 42.8138 ], [ -90.0731, 42.8138 ], [ -90.0734, 42.8996 ], [ -90.0598, 42.9073 ], [ -90.0632, 42.9121 ], [ -90.0685, 42.9135 ], [ -90.0684, 42.9205 ], [ -90.0784, 42.9247 ], [ -90.0783, 42.9304 ] ] ] } },
{ "type": "Feature", "properties": { "GEOID": "55067960300", "county": "Census Tract 9603" }, "geometry": { "type": "Polygon", "coordinates": [ [ [ -89.426, 45.1191 ], [ -89.4247, 45.2932 ], [ -89.3546, 45.2912 ], [ -89.2841, 45.2929 ], [ -89.2439, 45.2917 ], [ -89.2216, 45.2935 ], [ -89.1655, 45.291 ], [ -89.1636, 45.2931 ], [ -89.1651, 45.2995 ], [ -89.145, 45.3008 ], [ -89.1466, 45.3036 ], [ -89.1382, 45.3128 ], [ -89.135, 45.3112 ], [ -89.1365, 45.3075 ], [ -89.1297, 45.307 ], [ -89.1186, 45.3024 ], [ -89.1052, 45.3042 ], [ -89.0954, 45.2979 ], [ -89.0877, 45.2996 ], [ -89.0816, 45.296 ], [ -89.0814, 45.2905 ], [ -89.0728, 45.2881 ], [ -89.065, 45.2931 ], [ -89.0729, 45.2781 ], [ -89.0919, 45.2572 ], [ -89.0931, 45.2423 ], [ -89.0507, 45.2407 ], [ -89.0513, 45.184 ], [ -89.0727, 45.1839 ], [ -89.0727, 45.162 ], [ -89.0523, 45.1616 ], [ -89.0537, 45.1326 ], [ -89.0643, 45.1322 ], [ -89.0645, 45.1252 ], [ -89.1158, 45.1255 ], [ -89.1145, 45.1473 ], [ -89.135, 45.1475 ], [ -89.1241, 45.1549 ], [ -89.135, 45.1547 ], [ -89.1341, 45.1834 ], [ -89.1472, 45.1844 ], [ -89.1573, 45.1802 ], [ -89.162, 45.1717 ], [ -89.1705, 45.166 ], [ -89.1726, 45.1605 ], [ -89.1789, 45.1595 ], [ -89.1783, 45.1184 ], [ -89.1943, 45.1185 ], [ -89.1951, 45.1165 ], [ -89.2047, 45.1166 ], [ -89.2054, 45.1186 ], [ -89.2085, 45.1148 ], [ -89.2243, 45.1117 ], [ -89.2242, 45.1186 ], [ -89.426, 45.1191 ] ] ] } },
{ "type": "Feature", "properties": { "GEOID": "55059000900", "county": "Census Tract 9" }, "geometry": { "type": "Polygon", "coordinates": [ [ [ -87.8359, 42.6014 ], [ -87.826, 42.5989 ], [ -87.8261, 42.5842 ], [ -87.8357, 42.5833 ], [ -87.8359, 42.6014 ] ] ] } },
{ "type": "Feature", "properties": { "GEOID": "55059002300", "county": "Census Tract 23" }, "geometry": { "type": "Polygon", "coordinates": [ [ [ -87.8551, 42.5662 ], [ -87.8452, 42.566 ], [ -87.845, 42.5588 ], [ -87.8352, 42.5586 ], [ -87.8346, 42.5403 ], [ -87.8381, 42.5369 ], [ -87.8543, 42.5371 ], [ -87.8551, 42.5662 ] ] ] } },
{ "type": "Feature", "properties": { "GEOID": "55095960702", "county": "Census Tract 9607.02" }, "geometry": { "type": "Polygon", "coordinates": [ [ [ -92.704, 45.3537 ], [ -92.7027, 45.3585 ], [ -92.6965, 45.3635 ], [ -92.6782, 45.3736 ], [ -92.677, 45.3801 ], [ -92.6695, 45.3891 ], [ -92.6504, 45.3985 ], [ -92.6505, 45.4019 ], [ -92.6395, 45.403 ], [ -92.6074, 45.3974 ], [ -92.4893, 45.3961 ], [ -92.4897, 45.3818 ], [ -92.5852, 45.3827 ], [ -92.5906, 45.376 ], [ -92.5909, 45.3539 ], [ -92.6134, 45.3539 ], [ -92.6161, 45.3521 ], [ -92.6114, 45.3365 ], [ -92.6351, 45.343 ], [ -92.6823, 45.3434 ], [ -92.6822, 45.3496 ], [ -92.6879, 45.3479 ], [ -92.692, 45.3507 ], [ -92.6979, 45.3462 ], [ -92.696, 45.3437 ], [ -92.6989, 45.3395 ], [ -92.704, 45.3537 ] ] ] } },
{ "type": "Feature", "properties": { "GEOID": "55131450103", "county": "Census Tract 4501.03" }, "geometry": { "type": "Polygon", "coordinates": [ [ [ -88.2014, 43.3387 ], [ -88.2012, 43.3689 ], [ -88.0624, 43.3673 ], [ -88.0629, 43.3223 ], [ -88.2014, 43.3244 ], [ -88.2012, 43.3277 ], [ -88.1967, 43.3288 ], [ -88.1977, 43.3388 ], [ -88.2014, 43.3387 ] ] ] } },
{ "type": "Feature", "properties": { "GEOID": "55047100500", "county": "Census Tract 1005" }, "geometry": { "type": "Polygon", "coordinates": [ [ [ -89.2454, 43.6431 ], [ -89.2454, 43.7598 ], [ -89.2405, 43.7599 ], [ -89.2433, 43.7633 ], [ -89.2358, 43.7677 ], [ -89.1816, 43.7645 ], [ -89.175, 43.7665 ], [ -89.1676, 43.7655 ], [ -89.168, 43.8101 ], [ -89.185, 43.8043 ], [ -89.195, 43.8071 ], [ -89.1983, 43.8127 ], [ -89.1944, 43.8149 ], [ -89.1954, 43.8222 ], [ -89.1917, 43.8291 ], [ -89.1796, 43.83 ], [ -89.1718, 43.8282 ], [ -89.1704, 43.8245 ], [ -89.1752, 43.8234 ], [ -89.1532, 43.8269 ], [ -89.14, 43.826 ], [ -89.1361, 43.8273 ], [ -89.1329, 43.8342 ], [ -89.1227, 43.8341 ], [ -89.1226, 43.8443 ], [ -89.1066, 43.8359 ], [ -89.0172, 43.8369 ], [ -89.0175, 43.8262 ], [ -89.0313, 43.8257 ], [ -89.0473, 43.8175 ], [ -89.0473, 43.8109 ], [ -89.0416, 43.811 ], [ -89.04, 43.8084 ], [ -89.0367, 43.8082 ], [ -89.0351, 43.8118 ], [ -89.0071, 43.8114 ], [ -89.0295, 43.795 ], [ -89.0477, 43.7913 ], [ -89.0577, 43.7773 ], [ -89.0694, 43.7774 ], [ -89.0667, 43.7594 ], [ -89.052, 43.7436 ], [ -89.0511, 43.7269 ], [ -89.1065, 43.7275 ], [ -89.1064, 43.6916 ], [ -89.1057, 43.6901 ], [ -89.0889, 43.6901 ], [ -89.0885, 43.6859 ], [ -89.0945, 43.686 ], [ -89.0951, 43.6755 ], [ -89.101, 43.6755 ], [ -89.1015, 43.6722 ], [ -89.1063, 43.6741 ], [ -89.1063, 43.6609 ], [ -89.1112, 43.6609 ], [ -89.1115, 43.6464 ], [ -89.1239, 43.6465 ], [ -89.1269, 43.6426 ], [ -89.2454, 43.6431 ] ] ] } },
{ "type": "Feature", "properties": { "GEOID": "55083101302", "county": "Census Tract 1013.02" }, "geometry": { "type": "Polygon", "coordinates": [ [ [ -88.2524, 44.7668 ], [ -88.2482, 44.8527 ], [ -88.2417, 44.8534 ], [ -88.2282, 44.8597 ], [ -88.2283, 44.8523 ], [ -88.1017, 44.8499 ], [ -88.1043, 44.8466 ], [ -88.1152, 44.8422 ], [ -88.1169, 44.8372 ], [ -88.1141, 44.8357 ], [ -88.1199, 44.8287 ], [ -88.1278, 44.8292 ], [ -88.1281, 44.8227 ], [ -88.1382, 44.8215 ], [ -88.1363, 44.8114 ], [ -88.1426, 44.7965 ], [ -88.1405, 44.7931 ], [ -88.1297, 44.7929 ], [ -88.1308, 44.7639 ], [ -88.0913, 44.7647 ], [ -88.0914, 44.7501 ], [ -87.9766, 44.7503 ], [ -87.9667, 44.7418 ], [ -87.9855, 44.7148 ], [ -87.9864, 44.7019 ], [ -87.9896, 44.7009 ], [ -87.9879, 44.6776 ], [ -88.0505, 44.6774 ], [ -88.051, 44.721 ], [ -88.1309, 44.7204 ], [ -88.1919, 44.716 ], [ -88.2453, 44.7159 ], [ -88.2524, 44.7668 ] ] ] } },
{ "type": "Feature", "properties": { "GEOID": "55059002802", "county": "Census Tract 28.02" }, "geometry": { "type": "Polygon", "coordinates": [ [ [ -88.1883, 42.6697 ], [ -87.9531, 42.6696 ], [ -87.9528, 42.5823 ], [ -88.188, 42.5825 ], [ -88.1833, 42.5897 ], [ -88.1836, 42.6115 ], [ -88.1882, 42.6115 ], [ -88.1883, 42.6697 ] ] ] } },
{ "type": "Feature", "properties": { "GEOID": "55109120802", "county": "Census Tract 1208.02" }, "geometry": { "type": "Polygon", "coordinates": [ [ [ -92.3954, 44.9925 ], [ -92.375, 44.9924 ], [ -92.3756, 45.1222 ], [ -92.2588, 45.1219 ], [ -92.2584, 44.8581 ], [ -92.3749, 44.8623 ], [ -92.3748, 44.9343 ], [ -92.3951, 44.9346 ], [ -92.3952, 44.9553 ], [ -92.3825, 44.9564 ], [ -92.3765, 44.9535 ], [ -92.3677, 44.954 ], [ -92.3594, 44.9486 ], [ -92.3595, 44.9774 ], [ -92.3952, 44.9781 ], [ -92.3954, 44.9925 ] ] ] } },
{ "type": "Feature", "properties": { "GEOID": "55133203704", "county": "Census Tract 2037.04" }, "geometry": { "type": "Polygon", "coordinates": [ [ [ -88.4255, 43.0581 ], [ -88.419, 43.0608 ], [ -88.4058, 43.0619 ], [ -88.3968, 43.0665 ], [ -88.3865, 43.0647 ], [ -88.3853, 43.0778 ], [ -88.3903, 43.0945 ], [ -88.3864, 43.1014 ], [ -88.3627, 43.0997 ], [ -88.3631, 43.0865 ], [ -88.354, 43.092 ], [ -88.3487, 43.0922 ], [ -88.3481, 43.0948 ], [ -88.3485, 43.0892 ], [ -88.3432, 43.0883 ], [ -88.3419, 43.0701 ], [ -88.3497, 43.0677 ], [ -88.3558, 43.0589 ], [ -88.3495, 43.0489 ], [ -88.4173, 43.0544 ], [ -88.4255, 43.0581 ] ] ] } },
{ "type": "Feature", "properties": { "GEOID": "55111001004", "county": "Census Tract 10.04" }, "geometry": { "type": "Polygon", "coordinates": [ [ [ -89.9964, 43.5345 ], [ -89.9924, 43.5589 ], [ -89.9861, 43.5629 ], [ -89.9727, 43.5623 ], [ -89.9713, 43.552 ], [ -89.9648, 43.5495 ], [ -89.9647, 43.5399 ], [ -89.9601, 43.54 ], [ -89.9536, 43.5327 ], [ -89.9904, 43.5324 ], [ -89.9904, 43.5347 ], [ -89.9964, 43.5345 ] ] ] } },
{ "type": "Feature", "properties": { "GEOID": "55111000104", "county": "Census Tract 1.04" }, "geometry": { "type": "Polygon", "coordinates": [ [ [ -89.8132, 43.5966 ], [ -89.8037, 43.6217 ], [ -89.8114, 43.641 ], [ -89.7858, 43.641 ], [ -89.7758, 43.6314 ], [ -89.7823, 43.6256 ], [ -89.7734, 43.6203 ], [ -89.7754, 43.6138 ], [ -89.7633, 43.6039 ], [ -89.7652, 43.6015 ], [ -89.7723, 43.6019 ], [ -89.7938, 43.5922 ], [ -89.7984, 43.5968 ], [ -89.8049, 43.5953 ], [ -89.8132, 43.5966 ] ] ] } },
{ "type": "Feature", "properties": { "GEOID": "55055101100", "county": "Census Tract 1011" }, "geometry": { "type": "Polygon", "coordinates": [ [ [ -88.847, 43.0068 ], [ -88.8072, 43.0053 ], [ -88.8073, 43.0035 ], [ -88.7827, 43.0047 ], [ -88.7825, 42.9945 ], [ -88.7782, 42.9901 ], [ -88.7982, 42.9907 ], [ -88.8047, 42.9757 ], [ -88.8155, 42.975 ], [ -88.823, 42.98 ], [ -88.8264, 42.9769 ], [ -88.831, 42.9799 ], [ -88.8359, 42.9775 ], [ -88.8366, 42.9823 ], [ -88.8466, 42.9974 ], [ -88.847, 43.0068 ] ] ] } },
{ "type": "Feature", "properties": { "GEOID": "55027960900", "county": "Census Tract 9609" }, "geometry": { "type": "Polygon", "coordinates": [ [ [ -88.853, 43.4357 ], [ -88.8504, 43.441 ], [ -88.8419, 43.4459 ], [ -88.8369, 43.4562 ], [ -88.8153, 43.4562 ], [ -88.8189, 43.4477 ], [ -88.8284, 43.4381 ], [ -88.8369, 43.4354 ], [ -88.853, 43.4357 ] ] ] } },
{ "type": "Feature", "properties": { "GEOID": "55089640101", "county": "Census Tract 6401.01" }, "geometry": { "type": "Polygon", "coordinates": [ [ [ -87.9651, 43.3203 ], [ -87.9452, 43.3202 ], [ -87.9449, 43.3093 ], [ -87.952, 43.3095 ], [ -87.9648, 43.3021 ], [ -87.9651, 43.3203 ] ] ] } },
{ "type": "Feature", "properties": { "GEOID": "55089650104", "county": "Census Tract 6501.04" }, "geometry": { "type": "Polygon", "coordinates": [ [ [ -88.0062, 43.3225 ], [ -87.9711, 43.3226 ], [ -87.9651, 43.3203 ], [ -87.9648, 43.3104 ], [ -87.9811, 43.3012 ], [ -87.9893, 43.301 ], [ -88.0062, 43.3225 ] ] ] } },
{ "type": "Feature", "properties": { "GEOID": "55127001605", "county": "Census Tract 16.05" }, "geometry": { "type": "Polygon", "coordinates": [ [ [ -88.4497, 42.5743 ], [ -88.4353, 42.5917 ], [ -88.4091, 42.5942 ], [ -88.4019, 42.5864 ], [ -88.3931, 42.5815 ], [ -88.394, 42.5748 ], [ -88.4185, 42.5746 ], [ -88.4161, 42.5697 ], [ -88.4292, 42.5704 ], [ -88.4309, 42.5668 ], [ -88.4381, 42.5666 ], [ -88.4497, 42.5743 ] ] ] } },
{ "type": "Feature", "properties": { "GEOID": "55101002900", "county": "Census Tract 29" }, "geometry": { "type": "Polygon", "coordinates": [ [ [ -87.7948, 42.7043 ], [ -87.7955, 42.7266 ], [ -87.791, 42.7297 ], [ -87.7862, 42.7282 ], [ -87.7863, 42.7333 ], [ -87.7785, 42.7335 ], [ -87.7809, 42.7302 ], [ -87.7785, 42.726 ], [ -87.7894, 42.7257 ], [ -87.7892, 42.7043 ], [ -87.7948, 42.7043 ] ] ] } },
{ "type": "Feature", "properties": { "GEOID": "55097960702", "county": "Census Tract 9607.02" }, "geometry": { "type": "Polygon", "coordinates": [ [ [ -89.5526, 44.4925 ], [ -89.5441, 44.4926 ], [ -89.5345, 44.4973 ], [ -89.5285, 44.4974 ], [ -89.5288, 44.5125 ], [ -89.509, 44.5123 ], [ -89.5091, 44.5169 ], [ -89.4954, 44.5132 ], [ -89.4773, 44.5117 ], [ -89.4776, 44.4826 ], [ -89.5493, 44.4818 ], [ -89.5526, 44.4925 ] ] ] } },
{ "type": "Feature", "properties": { "GEOID": "55025001102", "county": "Census Tract 11.02" }, "geometry": { "type": "Polygon", "coordinates": [ [ [ -89.4251, 43.0762 ], [ -89.4215, 43.0765 ], [ -89.42, 43.0795 ], [ -89.4104, 43.0786 ], [ -89.3973, 43.077 ], [ -89.3974, 43.0732 ], [ -89.4251, 43.0735 ], [ -89.4251, 43.0762 ] ] ] } },
{ "type": "Feature", "properties": { "GEOID": "55025010501", "county": "Census Tract 105.01" }, "geometry": { "type": "Polygon", "coordinates": [ [ [ -89.3361, 43.0471 ], [ -89.3158, 43.0482 ], [ -89.3081, 43.0479 ], [ -89.3071, 43.0459 ], [ -89.2982, 43.0475 ], [ -89.2779, 43.0457 ], [ -89.2755, 43.0404 ], [ -89.2559, 43.0269 ], [ -89.3074, 43.0255 ], [ -89.3217, 43.0348 ], [ -89.318, 43.0333 ], [ -89.3114, 43.0347 ], [ -89.3097, 43.0373 ], [ -89.313, 43.0449 ], [ -89.3138, 43.0429 ], [ -89.3288, 43.0413 ], [ -89.3257, 43.0441 ], [ -89.3361, 43.0471 ] ] ] } },
{ "type": "Feature", "properties": { "GEOID": "55025002602", "county": "Census Tract 26.02" }, "geometry": { "type": "Polygon", "coordinates": [ [ [ -89.3254, 43.1301 ], [ -89.3224, 43.1352 ], [ -89.325, 43.1537 ], [ -89.3063, 43.1538 ], [ -89.2961, 43.137 ], [ -89.3247, 43.1168 ], [ -89.3254, 43.1301 ] ] ] } },
{ "type": "Feature", "properties": { "GEOID": "55025013700", "county": "Census Tract 137" }, "geometry": { "type": "Polygon", "coordinates": [ [ [ -89.5778, 42.9839 ], [ -89.5749, 42.9867 ], [ -89.5423, 42.9889 ], [ -89.5121, 42.9943 ], [ -89.5146, 42.9508 ], [ -89.5442, 42.9511 ], [ -89.5486, 42.9584 ], [ -89.5734, 42.9588 ], [ -89.5731, 42.9727 ], [ -89.5778, 42.9839 ] ] ] } },
{ "type": "Feature", "properties": { "GEOID": "55079186900", "county": "Census Tract 1869" }, "geometry": { "type": "Polygon", "coordinates": [ [ [ -87.8994, 43.0431 ], [ -87.8902, 43.0534 ], [ -87.8831, 43.0556 ], [ -87.8783, 43.06 ], [ -87.8774, 43.0576 ], [ -87.8873, 43.0531 ], [ -87.8994, 43.0431 ] ] ] } },
{ "type": "Feature", "properties": { "GEOID": "55079000301", "county": "Census Tract 3.01" }, "geometry": { "type": "Polygon", "coordinates": [ [ [ -88.0656, 43.1245 ], [ -88.0644, 43.148 ], [ -88.0589, 43.148 ], [ -88.0549, 43.147 ], [ -88.0569, 43.1246 ], [ -88.0656, 43.1245 ] ] ] } },
{ "type": "Feature", "properties": { "GEOID": "55079187400", "county": "Census Tract 1874" }, "geometry": { "type": "Polygon", "coordinates": [ [ [ -87.9188, 43.0347 ], [ -87.9103, 43.0347 ], [ -87.9102, 43.0386 ], [ -87.8983, 43.0404 ], [ -87.9006, 43.033 ], [ -87.8989, 43.0251 ], [ -87.9024, 43.0251 ], [ -87.905, 43.028 ], [ -87.9174, 43.0267 ], [ -87.9188, 43.0347 ] ] ] } },
{ "type": "Feature", "properties": { "GEOID": "55139003704", "county": "Census Tract 37.04" }, "geometry": { "type": "Polygon", "coordinates": [ [ [ -88.5209, 44.1124 ], [ -88.4989, 44.1271 ], [ -88.4879, 44.1474 ], [ -88.486, 44.1561 ], [ -88.4045, 44.1553 ], [ -88.4044, 44.1055 ], [ -88.4829, 44.1071 ], [ -88.4933, 44.1054 ], [ -88.4838, 44.1127 ], [ -88.5209, 44.1124 ] ] ] } },
{ "type": "Feature", "properties": { "GEOID": "55005001003", "county": "Census Tract 10.03" }, "geometry": { "type": "Polygon", "coordinates": [ [ [ -91.6848, 45.3361 ], [ -91.6845, 45.3578 ], [ -91.6642, 45.3581 ], [ -91.6642, 45.3508 ], [ -91.6532, 45.3506 ], [ -91.6457, 45.3536 ], [ -91.6295, 45.3434 ], [ -91.6212, 45.3335 ], [ -91.6257, 45.3307 ], [ -91.6295, 45.3333 ], [ -91.627, 45.3263 ], [ -91.6336, 45.3252 ], [ -91.6402, 45.3198 ], [ -91.6435, 45.3215 ], [ -91.6421, 45.325 ], [ -91.6485, 45.326 ], [ -91.6496, 45.3172 ], [ -91.659, 45.3181 ], [ -91.663, 45.3218 ], [ -91.6669, 45.3218 ], [ -91.6697, 45.3146 ], [ -91.6768, 45.3145 ], [ -91.6824, 45.3315 ], [ -91.6875, 45.3361 ], [ -91.6848, 45.3361 ] ] ] } },
{ "type": "Feature", "properties": { "GEOID": "55113100501", "county": "Census Tract 1005.01" }, "geometry": { "type": "Polygon", "coordinates": [ [ [ -91.3271, 46.0416 ], [ -91.3227, 46.0448 ], [ -91.3122, 46.062 ], [ -91.3014, 46.0703 ], [ -91.3017, 46.1567 ], [ -91.2384, 46.1579 ], [ -91.1252, 46.1554 ], [ -90.9246, 46.1546 ], [ -90.9263, 45.9954 ], [ -90.923, 45.972 ], [ -90.9281, 45.9681 ], [ -90.9357, 45.9732 ], [ -90.9425, 45.9744 ], [ -90.9444, 45.9776 ], [ -90.9625, 45.9646 ], [ -90.9801, 45.9624 ], [ -90.981, 45.9704 ], [ -90.9925, 45.977 ], [ -91.001, 45.9699 ], [ -91.0075, 45.9699 ], [ -91.0136, 45.9657 ], [ -91.0309, 45.9622 ], [ -91.036, 45.9623 ], [ -91.0415, 45.9654 ], [ -91.0551, 45.9657 ], [ -91.063, 45.9599 ], [ -91.0712, 45.9616 ], [ -91.0738, 45.9643 ], [ -91.0826, 45.9653 ], [ -91.0861, 45.9698 ], [ -91.092, 45.9688 ], [ -91.094, 45.9691 ], [ -91.0911, 45.9693 ], [ -91.0909, 45.9814 ], [ -91.1013, 45.9814 ], [ -91.1013, 45.9738 ], [ -91.1141, 45.9813 ], [ -91.1219, 45.9812 ], [ -91.1217, 45.9756 ], [ -91.1321, 45.9757 ], [ -91.132, 45.97 ], [ -91.1261, 45.9667 ], [ -91.1318, 45.9667 ], [ -91.132, 45.9631 ], [ -91.137, 45.963 ], [ -91.138, 45.9419 ], [ -91.143, 45.9419 ], [ -91.1429, 45.9456 ], [ -91.148, 45.9458 ], [ -91.148, 45.9417 ], [ -91.1526, 45.9417 ], [ -91.1527, 45.949 ], [ -91.1629, 45.9491 ], [ -91.1629, 45.9346 ], [ -91.1525, 45.9346 ], [ -91.1526, 45.9201 ], [ -91.1728, 45.9202 ], [ -91.1727, 45.9061 ], [ -91.1829, 45.9058 ], [ -91.1831, 45.9022 ], [ -91.1883, 45.9021 ], [ -91.1883, 45.8986 ], [ -91.1935, 45.8986 ], [ -91.1937, 45.9202 ], [ -91.2247, 45.9202 ], [ -91.2248, 45.9117 ], [ -91.2301, 45.914 ], [ -91.2453, 45.9115 ], [ -91.2467, 45.9145 ], [ -91.2581, 45.9156 ], [ -91.2474, 45.9229 ], [ -91.2502, 45.9235 ], [ -91.25, 45.9314 ], [ -91.2646, 45.9395 ], [ -91.2576, 45.9421 ], [ -91.258, 45.9458 ], [ -91.254, 45.9479 ], [ -91.2665, 45.9513 ], [ -91.2577, 45.9521 ], [ -91.2484, 45.9463 ], [ -91.2406, 45.9461 ], [ -91.243, 45.9429 ], [ -91.2392, 45.9421 ], [ -91.2352, 45.9513 ], [ -91.2386, 45.9533 ], [ -91.2357, 45.954 ], [ -91.2353, 45.9566 ], [ -91.2348, 45.982 ], [ -91.2399, 45.9839 ], [ -91.2477, 45.9821 ], [ -91.2692, 45.9823 ], [ -91.2821, 45.9933 ], [ -91.2823, 46.0193 ], [ -91.2775, 46.0205 ], [ -91.2764, 46.0246 ], [ -91.274, 46.025 ], [ -91.2712, 46.0329 ], [ -91.2733, 46.0334 ], [ -91.274, 46.0413 ], [ -91.3271, 46.0416 ] ] ] } },
{ "type": "Feature", "properties": { "GEOID": "55073001105", "county": "Census Tract 11.05" }, "geometry": { "type": "Polygon", "coordinates": [ [ [ -89.612, 45.0034 ], [ -89.6108, 45.0323 ], [ -89.4922, 45.0323 ], [ -89.4918, 44.9457 ], [ -89.5213, 44.9455 ], [ -89.5233, 44.9422 ], [ -89.5356, 44.9372 ], [ -89.5356, 44.9353 ], [ -89.545, 44.9322 ], [ -89.55, 44.9345 ], [ -89.556, 44.9276 ], [ -89.566, 44.9284 ], [ -89.5661, 44.9259 ], [ -89.5771, 44.9277 ], [ -89.5761, 44.9246 ], [ -89.5877, 44.9244 ], [ -89.5947, 44.9294 ], [ -89.601, 44.9296 ], [ -89.6019, 44.9347 ], [ -89.5933, 44.9403 ], [ -89.5932, 44.9526 ], [ -89.5731, 44.9526 ], [ -89.5734, 44.9636 ], [ -89.5935, 44.9634 ], [ -89.5939, 44.9775 ], [ -89.5841, 44.9844 ], [ -89.5758, 44.9862 ], [ -89.5669, 44.9919 ], [ -89.558, 44.9935 ], [ -89.5517, 45.0023 ], [ -89.612, 45.0034 ] ] ] } },
{ "type": "Feature", "properties": { "GEOID": "55025011407", "county": "Census Tract 114.07" }, "geometry": { "type": "Polygon", "coordinates": [ [ [ -89.2835, 43.0845 ], [ -89.2569, 43.0853 ], [ -89.247, 43.0881 ], [ -89.2471, 43.0208 ], [ -89.2767, 43.0416 ], [ -89.2773, 43.0633 ], [ -89.2835, 43.0845 ] ] ] } },
{ "type": "Feature", "properties": { "GEOID": "55025013201", "county": "Census Tract 132.01" }, "geometry": { "type": "Polygon", "coordinates": [ [ [ -89.6008, 43.2931 ], [ -89.3632, 43.294 ], [ -89.3629, 43.2652 ], [ -89.3677, 43.2646 ], [ -89.3679, 43.2576 ], [ -89.3719, 43.2546 ], [ -89.3725, 43.2503 ], [ -89.3681, 43.2506 ], [ -89.3629, 43.2418 ], [ -89.362, 43.2068 ], [ -89.4217, 43.2066 ], [ -89.4217, 43.2212 ], [ -89.4813, 43.2212 ], [ -89.4815, 43.2067 ], [ -89.6005, 43.2059 ], [ -89.6008, 43.2931 ] ] ] } },
{ "type": "Feature", "properties": { "GEOID": "55025001901", "county": "Census Tract 19.01" }, "geometry": { "type": "Polygon", "coordinates": [ [ [ -89.3787, 43.0785 ], [ -89.3619, 43.0903 ], [ -89.3537, 43.0855 ], [ -89.375, 43.0753 ], [ -89.3787, 43.0785 ] ] ] } },
{ "type": "Feature", "properties": { "GEOID": "55035001402", "county": "Census Tract 14.02" }, "geometry": { "type": "Polygon", "coordinates": [ [ [ -91.5285, 44.8187 ], [ -91.5285, 44.8349 ], [ -91.5241, 44.8328 ], [ -91.5245, 44.8379 ], [ -91.512, 44.8323 ], [ -91.5069, 44.8158 ], [ -91.5182, 44.8181 ], [ -91.524, 44.8136 ], [ -91.5243, 44.819 ], [ -91.5285, 44.8187 ] ] ] } },
{ "type": "Feature", "properties": { "GEOID": "55085970103", "county": "Census Tract 9701.03" }, "geometry": { "type": "Polygon", "coordinates": [ [ [ -89.4484, 45.5697 ], [ -89.4296, 45.57 ], [ -89.4202, 45.5661 ], [ -89.4032, 45.5678 ], [ -89.3972, 45.5716 ], [ -89.3976, 45.5824 ], [ -89.3931, 45.5883 ], [ -89.396, 45.5929 ], [ -89.3848, 45.5913 ], [ -89.3655, 45.5833 ], [ -89.359, 45.5836 ], [ -89.3553, 45.58 ], [ -89.3559, 45.584 ], [ -89.3509, 45.5866 ], [ -89.357, 45.59 ], [ -89.3535, 45.5901 ], [ -89.3478, 45.585 ], [ -89.3426, 45.5868 ], [ -89.3347, 45.5826 ], [ -89.3233, 45.5867 ], [ -89.3258, 45.5913 ], [ -89.322, 45.5901 ], [ -89.3154, 45.5929 ], [ -89.3173, 45.5945 ], [ -89.3121, 45.5954 ], [ -89.312, 45.5986 ], [ -89.3095, 45.5933 ], [ -89.3031, 45.5925 ], [ -89.3028, 45.5972 ], [ -89.2947, 45.5968 ], [ -89.3006, 45.5998 ], [ -89.2819, 45.6026 ], [ -89.2701, 45.5994 ], [ -89.2693, 45.5951 ], [ -89.2608, 45.5945 ], [ -89.2595, 45.5887 ], [ -89.2413, 45.5885 ], [ -89.235, 45.5843 ], [ -89.2097, 45.5819 ], [ -89.1771, 45.5756 ], [ -89.1661, 45.5748 ], [ -89.1551, 45.5772 ], [ -89.1425, 45.5751 ], [ -89.0466, 45.5719 ], [ -89.0465, 45.4644 ], [ -89.1251, 45.4674 ], [ -89.3443, 45.47 ], [ -89.4248, 45.4672 ], [ -89.4283, 45.5553 ], [ -89.4486, 45.5555 ], [ -89.4484, 45.5697 ] ] ] } },
{ "type": "Feature", "properties": { "GEOID": "55129950501", "county": "Census Tract 9505.01" }, "geometry": { "type": "Polygon", "coordinates": [ [ [ -91.9178, 45.8434 ], [ -91.8875, 45.8435 ], [ -91.8879, 45.8579 ], [ -91.848, 45.8593 ], [ -91.8456, 45.8578 ], [ -91.7635, 45.8565 ], [ -91.7637, 45.8138 ], [ -91.8423, 45.8137 ], [ -91.8698, 45.8217 ], [ -91.8876, 45.8219 ], [ -91.8928, 45.8236 ], [ -91.8986, 45.8217 ], [ -91.9184, 45.8218 ], [ -91.9178, 45.8434 ] ] ] } },
{ "type": "Feature", "properties": { "GEOID": "55073000900", "county": "Census Tract 9" }, "geometry": { "type": "Polygon", "coordinates": [ [ [ -89.6409, 44.9118 ], [ -89.6328, 44.9187 ], [ -89.6191, 44.919 ], [ -89.6194, 44.925 ], [ -89.6143, 44.9294 ], [ -89.6175, 44.9307 ], [ -89.6009, 44.9308 ], [ -89.6037, 44.915 ], [ -89.5926, 44.9164 ], [ -89.5926, 44.9128 ], [ -89.5996, 44.9128 ], [ -89.5996, 44.9091 ], [ -89.6087, 44.909 ], [ -89.6079, 44.9018 ], [ -89.6291, 44.9018 ], [ -89.629, 44.9034 ], [ -89.64, 44.9041 ], [ -89.6409, 44.9118 ] ] ] } },
{ "type": "Feature", "properties": { "GEOID": "55073000700", "county": "Census Tract 7" }, "geometry": { "type": "Polygon", "coordinates": [ [ [ -89.6366, 44.9569 ], [ -89.6326, 44.9609 ], [ -89.6308, 44.9574 ], [ -89.6181, 44.9567 ], [ -89.6178, 44.9631 ], [ -89.5734, 44.9636 ], [ -89.5731, 44.9526 ], [ -89.5932, 44.9526 ], [ -89.5933, 44.9403 ], [ -89.6019, 44.9347 ], [ -89.6139, 44.9424 ], [ -89.6197, 44.9432 ], [ -89.6309, 44.9402 ], [ -89.6224, 44.9435 ], [ -89.6237, 44.9489 ], [ -89.6317, 44.9498 ], [ -89.6366, 44.9569 ] ] ] } },
{ "type": "Feature", "properties": { "GEOID": "55079004300", "county": "Census Tract 43" }, "geometry": { "type": "Polygon", "coordinates": [ [ [ -87.9464, 43.104 ], [ -87.927, 43.0978 ], [ -87.9251, 43.0946 ], [ -87.9171, 43.0953 ], [ -87.919, 43.0948 ], [ -87.9172, 43.0893 ], [ -87.9388, 43.0896 ], [ -87.9464, 43.104 ] ] ] } },
{ "type": "Feature", "properties": { "GEOID": "55079004900", "county": "Census Tract 49" }, "geometry": { "type": "Polygon", "coordinates": [ [ [ -87.9772, 43.0826 ], [ -87.9672, 43.0825 ], [ -87.9674, 43.0715 ], [ -87.9774, 43.0716 ], [ -87.9772, 43.0826 ] ] ] } },
{ "type": "Feature", "properties": { "GEOID": "55079100500", "county": "Census Tract 1005" }, "geometry": { "type": "Polygon", "coordinates": [ [ [ -88.0367, 43.01 ], [ -88.0363, 43.0164 ], [ -88.0171, 43.0166 ], [ -88.0171, 43.0101 ], [ -88.0367, 43.01 ] ] ] } },
{ "type": "Feature", "properties": { "GEOID": "55079014900", "county": "Census Tract 149" }, "geometry": { "type": "Polygon", "coordinates": [ [ [ -87.9504, 43.0348 ], [ -87.9504, 43.0387 ], [ -87.9379, 43.0387 ], [ -87.9379, 43.0361 ], [ -87.9504, 43.0348 ] ] ] } },
{ "type": "Feature", "properties": { "GEOID": "55079090300", "county": "Census Tract 903" }, "geometry": { "type": "Polygon", "coordinates": [ [ [ -88.0668, 43.0599 ], [ -88.0666, 43.0745 ], [ -88.0356, 43.0748 ], [ -88.0384, 43.0676 ], [ -88.0349, 43.0604 ], [ -88.0668, 43.0599 ] ] ] } },
{ "type": "Feature", "properties": { "GEOID": "55079007100", "county": "Census Tract 71" }, "geometry": { "type": "Polygon", "coordinates": [ [ [ -87.9053, 43.0711 ], [ -87.9052, 43.0766 ], [ -87.8977, 43.0765 ], [ -87.8978, 43.0711 ], [ -87.9053, 43.0711 ] ] ] } },
{ "type": "Feature", "properties": { "GEOID": "55079120203", "county": "Census Tract 1202.03" }, "geometry": { "type": "Polygon", "coordinates": [ [ [ -88.0282, 42.9522 ], [ -88.028, 42.9619 ], [ -88.0083, 42.9619 ], [ -88.0083, 42.9592 ], [ -87.9984, 42.9593 ], [ -87.9983, 42.9626 ], [ -87.9884, 42.9624 ], [ -87.9886, 42.9521 ], [ -88.0098, 42.9504 ], [ -88.0089, 42.9529 ], [ -88.0127, 42.9529 ], [ -88.0113, 42.9551 ], [ -88.0282, 42.9522 ] ] ] } },
{ "type": "Feature", "properties": { "GEOID": "55079008500", "county": "Census Tract 85" }, "geometry": { "type": "Polygon", "coordinates": [ [ [ -87.9326, 43.0641 ], [ -87.9332, 43.0714 ], [ -87.9268, 43.0712 ], [ -87.9269, 43.064 ], [ -87.9326, 43.0641 ] ] ] } },
{ "type": "Feature", "properties": { "GEOID": "55079100200", "county": "Census Tract 1002" }, "geometry": { "type": "Polygon", "coordinates": [ [ [ -88.0003, 43.0103 ], [ -88.0, 43.0242 ], [ -87.9865, 43.024 ], [ -87.9875, 43.0209 ], [ -87.9899, 43.0209 ], [ -87.99, 43.0102 ], [ -87.9764, 43.0102 ], [ -87.9776, 43.0037 ], [ -88.0003, 43.0103 ] ] ] } },
{ "type": "Feature", "properties": { "GEOID": "55079005800", "county": "Census Tract 58" }, "geometry": { "type": "Polygon", "coordinates": [ [ [ -88.0074, 43.0695 ], [ -88.0074, 43.0779 ], [ -87.9915, 43.0746 ], [ -87.9935, 43.068 ], [ -88.0074, 43.0695 ] ] ] } },
{ "type": "Feature", "properties": { "GEOID": "55079006000", "county": "Census Tract 60" }, "geometry": { "type": "Polygon", "coordinates": [ [ [ -87.9787, 43.0643 ], [ -87.9786, 43.0716 ], [ -87.9724, 43.0716 ], [ -87.9725, 43.0643 ], [ -87.9787, 43.0643 ] ] ] } },
{ "type": "Feature", "properties": { "GEOID": "55019950200", "county": "Census Tract 9502" }, "geometry": { "type": "Polygon", "coordinates": [ [ [ -90.664, 44.9669 ], [ -90.6607, 44.99 ], [ -90.6577, 44.9939 ], [ -90.6498, 44.9921 ], [ -90.6521, 45.0063 ], [ -90.6437, 45.0246 ], [ -90.6405, 45.0256 ], [ -90.6431, 45.0313 ], [ -90.4338, 45.031 ], [ -90.4341, 44.9586 ], [ -90.423, 44.9587 ], [ -90.4219, 44.9442 ], [ -90.3711, 44.9448 ], [ -90.3676, 44.9424 ], [ -90.3604, 44.9344 ], [ -90.3608, 44.9304 ], [ -90.3551, 44.9254 ], [ -90.3539, 44.9204 ], [ -90.3401, 44.9143 ], [ -90.3372, 44.9082 ], [ -90.3332, 44.9067 ], [ -90.3352, 44.9048 ], [ -90.3354, 44.8877 ], [ -90.4345, 44.8862 ], [ -90.4345, 44.8949 ], [ -90.4534, 44.893 ], [ -90.4687, 44.8859 ], [ -90.6426, 44.8858 ], [ -90.6467, 44.8885 ], [ -90.6431, 44.8952 ], [ -90.6473, 44.9111 ], [ -90.6464, 44.9187 ], [ -90.6414, 44.9193 ], [ -90.6443, 44.9224 ], [ -90.6427, 44.9299 ], [ -90.648, 44.9345 ], [ -90.6417, 44.9443 ], [ -90.6426, 44.9513 ], [ -90.6393, 44.953 ], [ -90.6406, 44.9559 ], [ -90.6603, 44.9627 ], [ -90.6611, 44.9669 ], [ -90.664, 44.9669 ] ] ] } },
{ "type": "Feature", "properties": { "GEOID": "55079011100", "county": "Census Tract 111" }, "geometry": { "type": "Polygon", "coordinates": [ [ [ -87.9035, 43.0457 ], [ -87.9033, 43.053 ], [ -87.8995, 43.053 ], [ -87.8997, 43.0457 ], [ -87.9035, 43.0457 ] ] ] } },
{ "type": "Feature", "properties": { "GEOID": "55079018700", "county": "Census Tract 187" }, "geometry": { "type": "Polygon", "coordinates": [ [ [ -87.9338, 42.992 ], [ -87.9335, 42.9993 ], [ -87.9261, 42.9992 ], [ -87.9263, 42.9919 ], [ -87.9338, 42.992 ] ] ] } },
{ "type": "Feature", "properties": { "GEOID": "55079018800", "county": "Census Tract 188" }, "geometry": { "type": "Polygon", "coordinates": [ [ [ -87.9482, 42.9959 ], [ -87.9482, 43.0008 ], [ -87.9445, 43.0031 ], [ -87.9334, 43.0029 ], [ -87.9336, 42.9956 ], [ -87.9482, 42.9959 ] ] ] } },
{ "type": "Feature", "properties": { "GEOID": "55007960600", "county": "Census Tract 9606" }, "geometry": { "type": "Polygon", "coordinates": [ [ [ -91.5513, 46.157 ], [ -91.5513, 46.3527 ], [ -91.4995, 46.3522 ], [ -91.4895, 46.3558 ], [ -91.4896, 46.3593 ], [ -91.4656, 46.3592 ], [ -91.4597, 46.3545 ], [ -91.4544, 46.3588 ], [ -91.4433, 46.3596 ], [ -91.427, 46.3582 ], [ -91.427, 46.3405 ], [ -91.36, 46.3387 ], [ -91.3349, 46.3412 ], [ -91.3215, 46.3378 ], [ -91.2939, 46.3367 ], [ -91.265, 46.3302 ], [ -91.2502, 46.3327 ], [ -91.2284, 46.3442 ], [ -91.2021, 46.3439 ], [ -91.2024, 46.3331 ], [ -91.199, 46.3291 ], [ -91.1991, 46.3226 ], [ -91.2046, 46.3179 ], [ -91.2066, 46.3112 ], [ -91.1962, 46.3071 ], [ -91.1881, 46.3073 ], [ -91.1821, 46.3004 ], [ -91.176, 46.3013 ], [ -91.1598, 46.2964 ], [ -91.1425, 46.3028 ], [ -91.1381, 46.2991 ], [ -91.1337, 46.299 ], [ -91.1282, 46.3029 ], [ -91.1149, 46.3045 ], [ -91.106, 46.3086 ], [ -91.0898, 46.3087 ], [ -91.0729, 46.3003 ], [ -91.0615, 46.2969 ], [ -91.0499, 46.2969 ], [ -91.0481, 46.2859 ], [ -91.0323, 46.2828 ], [ -91.0288, 46.2829 ], [ -91.0152, 46.2958 ], [ -91.0161, 46.3001 ], [ -91.011, 46.3034 ], [ -91.0073, 46.3219 ], [ -91.0023, 46.3202 ], [ -90.9963, 46.3211 ], [ -90.981, 46.3303 ], [ -90.9749, 46.338 ], [ -90.9589, 46.3426 ], [ -90.9561, 46.3455 ], [ -90.9489, 46.3449 ], [ -90.9309, 46.3529 ], [ -90.9243, 46.3516 ], [ -90.925, 46.3064 ], [ -90.9283, 46.2844 ], [ -90.9245, 46.2579 ], [ -90.9246, 46.1546 ], [ -91.1252, 46.1554 ], [ -91.2384, 46.1579 ], [ -91.5513, 46.157 ] ] ] } },
{ "type": "Feature", "properties": { "GEOID": "55003950600", "county": "Census Tract 9506" }, "geometry": { "type": "Polygon", "coordinates": [ [ [ -90.9247, 46.1459 ], [ -90.9248, 46.2435 ], [ -90.918, 46.2411 ], [ -90.9086, 46.2414 ], [ -90.9025, 46.2466 ], [ -90.8792, 46.2505 ], [ -90.8665, 46.2578 ], [ -90.8583, 46.2566 ], [ -90.842, 46.2587 ], [ -90.8368, 46.2773 ], [ -90.8278, 46.2827 ], [ -90.8221, 46.2918 ], [ -90.8126, 46.2947 ], [ -90.807, 46.3154 ], [ -90.7983, 46.3206 ], [ -90.7907, 46.3218 ], [ -90.7836, 46.3203 ], [ -90.7773, 46.3224 ], [ -90.7774, 46.3495 ], [ -90.7369, 46.3494 ], [ -90.7358, 46.3572 ], [ -90.7156, 46.3566 ], [ -90.7152, 46.3423 ], [ -90.6739, 46.3422 ], [ -90.6742, 46.3673 ], [ -90.6596, 46.3713 ], [ -90.6501, 46.3662 ], [ -90.6447, 46.3725 ], [ -90.6407, 46.3723 ], [ -90.6365, 46.3752 ], [ -90.6308, 46.3713 ], [ -90.614, 46.3728 ], [ -90.6059, 46.3781 ], [ -90.6017, 46.3843 ], [ -90.5908, 46.3848 ], [ -90.59, 46.3947 ], [ -90.5578, 46.4102 ], [ -90.558, 46.414 ], [ -90.5488, 46.414 ], [ -90.552, 46.2623 ], [ -90.5633, 46.2593 ], [ -90.5704, 46.249 ], [ -90.5836, 46.2369 ], [ -90.5827, 46.2307 ], [ -90.5861, 46.2249 ], [ -90.5832, 46.2148 ], [ -90.6048, 46.2105 ], [ -90.5916, 46.196 ], [ -90.5938, 46.1907 ], [ -90.5917, 46.1519 ], [ -90.6084, 46.1518 ], [ -90.6227, 46.1575 ], [ -90.6313, 46.1543 ], [ -90.8501, 46.1545 ], [ -90.865, 46.1522 ], [ -90.8839, 46.1593 ], [ -90.8928, 46.1598 ], [ -90.9063, 46.1646 ], [ -90.911, 46.1626 ], [ -90.9159, 46.153 ], [ -90.9247, 46.1459 ] ] ] } },
{ "type": "Feature", "properties": { "GEOID": "55079186600", "county": "Census Tract 1866" }, "geometry": { "type": "Polygon", "coordinates": [ [ [ -87.9169, 42.9952 ], [ -87.9187, 43.0065 ], [ -87.9071, 43.0065 ], [ -87.9055, 43.0045 ], [ -87.909, 43.0029 ], [ -87.9111, 42.9942 ], [ -87.9125, 42.9969 ], [ -87.9169, 42.9952 ] ] ] } },
{ "type": "Feature", "properties": { "GEOID": "55079017600", "county": "Census Tract 176" }, "geometry": { "type": "Polygon", "coordinates": [ [ [ -87.9261, 42.9992 ], [ -87.9257, 43.0064 ], [ -87.9187, 43.0065 ], [ -87.9188, 42.9992 ], [ -87.9261, 42.9992 ] ] ] } },
{ "type": "Feature", "properties": { "GEOID": "55079002800", "county": "Census Tract 28" }, "geometry": { "type": "Polygon", "coordinates": [ [ [ -87.9765, 43.1046 ], [ -87.9763, 43.112 ], [ -87.9664, 43.112 ], [ -87.9665, 43.1046 ], [ -87.9765, 43.1046 ] ] ] } },
{ "type": "Feature", "properties": { "GEOID": "55081950900", "county": "Census Tract 9509" }, "geometry": { "type": "Polygon", "coordinates": [ [ [ -90.9107, 43.7253 ], [ -90.9105, 43.9269 ], [ -90.8607, 43.9335 ], [ -90.8599, 43.9188 ], [ -90.8505, 43.9196 ], [ -90.8498, 43.9142 ], [ -90.8473, 43.9137 ], [ -90.8256, 43.9136 ], [ -90.8215, 43.9206 ], [ -90.8037, 43.9237 ], [ -90.7798, 43.933 ], [ -90.7496, 43.9023 ], [ -90.7409, 43.8871 ], [ -90.7308, 43.8775 ], [ -90.7181, 43.872 ], [ -90.6981, 43.8709 ], [ -90.6804, 43.8631 ], [ -90.6748, 43.8525 ], [ -90.6764, 43.8328 ], [ -90.6786, 43.8308 ], [ -90.6761, 43.8278 ], [ -90.6762, 43.8201 ], [ -90.6813, 43.8201 ], [ -90.6836, 43.8003 ], [ -90.6755, 43.795 ], [ -90.6759, 43.7846 ], [ -90.6713, 43.7841 ], [ -90.6656, 43.7733 ], [ -90.6548, 43.7679 ], [ -90.6497, 43.7626 ], [ -90.6491, 43.7529 ], [ -90.6529, 43.7461 ], [ -90.6626, 43.743 ], [ -90.6626, 43.7275 ], [ -90.9107, 43.7253 ] ] ] } },
{ "type": "Feature", "properties": { "GEOID": "55083100900", "county": "Census Tract 1009" }, "geometry": { "type": "Polygon", "coordinates": [ [ [ -88.0163, 44.9507 ], [ -87.9974, 44.9506 ], [ -87.9962, 44.9754 ], [ -87.9866, 44.9756 ], [ -87.9841, 44.9937 ], [ -87.8833, 44.993 ], [ -87.8834, 44.9905 ], [ -87.7601, 44.9905 ], [ -87.7624, 44.9666 ], [ -87.7752, 44.9649 ], [ -87.813, 44.954 ], [ -87.8215, 44.9496 ], [ -87.832, 44.9359 ], [ -87.8393, 44.9328 ], [ -87.8443, 44.9185 ], [ -87.8396, 44.9056 ], [ -87.831, 44.8937 ], [ -87.8537, 44.8833 ], [ -87.8697, 44.8859 ], [ -87.8697, 44.8882 ], [ -87.88, 44.8917 ], [ -87.8782, 44.8955 ], [ -87.8851, 44.8956 ], [ -87.8854, 44.9354 ], [ -88.0167, 44.9363 ], [ -88.0163, 44.9507 ] ] ] } },
{ "type": "Feature", "properties": { "GEOID": "55085971500", "county": "Census Tract 9715" }, "geometry": { "type": "Polygon", "coordinates": [ [ [ -89.4508, 45.645 ], [ -89.4321, 45.6465 ], [ -89.4313, 45.6523 ], [ -89.4224, 45.6492 ], [ -89.4119, 45.6573 ], [ -89.4029, 45.6592 ], [ -89.4033, 45.661 ], [ -89.3937, 45.6686 ], [ -89.3839, 45.6711 ], [ -89.3739, 45.6782 ], [ -89.3753, 45.662 ], [ -89.3613, 45.6626 ], [ -89.3352, 45.6701 ], [ -89.3133, 45.6733 ], [ -89.3218, 45.6675 ], [ -89.3286, 45.6517 ], [ -89.3659, 45.6477 ], [ -89.3769, 45.6429 ], [ -89.3841, 45.6445 ], [ -89.4016, 45.644 ], [ -89.4113, 45.6424 ], [ -89.4113, 45.639 ], [ -89.4202, 45.6413 ], [ -89.4244, 45.6406 ], [ -89.4244, 45.6374 ], [ -89.4303, 45.6348 ], [ -89.4408, 45.6335 ], [ -89.4508, 45.645 ] ] ] } },
{ "type": "Feature", "properties": { "GEOID": "55115101000", "county": "Census Tract 1010" }, "geometry": { "type": "Polygon", "coordinates": [ [ [ -88.6103, 44.7583 ], [ -88.6087, 44.7617 ], [ -88.521, 44.7609 ], [ -88.4861, 44.757 ], [ -88.4866, 44.7667 ], [ -88.3661, 44.7642 ], [ -88.3657, 44.7722 ], [ -88.354, 44.7725 ], [ -88.353, 44.7762 ], [ -88.3431, 44.7764 ], [ -88.3435, 44.7727 ], [ -88.3333, 44.7729 ], [ -88.3337, 44.7656 ], [ -88.2524, 44.7668 ], [ -88.2453, 44.7159 ], [ -88.3274, 44.7171 ], [ -88.3278, 44.7192 ], [ -88.3338, 44.7149 ], [ -88.3439, 44.7129 ], [ -88.3575, 44.7158 ], [ -88.3578, 44.714 ], [ -88.3635, 44.7134 ], [ -88.3631, 44.6962 ], [ -88.3832, 44.6969 ], [ -88.383, 44.6897 ], [ -88.4238, 44.6906 ], [ -88.4237, 44.6763 ], [ -88.4436, 44.6767 ], [ -88.4438, 44.6911 ], [ -88.4842, 44.6919 ], [ -88.4848, 44.7099 ], [ -88.5254, 44.7101 ], [ -88.5302, 44.7067 ], [ -88.5302, 44.7034 ], [ -88.5351, 44.7031 ], [ -88.5407, 44.6995 ], [ -88.5707, 44.6999 ], [ -88.5707, 44.6963 ], [ -88.5789, 44.6963 ], [ -88.578, 44.7017 ], [ -88.5847, 44.7116 ], [ -88.5835, 44.7197 ], [ -88.5731, 44.7289 ], [ -88.5651, 44.7288 ], [ -88.5697, 44.7359 ], [ -88.5687, 44.7392 ], [ -88.5811, 44.7425 ], [ -88.5873, 44.7479 ], [ -88.6044, 44.7536 ], [ -88.6103, 44.7583 ] ] ] } },
{ "type": "Feature", "properties": { "GEOID": "55013970900", "county": "Census Tract 9709" }, "geometry": { "type": "Polygon", "coordinates": [ [ [ -92.7846, 45.7642 ], [ -92.7765, 45.79 ], [ -92.7578, 45.8066 ], [ -92.7652, 45.8302 ], [ -92.74, 45.8463 ], [ -92.734, 45.8681 ], [ -92.7125, 45.8917 ], [ -92.6766, 45.9064 ], [ -92.6762, 45.9121 ], [ -92.6595, 45.9229 ], [ -92.6391, 45.9245 ], [ -92.6388, 45.9342 ], [ -92.6293, 45.9324 ], [ -92.6227, 45.9352 ], [ -92.6143, 45.9345 ], [ -92.6025, 45.9408 ], [ -92.5901, 45.9418 ], [ -92.5749, 45.9481 ], [ -92.5613, 45.951 ], [ -92.5522, 45.9516 ], [ -92.553, 45.9482 ], [ -92.5436, 45.949 ], [ -92.5434, 45.9472 ], [ -92.5387, 45.9468 ], [ -92.5301, 45.9376 ], [ -92.5264, 45.9373 ], [ -92.5317, 45.9312 ], [ -92.5276, 45.9294 ], [ -92.5275, 45.8661 ], [ -92.5101, 45.8656 ], [ -92.5186, 45.856 ], [ -92.5189, 45.8183 ], [ -92.5216, 45.8157 ], [ -92.539, 45.8152 ], [ -92.5444, 45.8119 ], [ -92.5628, 45.8116 ], [ -92.5653, 45.8082 ], [ -92.6121, 45.8087 ], [ -92.6187, 45.8059 ], [ -92.6234, 45.7947 ], [ -92.6308, 45.7944 ], [ -92.6313, 45.7294 ], [ -92.7028, 45.7296 ], [ -92.7027, 45.7442 ], [ -92.7701, 45.7443 ], [ -92.7699, 45.7588 ], [ -92.7649, 45.759 ], [ -92.7643, 45.7624 ], [ -92.7758, 45.7606 ], [ -92.7782, 45.7625 ], [ -92.7787, 45.7595 ], [ -92.7837, 45.7596 ], [ -92.7846, 45.7642 ] ] ] } },
{ "type": "Feature", "properties": { "GEOID": "55005000300", "county": "Census Tract 3" }, "geometry": { "type": "Polygon", "coordinates": [ [ [ -92.1564, 45.3742 ], [ -92.1559, 45.4894 ], [ -92.0955, 45.4863 ], [ -92.0796, 45.4743 ], [ -92.053, 45.4948 ], [ -92.0519, 45.517 ], [ -91.9736, 45.5172 ], [ -91.9711, 45.5183 ], [ -91.9707, 45.5424 ], [ -91.9501, 45.5423 ], [ -91.9502, 45.5459 ], [ -91.925, 45.546 ], [ -91.9243, 45.5424 ], [ -91.9094, 45.5424 ], [ -91.9093, 45.5314 ], [ -91.9193, 45.5315 ], [ -91.9199, 45.4377 ], [ -91.9096, 45.4375 ], [ -91.9098, 45.3942 ], [ -91.9343, 45.3944 ], [ -91.9407, 45.3926 ], [ -91.9491, 45.3966 ], [ -91.9562, 45.3946 ], [ -91.9994, 45.3949 ], [ -92.0058, 45.3966 ], [ -92.033, 45.3951 ], [ -92.033, 45.3879 ], [ -92.0536, 45.388 ], [ -92.0537, 45.3742 ], [ -92.0946, 45.3742 ], [ -92.0946, 45.367 ], [ -92.146, 45.3672 ], [ -92.1457, 45.3743 ], [ -92.1564, 45.3742 ] ] ] } },
{ "type": "Feature", "properties": { "GEOID": "55005001001", "county": "Census Tract 10.01" }, "geometry": { "type": "Polygon", "coordinates": [ [ [ -91.7886, 45.2586 ], [ -91.7869, 45.3937 ], [ -91.7576, 45.3953 ], [ -91.7544, 45.3876 ], [ -91.7463, 45.3795 ], [ -91.7078, 45.3611 ], [ -91.6986, 45.3447 ], [ -91.6824, 45.3315 ], [ -91.6768, 45.3145 ], [ -91.6495, 45.2984 ], [ -91.6407, 45.2863 ], [ -91.5926, 45.2391 ], [ -91.5783, 45.2176 ], [ -91.5745, 45.207 ], [ -91.7683, 45.2083 ], [ -91.7683, 45.2119 ], [ -91.7632, 45.2119 ], [ -91.7625, 45.2409 ], [ -91.7676, 45.2409 ], [ -91.7691, 45.2445 ], [ -91.778, 45.2444 ], [ -91.7776, 45.2589 ], [ -91.7886, 45.2586 ] ] ] } },
{ "type": "Feature", "properties": { "GEOID": "55025010600", "county": "Census Tract 106" }, "geometry": { "type": "Polygon", "coordinates": [ [ [ -89.3863, 42.9932 ], [ -89.3815, 43.0179 ], [ -89.3829, 43.0258 ], [ -89.3746, 43.0288 ], [ -89.3648, 43.0285 ], [ -89.3649, 43.0255 ], [ -89.3524, 43.0256 ], [ -89.3473, 43.0308 ], [ -89.3454, 43.0255 ], [ -89.3296, 43.0255 ], [ -89.3296, 43.0286 ], [ -89.3223, 43.035 ], [ -89.3074, 43.0255 ], [ -89.3043, 43.0157 ], [ -89.3083, 43.0121 ], [ -89.3073, 43.0086 ], [ -89.3021, 43.0075 ], [ -89.2997, 43.0013 ], [ -89.2953, 43.0038 ], [ -89.2904, 43.0033 ], [ -89.2853, 42.9998 ], [ -89.2854, 42.9961 ], [ -89.276, 42.9923 ], [ -89.2792, 42.9857 ], [ -89.2759, 42.9795 ], [ -89.2661, 42.9829 ], [ -89.255, 42.9824 ], [ -89.2522, 42.9801 ], [ -89.2534, 42.9823 ], [ -89.2487, 42.9814 ], [ -89.2504, 42.9323 ], [ -89.3286, 42.9316 ], [ -89.3371, 42.935 ], [ -89.3484, 42.9351 ], [ -89.3478, 42.9608 ], [ -89.3732, 42.961 ], [ -89.3722, 42.9719 ], [ -89.3866, 42.9712 ], [ -89.3863, 42.9932 ] ] ] } },
{ "type": "Feature", "properties": { "GEOID": "55085970500", "county": "Census Tract 9705" }, "geometry": { "type": "Polygon", "coordinates": [ [ [ -89.5899, 45.6451 ], [ -89.5815, 45.6487 ], [ -89.5691, 45.6487 ], [ -89.5525, 45.6475 ], [ -89.5413, 45.644 ], [ -89.478, 45.6454 ], [ -89.4585, 45.6422 ], [ -89.4508, 45.645 ], [ -89.4408, 45.6335 ], [ -89.4485, 45.6321 ], [ -89.4487, 45.6151 ], [ -89.4526, 45.6035 ], [ -89.4601, 45.6002 ], [ -89.4671, 45.6002 ], [ -89.4599, 45.595 ], [ -89.462, 45.5886 ], [ -89.4808, 45.5711 ], [ -89.4789, 45.5664 ], [ -89.4736, 45.5667 ], [ -89.4682, 45.564 ], [ -89.4737, 45.5576 ], [ -89.4794, 45.5556 ], [ -89.5691, 45.5558 ], [ -89.5692, 45.5907 ], [ -89.5559, 45.6047 ], [ -89.5586, 45.6099 ], [ -89.5534, 45.6106 ], [ -89.5542, 45.6149 ], [ -89.5626, 45.6212 ], [ -89.5751, 45.6215 ], [ -89.585, 45.6343 ], [ -89.5861, 45.6398 ], [ -89.5899, 45.6405 ], [ -89.5899, 45.6451 ] ] ] } },
{ "type": "Feature", "properties": { "GEOID": "55111000402", "county": "Census Tract 4.02" }, "geometry": { "type": "Polygon", "coordinates": [ [ [ -89.746, 43.4748 ], [ -89.6569, 43.4743 ], [ -89.6424, 43.4806 ], [ -89.6404, 43.4872 ], [ -89.6337, 43.4933 ], [ -89.6346, 43.5002 ], [ -89.632, 43.5041 ], [ -89.6112, 43.5034 ], [ -89.6004, 43.5059 ], [ -89.6009, 43.4349 ], [ -89.6056, 43.4315 ], [ -89.6153, 43.4312 ], [ -89.6163, 43.4348 ], [ -89.6306, 43.4348 ], [ -89.6306, 43.433 ], [ -89.646, 43.4307 ], [ -89.671, 43.4328 ], [ -89.6629, 43.4417 ], [ -89.6632, 43.4463 ], [ -89.6743, 43.4482 ], [ -89.6851, 43.4456 ], [ -89.7016, 43.4466 ], [ -89.7051, 43.4527 ], [ -89.7151, 43.4527 ], [ -89.715, 43.4598 ], [ -89.7207, 43.46 ], [ -89.7236, 43.4646 ], [ -89.7445, 43.4673 ], [ -89.746, 43.4748 ] ] ] } },
{ "type": "Feature", "properties": { "GEOID": "55141011100", "county": "Census Tract 111" }, "geometry": { "type": "Polygon", "coordinates": [ [ [ -89.9158, 44.4419 ], [ -89.9019, 44.4418 ], [ -89.8884, 44.4485 ], [ -89.8797, 44.449 ], [ -89.8658, 44.4382 ], [ -89.8551, 44.4381 ], [ -89.8545, 44.4959 ], [ -89.8646, 44.496 ], [ -89.8646, 44.5117 ], [ -89.7267, 44.5112 ], [ -89.7263, 44.4477 ], [ -89.7883, 44.4334 ], [ -89.7892, 44.4268 ], [ -89.8049, 44.4236 ], [ -89.803, 44.4236 ], [ -89.8112, 44.4198 ], [ -89.8261, 44.3919 ], [ -89.8299, 44.3953 ], [ -89.8612, 44.3976 ], [ -89.8771, 44.4098 ], [ -89.8977, 44.4137 ], [ -89.9158, 44.4293 ], [ -89.9158, 44.4419 ] ] ] } },
{ "type": "Feature", "properties": { "GEOID": "55025012900", "county": "Census Tract 129" }, "geometry": { "type": "Polygon", "coordinates": [ [ [ -89.7205, 43.032 ], [ -89.7197, 43.2704 ], [ -89.7133, 43.2821 ], [ -89.7205, 43.2931 ], [ -89.6008, 43.2931 ], [ -89.6006, 43.1292 ], [ -89.6097, 43.1298 ], [ -89.6193, 43.1336 ], [ -89.6203, 43.1586 ], [ -89.6308, 43.1583 ], [ -89.6406, 43.1535 ], [ -89.656, 43.1376 ], [ -89.6652, 43.1441 ], [ -89.685, 43.1435 ], [ -89.6851, 43.1228 ], [ -89.6898, 43.1197 ], [ -89.6898, 43.1121 ], [ -89.6798, 43.1118 ], [ -89.6785, 43.1063 ], [ -89.6825, 43.0941 ], [ -89.6811, 43.0971 ], [ -89.66, 43.0951 ], [ -89.6551, 43.0971 ], [ -89.6204, 43.0973 ], [ -89.601, 43.093 ], [ -89.6016, 43.0311 ], [ -89.7205, 43.032 ] ] ] } },
{ "type": "Feature", "properties": { "GEOID": "55025012002", "county": "Census Tract 120.02" }, "geometry": { "type": "Polygon", "coordinates": [ [ [ -89.2501, 42.9395 ], [ -89.247, 43.1049 ], [ -89.2396, 43.1037 ], [ -89.2324, 43.0855 ], [ -89.2107, 43.0752 ], [ -89.2078, 43.0648 ], [ -89.1838, 43.0652 ], [ -89.1792, 43.0689 ], [ -89.1656, 43.0728 ], [ -89.171, 43.0773 ], [ -89.1735, 43.0839 ], [ -89.1694, 43.0895 ], [ -89.1646, 43.0913 ], [ -89.1596, 43.1024 ], [ -89.1713, 43.1057 ], [ -89.17, 43.1088 ], [ -89.1296, 43.1086 ], [ -89.1317, 42.934 ], [ -89.1715, 42.9337 ], [ -89.1714, 42.941 ], [ -89.2501, 42.9395 ] ] ] } },
{ "type": "Feature", "properties": { "GEOID": "55025002000", "county": "Census Tract 20" }, "geometry": { "type": "Polygon", "coordinates": [ [ [ -89.3498, 43.0885 ], [ -89.351, 43.0983 ], [ -89.3387, 43.1074 ], [ -89.3237, 43.1066 ], [ -89.3286, 43.1041 ], [ -89.3327, 43.0977 ], [ -89.3307, 43.0922 ], [ -89.3327, 43.0929 ], [ -89.3343, 43.0898 ], [ -89.3498, 43.0885 ] ] ] } },
{ "type": "Feature", "properties": { "GEOID": "55025012700", "county": "Census Tract 127" }, "geometry": { "type": "Polygon", "coordinates": [ [ [ -89.8386, 42.9447 ], [ -89.838, 43.1186 ], [ -89.7196, 43.1189 ], [ -89.7205, 43.032 ], [ -89.7699, 43.0318 ], [ -89.77, 42.9963 ], [ -89.7786, 42.9828 ], [ -89.7743, 42.9809 ], [ -89.7601, 42.981 ], [ -89.7601, 42.9738 ], [ -89.7338, 42.9745 ], [ -89.7265, 42.9655 ], [ -89.724, 42.9669 ], [ -89.6954, 42.9664 ], [ -89.6896, 42.9639 ], [ -89.6743, 42.9628 ], [ -89.6767, 42.9846 ], [ -89.6914, 42.9964 ], [ -89.6916, 43.0164 ], [ -89.6961, 43.0189 ], [ -89.6962, 43.0249 ], [ -89.6885, 43.0271 ], [ -89.6825, 43.0318 ], [ -89.6016, 43.0311 ], [ -89.6029, 42.9444 ], [ -89.8386, 42.9447 ] ] ] } },
{ "type": "Feature", "properties": { "GEOID": "55053960500", "county": "Census Tract 9605" }, "geometry": { "type": "Polygon", "coordinates": [ [ [ -90.9025, 44.2988 ], [ -90.8973, 44.3062 ], [ -90.8967, 44.3208 ], [ -90.8819, 44.3214 ], [ -90.8772, 44.3184 ], [ -90.8423, 44.3092 ], [ -90.8356, 44.3227 ], [ -90.8341, 44.3231 ], [ -90.836, 44.3195 ], [ -90.8348, 44.3135 ], [ -90.833, 44.3224 ], [ -90.8189, 44.3262 ], [ -90.8108, 44.306 ], [ -90.823, 44.2959 ], [ -90.8087, 44.2819 ], [ -90.8197, 44.2832 ], [ -90.8347, 44.2886 ], [ -90.8401, 44.2879 ], [ -90.8422, 44.2917 ], [ -90.8441, 44.2574 ], [ -90.8453, 44.2601 ], [ -90.8509, 44.2602 ], [ -90.8597, 44.2678 ], [ -90.8664, 44.2666 ], [ -90.8724, 44.2627 ], [ -90.8747, 44.265 ], [ -90.8728, 44.268 ], [ -90.8753, 44.2683 ], [ -90.8681, 44.2748 ], [ -90.8675, 44.2843 ], [ -90.8833, 44.2843 ], [ -90.8976, 44.2883 ], [ -90.9026, 44.2926 ], [ -90.9025, 44.2988 ] ], [ [ -90.8346, 44.3116 ], [ -90.8327, 44.3062 ], [ -90.8317, 44.3062 ], [ -90.8322, 44.3082 ], [ -90.8346, 44.3116 ] ] ] } },
{ "type": "Feature", "properties": { "GEOID": "55043961100", "county": "Census Tract 9611" }, "geometry": { "type": "Polygon", "coordinates": [ [ [ -90.691, 42.6076 ], [ -90.6782, 42.625 ], [ -90.6767, 42.6323 ], [ -90.6734, 42.6355 ], [ -90.6693, 42.6357 ], [ -90.6676, 42.6451 ], [ -90.6606, 42.6498 ], [ -90.6662, 42.6658 ], [ -90.6518, 42.6581 ], [ -90.6426, 42.6601 ], [ -90.6508, 42.6696 ], [ -90.6391, 42.6764 ], [ -90.6439, 42.6806 ], [ -90.6503, 42.6817 ], [ -90.6502, 42.6798 ], [ -90.6521, 42.6803 ], [ -90.6529, 42.6867 ], [ -90.6483, 42.6886 ], [ -90.6484, 42.6835 ], [ -90.6424, 42.682 ], [ -90.6197, 42.6859 ], [ -90.6124, 42.6895 ], [ -90.5745, 42.6893 ], [ -90.5718, 42.6941 ], [ -90.5584, 42.6834 ], [ -90.5553, 42.6841 ], [ -90.5523, 42.682 ], [ -90.5475, 42.6844 ], [ -90.5411, 42.6827 ], [ -90.5437, 42.6802 ], [ -90.5534, 42.6788 ], [ -90.562, 42.6728 ], [ -90.5638, 42.6707 ], [ -90.5577, 42.666 ], [ -90.5629, 42.6609 ], [ -90.5751, 42.6593 ], [ -90.5777, 42.656 ], [ -90.5543, 42.6597 ], [ -90.5485, 42.6672 ], [ -90.5372, 42.6661 ], [ -90.5298, 42.6707 ], [ -90.5181, 42.6714 ], [ -90.5093, 42.6746 ], [ -90.479, 42.6748 ], [ -90.4734, 42.6685 ], [ -90.4622, 42.6712 ], [ -90.4478, 42.671 ], [ -90.4416, 42.6674 ], [ -90.4259, 42.6674 ], [ -90.4259, 42.5948 ], [ -90.5355, 42.5949 ], [ -90.5398, 42.5876 ], [ -90.6009, 42.5881 ], [ -90.609, 42.5903 ], [ -90.6225, 42.5862 ], [ -90.6304, 42.5809 ], [ -90.6349, 42.5819 ], [ -90.6431, 42.5789 ], [ -90.6498, 42.5713 ], [ -90.6614, 42.5676 ], [ -90.677, 42.5792 ], [ -90.6855, 42.5896 ], [ -90.691, 42.6076 ] ] ] } },
{ "type": "Feature", "properties": { "GEOID": "55043960900", "county": "Census Tract 9609" }, "geometry": { "type": "Polygon", "coordinates": [ [ [ -90.5051, 42.7164 ], [ -90.5002, 42.7246 ], [ -90.4856, 42.7297 ], [ -90.4844, 42.7368 ], [ -90.4746, 42.7352 ], [ -90.4663, 42.7433 ], [ -90.4653, 42.7578 ], [ -90.4609, 42.7636 ], [ -90.4633, 42.779 ], [ -90.4586, 42.7799 ], [ -90.4473, 42.7741 ], [ -90.4462, 42.7766 ], [ -90.4263, 42.7766 ], [ -90.426, 42.711 ], [ -90.4845, 42.7103 ], [ -90.4853, 42.7127 ], [ -90.505, 42.7111 ], [ -90.5051, 42.7164 ] ] ] } },
{ "type": "Feature", "properties": { "GEOID": "55121100600", "county": "Census Tract 1006" }, "geometry": { "type": "Polygon", "coordinates": [ [ [ -91.6128, 44.1735 ], [ -91.599, 44.1808 ], [ -91.5965, 44.1844 ], [ -91.5993, 44.1937 ], [ -91.6085, 44.2005 ], [ -91.6029, 44.204 ], [ -91.601, 44.211 ], [ -91.5931, 44.2172 ], [ -91.5915, 44.2156 ], [ -91.5876, 44.2181 ], [ -91.5841, 44.2157 ], [ -91.5804, 44.218 ], [ -91.5816, 44.2216 ], [ -91.5766, 44.2209 ], [ -91.575, 44.2226 ], [ -91.5716, 44.2191 ], [ -91.5662, 44.2199 ], [ -91.568, 44.2224 ], [ -91.5614, 44.2227 ], [ -91.5637, 44.2244 ], [ -91.5571, 44.2243 ], [ -91.5517, 44.2338 ], [ -91.5515, 44.2319 ], [ -91.5387, 44.2353 ], [ -91.5392, 44.2395 ], [ -91.5343, 44.2415 ], [ -91.5386, 44.2421 ], [ -91.5376, 44.2464 ], [ -91.5297, 44.2468 ], [ -91.529, 44.3285 ], [ -91.513, 44.3091 ], [ -91.5005, 44.3014 ], [ -91.4612, 44.2951 ], [ -91.4788, 44.2712 ], [ -91.4754, 44.2672 ], [ -91.4631, 44.2684 ], [ -91.4581, 44.2669 ], [ -91.4581, 44.2523 ], [ -91.4524, 44.2484 ], [ -91.4405, 44.2469 ], [ -91.4332, 44.2516 ], [ -91.3973, 44.2571 ], [ -91.3962, 44.2547 ], [ -91.3814, 44.2475 ], [ -91.381, 44.2415 ], [ -91.3772, 44.2405 ], [ -91.3855, 44.2259 ], [ -91.3752, 44.2138 ], [ -91.3682, 44.2119 ], [ -91.3656, 44.2089 ], [ -91.3687, 44.1927 ], [ -91.3669, 44.1795 ], [ -91.3932, 44.1782 ], [ -91.4171, 44.1665 ], [ -91.44, 44.1604 ], [ -91.4465, 44.1548 ], [ -91.4733, 44.1589 ], [ -91.4763, 44.1662 ], [ -91.4793, 44.1662 ], [ -91.4797, 44.1687 ], [ -91.4836, 44.1701 ], [ -91.4829, 44.1734 ], [ -91.4857, 44.1759 ], [ -91.5063, 44.1759 ], [ -91.5091, 44.1714 ], [ -91.5173, 44.1675 ], [ -91.5284, 44.1439 ], [ -91.5328, 44.1466 ], [ -91.5424, 44.147 ], [ -91.5569, 44.1574 ], [ -91.5633, 44.1461 ], [ -91.5657, 44.1485 ], [ -91.5726, 44.1498 ], [ -91.5708, 44.1523 ], [ -91.5739, 44.1497 ], [ -91.5766, 44.1537 ], [ -91.5879, 44.1536 ], [ -91.5908, 44.1554 ], [ -91.5897, 44.1599 ], [ -91.5913, 44.1587 ], [ -91.5949, 44.1604 ], [ -91.5957, 44.164 ], [ -91.6072, 44.1645 ], [ -91.6123, 44.1688 ], [ -91.6128, 44.1735 ] ] ] } },
{ "type": "Feature", "properties": { "GEOID": "55057100302", "county": "Census Tract 1003.02" }, "geometry": { "type": "Polygon", "coordinates": [ [ [ -90.0724, 43.8977 ], [ -90.0725, 43.9243 ], [ -90.0395, 43.9445 ], [ -90.0297, 43.9484 ], [ -90.0158, 43.9482 ], [ -90.0154, 43.9812 ], [ -90.0354, 43.9811 ], [ -90.0351, 44.0102 ], [ -90.0318, 44.0102 ], [ -90.0452, 44.0169 ], [ -90.0452, 44.0323 ], [ -90.0187, 44.048 ], [ -89.9985, 44.0225 ], [ -90.0059, 44.0084 ], [ -89.9743, 43.9961 ], [ -89.9682, 43.9916 ], [ -89.9636, 43.9837 ], [ -89.9623, 43.9638 ], [ -89.9553, 43.9553 ], [ -89.9557, 43.9364 ], [ -89.9512, 43.9266 ], [ -89.9591, 43.9201 ], [ -89.9717, 43.9207 ], [ -89.9794, 43.9187 ], [ -89.9827, 43.9163 ], [ -89.984, 43.9104 ], [ -89.9786, 43.8992 ], [ -89.9706, 43.8934 ], [ -89.963, 43.8834 ], [ -89.9639, 43.8716 ], [ -89.9606, 43.8635 ], [ -89.9724, 43.8625 ], [ -89.9757, 43.8661 ], [ -89.9802, 43.8583 ], [ -89.9956, 43.8582 ], [ -89.9955, 43.8619 ], [ -90.0157, 43.8619 ], [ -90.0107, 43.8841 ], [ -90.0108, 43.8976 ], [ -90.0724, 43.8977 ] ] ] } },
{ "type": "Feature", "properties": { "GEOID": "55041950400", "county": "Census Tract 9504" }, "geometry": { "type": "Polygon", "coordinates": [ [ [ -89.0469, 45.6373 ], [ -88.9462, 45.6373 ], [ -88.9534, 45.6265 ], [ -88.9512, 45.5801 ], [ -88.9462, 45.5718 ], [ -88.9035, 45.572 ], [ -88.9029, 45.5647 ], [ -88.8927, 45.5644 ], [ -88.8943, 45.5585 ], [ -88.8864, 45.5321 ], [ -88.8815, 45.5024 ], [ -88.8732, 45.4926 ], [ -88.8386, 45.4775 ], [ -88.8339, 45.4827 ], [ -88.8288, 45.4796 ], [ -88.8176, 45.4796 ], [ -88.7996, 45.4751 ], [ -88.7882, 45.4672 ], [ -88.7705, 45.4613 ], [ -88.7695, 45.4518 ], [ -88.7779, 45.4514 ], [ -88.7854, 45.4476 ], [ -88.7901, 45.4384 ], [ -88.8008, 45.4348 ], [ -88.8125, 45.4347 ], [ -88.8196, 45.4263 ], [ -88.823, 45.4155 ], [ -88.822, 45.3783 ], [ -88.926, 45.3786 ], [ -88.9231, 45.4651 ], [ -89.0465, 45.4644 ], [ -89.0469, 45.6373 ] ] ] } },
{ "type": "Feature", "properties": { "GEOID": "55019950300", "county": "Census Tract 9503" }, "geometry": { "type": "Polygon", "coordinates": [ [ [ -90.9225, 44.9008 ], [ -90.9234, 45.0311 ], [ -90.6431, 45.0313 ], [ -90.6405, 45.0256 ], [ -90.6437, 45.0246 ], [ -90.6521, 45.0063 ], [ -90.6498, 44.9921 ], [ -90.6577, 44.9939 ], [ -90.6607, 44.99 ], [ -90.6656, 44.9687 ], [ -90.6534, 44.959 ], [ -90.6406, 44.9559 ], [ -90.6393, 44.953 ], [ -90.6436, 44.9487 ], [ -90.6417, 44.9443 ], [ -90.648, 44.9345 ], [ -90.6427, 44.9299 ], [ -90.6443, 44.9224 ], [ -90.6414, 44.9193 ], [ -90.6464, 44.9187 ], [ -90.6471, 44.9151 ], [ -90.8004, 44.9153 ], [ -90.8004, 44.9008 ], [ -90.9225, 44.9008 ] ] ] } },
{ "type": "Feature", "properties": { "GEOID": "55133203803", "county": "Census Tract 2038.03" }, "geometry": { "type": "Polygon", "coordinates": [ [ [ -88.4396, 42.9422 ], [ -88.439, 42.9483 ], [ -88.4203, 42.9501 ], [ -88.417, 42.9523 ], [ -88.4052, 42.9522 ], [ -88.4047, 42.9669 ], [ -88.3946, 42.9776 ], [ -88.3915, 42.9847 ], [ -88.3845, 42.9882 ], [ -88.3839, 42.9919 ], [ -88.3797, 42.988 ], [ -88.3737, 42.9665 ], [ -88.3644, 42.9649 ], [ -88.3493, 42.9448 ], [ -88.3465, 42.9302 ], [ -88.376, 42.9303 ], [ -88.3956, 42.9224 ], [ -88.4055, 42.9224 ], [ -88.4074, 42.9151 ], [ -88.4383, 42.9153 ], [ -88.4245, 42.9304 ], [ -88.4345, 42.9303 ], [ -88.4347, 42.9419 ], [ -88.4396, 42.9422 ] ] ] } },
{ "type": "Feature", "properties": { "GEOID": "55133202102", "county": "Census Tract 2021.02" }, "geometry": { "type": "Polygon", "coordinates": [ [ [ -88.3025, 42.945 ], [ -88.2999, 42.9483 ], [ -88.2963, 42.9484 ], [ -88.2953, 42.9461 ], [ -88.2922, 42.945 ], [ -88.2917, 42.9477 ], [ -88.2879, 42.9451 ], [ -88.2872, 42.9504 ], [ -88.2779, 42.9545 ], [ -88.2782, 42.9635 ], [ -88.275, 42.9635 ], [ -88.2659, 42.9726 ], [ -88.2687, 42.9745 ], [ -88.2649, 42.9768 ], [ -88.2678, 42.9851 ], [ -88.265, 42.9885 ], [ -88.2572, 42.9884 ], [ -88.259, 42.9592 ], [ -88.228, 42.9594 ], [ -88.2287, 42.9302 ], [ -88.2877, 42.93 ], [ -88.2947, 42.9376 ], [ -88.2965, 42.9369 ], [ -88.2966, 42.9447 ], [ -88.3025, 42.945 ] ] ] } },
{ "type": "Feature", "properties": { "GEOID": "55005000400", "county": "Census Tract 4" }, "geometry": { "type": "Polygon", "coordinates": [ [ [ -91.9199, 45.4377 ], [ -91.9193, 45.5315 ], [ -91.9093, 45.5314 ], [ -91.9096, 45.5532 ], [ -91.7663, 45.5527 ], [ -91.7651, 45.5094 ], [ -91.7861, 45.5098 ], [ -91.7861, 45.4953 ], [ -91.7657, 45.495 ], [ -91.7656, 45.4452 ], [ -91.7705, 45.4435 ], [ -91.7681, 45.4422 ], [ -91.7704, 45.4373 ], [ -91.7766, 45.4354 ], [ -91.7759, 45.4311 ], [ -91.7802, 45.4285 ], [ -91.7774, 45.4227 ], [ -91.7824, 45.4206 ], [ -91.7828, 45.4176 ], [ -91.7792, 45.4139 ], [ -91.781, 45.4083 ], [ -91.7774, 45.402 ], [ -91.7867, 45.401 ], [ -91.787, 45.3794 ], [ -91.8055, 45.3794 ], [ -91.8067, 45.377 ], [ -91.8093, 45.3788 ], [ -91.8121, 45.3772 ], [ -91.8224, 45.3795 ], [ -91.8253, 45.3814 ], [ -91.8245, 45.3834 ], [ -91.834, 45.3814 ], [ -91.839, 45.3832 ], [ -91.8574, 45.3779 ], [ -91.8586, 45.3798 ], [ -91.8791, 45.3799 ], [ -91.8791, 45.3662 ], [ -91.9096, 45.3662 ], [ -91.9096, 45.4375 ], [ -91.9199, 45.4377 ] ] ] } },
{ "type": "Feature", "properties": { "GEOID": "55025000902", "county": "Census Tract 9.02" }, "geometry": { "type": "Polygon", "coordinates": [ [ [ -89.4362, 43.0626 ], [ -89.4362, 43.0742 ], [ -89.4129, 43.0736 ], [ -89.4139, 43.0678 ], [ -89.429, 43.068 ], [ -89.4362, 43.0626 ] ] ] } },
{ "type": "Feature", "properties": { "GEOID": "55025001401", "county": "Census Tract 14.01" }, "geometry": { "type": "Polygon", "coordinates": [ [ [ -89.4067, 43.0346 ], [ -89.4039, 43.0446 ], [ -89.4002, 43.05 ], [ -89.3893, 43.0493 ], [ -89.3779, 43.0558 ], [ -89.3678, 43.0519 ], [ -89.371, 43.0472 ], [ -89.3658, 43.0435 ], [ -89.4001, 43.0346 ], [ -89.4067, 43.0346 ] ] ] } },
{ "type": "Feature", "properties": { "GEOID": "55035001500", "county": "Census Tract 15" }, "geometry": { "type": "Polygon", "coordinates": [ [ [ -91.6504, 44.8559 ], [ -91.5148, 44.8574 ], [ -91.494, 44.8353 ], [ -91.4952, 44.831 ], [ -91.5039, 44.8351 ], [ -91.5092, 44.8347 ], [ -91.512, 44.8323 ], [ -91.521, 44.837 ], [ -91.5475, 44.8432 ], [ -91.5444, 44.8375 ], [ -91.5492, 44.8379 ], [ -91.5602, 44.8437 ], [ -91.6038, 44.843 ], [ -91.5772, 44.8301 ], [ -91.5666, 44.8186 ], [ -91.5437, 44.7849 ], [ -91.5376, 44.7808 ], [ -91.5417, 44.7798 ], [ -91.5501, 44.7841 ], [ -91.559, 44.7846 ], [ -91.5748, 44.7766 ], [ -91.5805, 44.7703 ], [ -91.5783, 44.759 ], [ -91.5841, 44.7564 ], [ -91.5886, 44.7573 ], [ -91.6003, 44.7697 ], [ -91.6357, 44.7712 ], [ -91.6496, 44.7805 ], [ -91.6504, 44.8559 ] ] ] } },
{ "type": "Feature", "properties": { "GEOID": "55131420104", "county": "Census Tract 4201.04" }, "geometry": { "type": "Polygon", "coordinates": [ [ [ -88.2817, 43.4275 ], [ -88.2817, 43.4852 ], [ -88.1615, 43.4841 ], [ -88.1616, 43.4549 ], [ -88.1817, 43.454 ], [ -88.1955, 43.4569 ], [ -88.2011, 43.455 ], [ -88.2215, 43.4558 ], [ -88.2212, 43.439 ], [ -88.2162, 43.4345 ], [ -88.216, 43.4273 ], [ -88.2111, 43.4272 ], [ -88.2111, 43.4226 ], [ -88.2011, 43.4198 ], [ -88.2009, 43.398 ], [ -88.2109, 43.3981 ], [ -88.2183, 43.3952 ], [ -88.2228, 43.3957 ], [ -88.2243, 43.3982 ], [ -88.2308, 43.3983 ], [ -88.2311, 43.412 ], [ -88.2261, 43.4136 ], [ -88.226, 43.4273 ], [ -88.2817, 43.4275 ] ] ] } },
{ "type": "Feature", "properties": { "GEOID": "55073000100", "county": "Census Tract 1" }, "geometry": { "type": "Polygon", "coordinates": [ [ [ -89.6405, 44.9573 ], [ -89.6403, 44.9657 ], [ -89.6366, 44.9658 ], [ -89.6352, 44.9637 ], [ -89.6317, 44.9696 ], [ -89.6191, 44.9683 ], [ -89.6181, 44.9567 ], [ -89.6308, 44.9574 ], [ -89.6326, 44.9609 ], [ -89.6366, 44.9569 ], [ -89.6405, 44.9573 ] ] ] } },
{ "type": "Feature", "properties": { "GEOID": "55079020000", "county": "Census Tract 200" }, "geometry": { "type": "Polygon", "coordinates": [ [ [ -87.9583, 42.9778 ], [ -87.9581, 42.9922 ], [ -87.9482, 42.9923 ], [ -87.9483, 42.9739 ], [ -87.9561, 42.975 ], [ -87.9533, 42.9807 ], [ -87.957, 42.9805 ], [ -87.9583, 42.9778 ] ] ] } },
{ "type": "Feature", "properties": { "GEOID": "55079002600", "county": "Census Tract 26" }, "geometry": { "type": "Polygon", "coordinates": [ [ [ -87.967, 43.0969 ], [ -87.9665, 43.1046 ], [ -87.9566, 43.1046 ], [ -87.9569, 43.0965 ], [ -87.967, 43.0969 ] ] ] } },
{ "type": "Feature", "properties": { "GEOID": "55079080300", "county": "Census Tract 803" }, "geometry": { "type": "Polygon", "coordinates": [ [ [ -87.8827, 43.0819 ], [ -87.8835, 43.0987 ], [ -87.8761, 43.099 ], [ -87.8701, 43.0819 ], [ -87.8827, 43.0819 ] ] ] } },
{ "type": "Feature", "properties": { "GEOID": "55079009200", "county": "Census Tract 92" }, "geometry": { "type": "Polygon", "coordinates": [ [ [ -87.9788, 43.0571 ], [ -87.9787, 43.0643 ], [ -87.9725, 43.0643 ], [ -87.9724, 43.0571 ], [ -87.9788, 43.0571 ] ] ] } },
{ "type": "Feature", "properties": { "GEOID": "55079003500", "county": "Census Tract 35" }, "geometry": { "type": "Polygon", "coordinates": [ [ [ -88.0071, 43.0972 ], [ -87.9894, 43.0973 ], [ -87.9895, 43.09 ], [ -88.0072, 43.09 ], [ -88.0071, 43.0972 ] ] ] } },
{ "type": "Feature", "properties": { "GEOID": "55079001400", "county": "Census Tract 14" }, "geometry": { "type": "Polygon", "coordinates": [ [ [ -88.0254, 43.1341 ], [ -88.0057, 43.1341 ], [ -88.0059, 43.1295 ], [ -88.0257, 43.1262 ], [ -88.0254, 43.1341 ] ] ] } },
{ "type": "Feature", "properties": { "GEOID": "55079019200", "county": "Census Tract 192" }, "geometry": { "type": "Polygon", "coordinates": [ [ [ -88.002, 42.9903 ], [ -87.9939, 42.9906 ], [ -87.9845, 42.9993 ], [ -87.9773, 42.9991 ], [ -87.9778, 42.9884 ], [ -88.0021, 42.9883 ], [ -88.002, 42.9903 ] ] ] } },
{ "type": "Feature", "properties": { "GEOID": "55079013600", "county": "Census Tract 136" }, "geometry": { "type": "Polygon", "coordinates": [ [ [ -87.9577, 43.0417 ], [ -87.9577, 43.0459 ], [ -87.9478, 43.0459 ], [ -87.9477, 43.0416 ], [ -87.9577, 43.0417 ] ] ] } },
{ "type": "Feature", "properties": { "GEOID": "55081950600", "county": "Census Tract 9506" }, "geometry": { "type": "Polygon", "coordinates": [ [ [ -90.5047, 43.9574 ], [ -90.505, 44.0179 ], [ -90.4976, 44.0186 ], [ -90.4721, 43.9978 ], [ -90.4495, 43.9903 ], [ -90.4533, 43.9823 ], [ -90.5047, 43.9574 ] ] ] } },
{ "type": "Feature", "properties": { "GEOID": "55141011600", "county": "Census Tract 116" }, "geometry": { "type": "Polygon", "coordinates": [ [ [ -89.9118, 44.2756 ], [ -89.9045, 44.2799 ], [ -89.8905, 44.2806 ], [ -89.8857, 44.2857 ], [ -89.8969, 44.3089 ], [ -89.8868, 44.3158 ], [ -89.8851, 44.3202 ], [ -89.8876, 44.3327 ], [ -89.8832, 44.3356 ], [ -89.8697, 44.3336 ], [ -89.8555, 44.3348 ], [ -89.8494, 44.3385 ], [ -89.85, 44.3454 ], [ -89.8467, 44.3482 ], [ -89.8426, 44.3476 ], [ -89.8394, 44.3415 ], [ -89.8312, 44.3372 ], [ -89.8239, 44.3416 ], [ -89.816, 44.3429 ], [ -89.8153, 44.3367 ], [ -89.7246, 44.3371 ], [ -89.7248, 44.2477 ], [ -89.9027, 44.2495 ], [ -89.8938, 44.2614 ], [ -89.8934, 44.2669 ], [ -89.9012, 44.2699 ], [ -89.9104, 44.2697 ], [ -89.9129, 44.2722 ], [ -89.9118, 44.2756 ] ] ] } },
{ "type": "Feature", "properties": { "GEOID": "55063010500", "county": "Census Tract 105" }, "geometry": { "type": "Polygon", "coordinates": [ [ [ -91.2439, 43.8745 ], [ -91.24, 43.8802 ], [ -91.2347, 43.8805 ], [ -91.2343, 43.8827 ], [ -91.21, 43.8841 ], [ -91.2078, 43.8805 ], [ -91.1811, 43.8808 ], [ -91.1785, 43.8793 ], [ -91.1836, 43.8768 ], [ -91.1698, 43.8761 ], [ -91.1497, 43.8709 ], [ -91.1353, 43.8712 ], [ -91.142, 43.8662 ], [ -91.1496, 43.8639 ], [ -91.1837, 43.8658 ], [ -91.2057, 43.8593 ], [ -91.2027, 43.866 ], [ -91.2086, 43.8677 ], [ -91.2098, 43.8741 ], [ -91.2404, 43.8639 ], [ -91.2439, 43.8745 ] ] ] } },
{ "type": "Feature", "properties": { "GEOID": "55117010602", "county": "Census Tract 106.02" }, "geometry": { "type": "Polygon", "coordinates": [ [ [ -87.9215, 43.8049 ], [ -87.8008, 43.8048 ], [ -87.8002, 43.7348 ], [ -87.8044, 43.7323 ], [ -87.8347, 43.7329 ], [ -87.8502, 43.7396 ], [ -87.8503, 43.7183 ], [ -87.9212, 43.7184 ], [ -87.9215, 43.8049 ] ] ] } },
{ "type": "Feature", "properties": { "GEOID": "55065970100", "county": "Census Tract 9701" }, "geometry": { "type": "Polygon", "coordinates": [ [ [ -90.0974, 42.7047 ], [ -90.0942, 42.7185 ], [ -90.076, 42.7205 ], [ -90.0779, 42.7334 ], [ -90.0757, 42.7338 ], [ -90.0754, 42.7392 ], [ -90.0718, 42.7389 ], [ -90.0694, 42.7441 ], [ -90.0658, 42.7443 ], [ -90.0636, 42.7473 ], [ -90.0652, 42.7661 ], [ -90.0723, 42.7663 ], [ -90.073, 42.7695 ], [ -90.0829, 42.7702 ], [ -90.0829, 42.7844 ], [ -90.0786, 42.7847 ], [ -90.078, 42.7992 ], [ -90.083, 42.7992 ], [ -90.083, 42.8138 ], [ -89.8384, 42.8138 ], [ -89.8372, 42.6832 ], [ -89.8459, 42.6832 ], [ -89.8453, 42.6794 ], [ -89.8544, 42.6695 ], [ -89.8745, 42.6678 ], [ -89.8768, 42.6652 ], [ -89.8783, 42.6666 ], [ -89.885, 42.6642 ], [ -89.8876, 42.6736 ], [ -89.8814, 42.677 ], [ -89.8816, 42.6831 ], [ -89.9503, 42.6827 ], [ -89.9509, 42.6722 ], [ -89.9604, 42.669 ], [ -89.9624, 42.6644 ], [ -89.9707, 42.6658 ], [ -89.9708, 42.6683 ], [ -89.9854, 42.6682 ], [ -89.9855, 42.6755 ], [ -90.0, 42.6752 ], [ -90.0023, 42.6771 ], [ -90.0092, 42.677 ], [ -90.018, 42.6715 ], [ -90.0345, 42.6673 ], [ -90.0437, 42.675 ], [ -90.0613, 42.6766 ], [ -90.0605, 42.6828 ], [ -90.065, 42.6835 ], [ -90.0657, 42.6863 ], [ -90.0684, 42.6861 ], [ -90.068, 42.6894 ], [ -90.0787, 42.6941 ], [ -90.0723, 42.7045 ], [ -90.0974, 42.7047 ] ] ] } },
{ "type": "Feature", "properties": { "GEOID": "55021971000", "county": "Census Tract 9710" }, "geometry": { "type": "Polygon", "coordinates": [ [ [ -89.3736, 43.4284 ], [ -89.3544, 43.4301 ], [ -89.3591, 43.434 ], [ -89.3599, 43.441 ], [ -89.33, 43.4407 ], [ -89.3217, 43.463 ], [ -89.3067, 43.4631 ], [ -89.2852, 43.4682 ], [ -89.281, 43.4708 ], [ -89.281, 43.475 ], [ -89.2687, 43.4669 ], [ -89.2597, 43.4661 ], [ -89.2454, 43.4676 ], [ -89.2453, 43.4712 ], [ -89.2261, 43.4712 ], [ -89.2262, 43.4748 ], [ -89.2163, 43.4748 ], [ -89.1911, 43.4711 ], [ -89.1812, 43.464 ], [ -89.1712, 43.4636 ], [ -89.171, 43.4566 ], [ -89.1159, 43.457 ], [ -89.1152, 43.4422 ], [ -89.1261, 43.4422 ], [ -89.1251, 43.3882 ], [ -89.1311, 43.3845 ], [ -89.1349, 43.3769 ], [ -89.2146, 43.3767 ], [ -89.2144, 43.3695 ], [ -89.232, 43.3693 ], [ -89.2317, 43.355 ], [ -89.2446, 43.3592 ], [ -89.2451, 43.3184 ], [ -89.2466, 43.3108 ], [ -89.2552, 43.3053 ], [ -89.2553, 43.2818 ], [ -89.3445, 43.2812 ], [ -89.3453, 43.3104 ], [ -89.3629, 43.3103 ], [ -89.3626, 43.3759 ], [ -89.37, 43.3771 ], [ -89.3726, 43.3812 ], [ -89.3736, 43.4284 ] ] ] } },
{ "type": "Feature", "properties": { "GEOID": "55099970400", "county": "Census Tract 9704" }, "geometry": { "type": "Polygon", "coordinates": [ [ [ -90.6796, 45.5369 ], [ -90.6778, 45.8448 ], [ -90.6576, 45.8397 ], [ -90.6487, 45.841 ], [ -90.6399, 45.8389 ], [ -90.6186, 45.8434 ], [ -90.5744, 45.8619 ], [ -90.5536, 45.8604 ], [ -90.5328, 45.87 ], [ -90.5324, 45.8094 ], [ -90.5191, 45.8104 ], [ -90.5155, 45.8069 ], [ -90.5116, 45.8067 ], [ -90.5121, 45.8088 ], [ -90.4869, 45.8099 ], [ -90.4828, 45.8065 ], [ -90.4848, 45.8034 ], [ -90.4813, 45.7969 ], [ -90.482, 45.7903 ], [ -90.4942, 45.7846 ], [ -90.5002, 45.7853 ], [ -90.4942, 45.7842 ], [ -90.4812, 45.79 ], [ -90.4728, 45.791 ], [ -90.4702, 45.7903 ], [ -90.4695, 45.7854 ], [ -90.4631, 45.7856 ], [ -90.4607, 45.7904 ], [ -90.4522, 45.7944 ], [ -90.4515, 45.7985 ], [ -90.4461, 45.8023 ], [ -90.4418, 45.7952 ], [ -90.4287, 45.7944 ], [ -90.4297, 45.7201 ], [ -90.4126, 45.7006 ], [ -90.4145, 45.7007 ], [ -90.4169, 45.6936 ], [ -90.4167, 45.6917 ], [ -90.4116, 45.6919 ], [ -90.4114, 45.6836 ], [ -90.4166, 45.6831 ], [ -90.4167, 45.6795 ], [ -90.43, 45.6788 ], [ -90.4351, 45.6791 ], [ -90.4352, 45.6827 ], [ -90.4565, 45.6695 ], [ -90.4626, 45.6618 ], [ -90.4589, 45.6509 ], [ -90.4656, 45.6369 ], [ -90.4779, 45.6394 ], [ -90.4821, 45.6373 ], [ -90.523, 45.6381 ], [ -90.5245, 45.634 ], [ -90.521, 45.6257 ], [ -90.5166, 45.6198 ], [ -90.5127, 45.6195 ], [ -90.5127, 45.6145 ], [ -90.5188, 45.6088 ], [ -90.5329, 45.609 ], [ -90.5326, 45.5656 ], [ -90.5562, 45.5663 ], [ -90.5562, 45.5518 ], [ -90.6412, 45.5524 ], [ -90.6539, 45.547 ], [ -90.6639, 45.5478 ], [ -90.6637, 45.5451 ], [ -90.6796, 45.5369 ] ] ] } },
{ "type": "Feature", "properties": { "GEOID": "55023960400", "county": "Census Tract 9604" }, "geometry": { "type": "Polygon", "coordinates": [ [ [ -91.1788, 43.0706 ], [ -91.1752, 43.1038 ], [ -91.177, 43.1319 ], [ -91.1704, 43.1374 ], [ -91.1559, 43.1433 ], [ -91.1524, 43.1378 ], [ -91.1427, 43.1408 ], [ -91.1422, 43.124 ], [ -91.1233, 43.1233 ], [ -91.1179, 43.1251 ], [ -91.0539, 43.1215 ], [ -91.037, 43.1282 ], [ -91.0313, 43.1256 ], [ -91.0027, 43.1273 ], [ -90.9778, 43.124 ], [ -90.9423, 43.109 ], [ -90.9346, 43.1088 ], [ -90.9171, 43.0989 ], [ -90.912, 43.099 ], [ -90.8973, 43.0917 ], [ -90.903, 43.0953 ], [ -90.9088, 43.106 ], [ -90.9044, 43.1053 ], [ -90.902, 43.0979 ], [ -90.8981, 43.0952 ], [ -90.8982, 43.0974 ], [ -90.8912, 43.098 ], [ -90.8856, 43.1064 ], [ -90.8818, 43.1038 ], [ -90.8726, 43.1053 ], [ -90.8741, 43.1043 ], [ -90.8683, 43.1037 ], [ -90.8652, 43.1056 ], [ -90.8626, 43.1043 ], [ -90.8638, 43.1027 ], [ -90.8587, 43.1011 ], [ -90.8628, 43.0945 ], [ -90.8591, 43.091 ], [ -90.8666, 43.0896 ], [ -90.8716, 43.0854 ], [ -90.8739, 43.0875 ], [ -90.8796, 43.0843 ], [ -90.8801, 43.0792 ], [ -90.8841, 43.0769 ], [ -90.8796, 43.0736 ], [ -90.8982, 43.0695 ], [ -90.904, 43.0653 ], [ -90.9141, 43.0626 ], [ -90.9292, 43.0652 ], [ -90.9375, 43.0635 ], [ -90.9531, 43.0437 ], [ -90.9694, 43.0332 ], [ -90.9857, 43.0261 ], [ -91.0009, 43.0241 ], [ -91.0121, 43.0132 ], [ -91.0229, 43.0075 ], [ -91.0526, 43.0017 ], [ -91.0573, 42.9941 ], [ -91.0653, 42.9921 ], [ -91.0772, 42.9944 ], [ -91.0871, 42.9936 ], [ -91.1014, 43.0001 ], [ -91.1312, 42.9995 ], [ -91.1313, 43.0132 ], [ -91.1357, 43.0274 ], [ -91.128, 43.0286 ], [ -91.125, 43.0266 ], [ -91.1147, 43.0286 ], [ -91.1021, 43.0239 ], [ -91.1006, 43.038 ], [ -91.0953, 43.0441 ], [ -91.073, 43.0537 ], [ -91.072, 43.0601 ], [ -91.0671, 43.0626 ], [ -91.0686, 43.0661 ], [ -91.0781, 43.0676 ], [ -91.0834, 43.0627 ], [ -91.095, 43.0621 ], [ -91.1051, 43.0565 ], [ -91.141, 43.0519 ], [ -91.1408, 43.0581 ], [ -91.1359, 43.0655 ], [ -91.1468, 43.0642 ], [ -91.1493, 43.0629 ], [ -91.1488, 43.0563 ], [ -91.1601, 43.0554 ], [ -91.1564, 43.0479 ], [ -91.1656, 43.0446 ], [ -91.1755, 43.044 ], [ -91.1788, 43.0706 ] ] ] } },
{ "type": "Feature", "properties": { "GEOID": "55063000700", "county": "Census Tract 7" }, "geometry": { "type": "Polygon", "coordinates": [ [ [ -91.2283, 43.8015 ], [ -91.2276, 43.8087 ], [ -91.2142, 43.8088 ], [ -91.2119, 43.815 ], [ -91.2042, 43.8134 ], [ -91.2029, 43.8153 ], [ -91.1966, 43.8122 ], [ -91.1862, 43.812 ], [ -91.1825, 43.8136 ], [ -91.1902, 43.7978 ], [ -91.1898, 43.7918 ], [ -91.1937, 43.7906 ], [ -91.2048, 43.79 ], [ -91.2283, 43.8015 ] ] ] } },
{ "type": "Feature", "properties": { "GEOID": "55085970400", "county": "Census Tract 9704" }, "geometry": { "type": "Polygon", "coordinates": [ [ [ -89.4808, 45.5711 ], [ -89.462, 45.5886 ], [ -89.4599, 45.595 ], [ -89.4671, 45.6002 ], [ -89.4601, 45.6002 ], [ -89.4526, 45.6035 ], [ -89.4483, 45.6235 ], [ -89.4369, 45.6317 ], [ -89.4204, 45.6318 ], [ -89.4258, 45.6289 ], [ -89.414, 45.6282 ], [ -89.4121, 45.6255 ], [ -89.4053, 45.6302 ], [ -89.3992, 45.6259 ], [ -89.3947, 45.6264 ], [ -89.3824, 45.6189 ], [ -89.3699, 45.6154 ], [ -89.3721, 45.6402 ], [ -89.3659, 45.6477 ], [ -89.3286, 45.6517 ], [ -89.3071, 45.6488 ], [ -89.2939, 45.6517 ], [ -89.2901, 45.6458 ], [ -89.2821, 45.6409 ], [ -89.2805, 45.6424 ], [ -89.2758, 45.6405 ], [ -89.268, 45.6423 ], [ -89.2625, 45.6402 ], [ -89.2531, 45.6418 ], [ -89.2489, 45.6387 ], [ -89.2445, 45.6396 ], [ -89.2426, 45.6381 ], [ -89.2463, 45.6293 ], [ -89.2487, 45.6281 ], [ -89.2504, 45.6295 ], [ -89.2528, 45.6237 ], [ -89.257, 45.6233 ], [ -89.2598, 45.6192 ], [ -89.2659, 45.6169 ], [ -89.2657, 45.6144 ], [ -89.2744, 45.6123 ], [ -89.273, 45.6095 ], [ -89.2806, 45.6022 ], [ -89.3006, 45.5998 ], [ -89.2947, 45.5968 ], [ -89.3028, 45.5972 ], [ -89.3031, 45.5925 ], [ -89.3095, 45.5933 ], [ -89.312, 45.5986 ], [ -89.3121, 45.5954 ], [ -89.3173, 45.5945 ], [ -89.3154, 45.5929 ], [ -89.322, 45.5901 ], [ -89.3258, 45.5913 ], [ -89.3233, 45.5867 ], [ -89.3315, 45.5835 ], [ -89.3398, 45.5841 ], [ -89.3426, 45.5868 ], [ -89.3478, 45.585 ], [ -89.3535, 45.5901 ], [ -89.357, 45.59 ], [ -89.3509, 45.5866 ], [ -89.3559, 45.584 ], [ -89.3553, 45.58 ], [ -89.359, 45.5836 ], [ -89.3655, 45.5833 ], [ -89.3848, 45.5913 ], [ -89.396, 45.5929 ], [ -89.3933, 45.5863 ], [ -89.3976, 45.5824 ], [ -89.3961, 45.5757 ], [ -89.3984, 45.57 ], [ -89.4078, 45.5667 ], [ -89.4202, 45.5661 ], [ -89.4296, 45.57 ], [ -89.4484, 45.5697 ], [ -89.4486, 45.5555 ], [ -89.4794, 45.5556 ], [ -89.4677, 45.5629 ], [ -89.4736, 45.5667 ], [ -89.4789, 45.5664 ], [ -89.4808, 45.5711 ] ] ] } },
{ "type": "Feature", "properties": { "GEOID": "55009021200", "county": "Census Tract 212" }, "geometry": { "type": "Polygon", "coordinates": [ [ [ -88.0428, 44.4542 ], [ -88.0365, 44.4633 ], [ -88.0282, 44.4604 ], [ -88.0164, 44.4774 ], [ -88.0078, 44.4744 ], [ -88.0132, 44.4709 ], [ -88.0074, 44.4677 ], [ -88.0095, 44.4621 ], [ -88.0163, 44.4611 ], [ -88.0141, 44.4593 ], [ -88.0199, 44.4529 ], [ -88.0125, 44.4465 ], [ -88.0168, 44.445 ], [ -88.0428, 44.4542 ] ] ] } },
{ "type": "Feature", "properties": { "GEOID": "55009001600", "county": "Census Tract 16" }, "geometry": { "type": "Polygon", "coordinates": [ [ [ -87.9946, 44.4881 ], [ -87.9874, 44.5025 ], [ -87.9919, 44.5025 ], [ -87.99, 44.5051 ], [ -87.9857, 44.5051 ], [ -87.9716, 44.4869 ], [ -87.9693, 44.479 ], [ -87.9739, 44.4807 ], [ -87.9752, 44.4787 ], [ -87.9703, 44.4765 ], [ -87.9813, 44.4802 ], [ -87.9867, 44.4777 ], [ -87.9823, 44.4764 ], [ -87.9825, 44.4735 ], [ -87.9885, 44.4757 ], [ -87.9873, 44.4802 ], [ -87.9918, 44.4818 ], [ -87.9888, 44.4846 ], [ -87.9946, 44.4881 ] ] ] } },
{ "type": "Feature", "properties": { "GEOID": "55009021500", "county": "Census Tract 215" }, "geometry": { "type": "Polygon", "coordinates": [ [ [ -88.1926, 44.242 ], [ -88.1909, 44.2992 ], [ -88.0095, 44.299 ], [ -88.0092, 44.3284 ], [ -87.8875, 44.3276 ], [ -87.8881, 44.2405 ], [ -88.1926, 44.242 ] ] ] } },
{ "type": "Feature", "properties": { "GEOID": "55071000400", "county": "Census Tract 4" }, "geometry": { "type": "Polygon", "coordinates": [ [ [ -87.6742, 44.0969 ], [ -87.6705, 44.102 ], [ -87.6706, 44.1083 ], [ -87.6427, 44.1081 ], [ -87.6481, 44.1037 ], [ -87.6517, 44.0917 ], [ -87.6622, 44.0923 ], [ -87.666, 44.0952 ], [ -87.6626, 44.0965 ], [ -87.6633, 44.0999 ], [ -87.6742, 44.0969 ] ] ] } },
{ "type": "Feature", "properties": { "GEOID": "55071010300", "county": "Census Tract 103" }, "geometry": { "type": "Polygon", "coordinates": [ [ [ -88.0429, 44.0664 ], [ -88.0432, 44.241 ], [ -87.8019, 44.2401 ], [ -87.8016, 44.1531 ], [ -87.9236, 44.1533 ], [ -87.9225, 44.0662 ], [ -88.0429, 44.0664 ] ] ] } },
{ "type": "Feature", "properties": { "GEOID": "55071000200", "county": "Census Tract 2" }, "geometry": { "type": "Polygon", "coordinates": [ [ [ -87.6941, 44.1535 ], [ -87.6787, 44.1536 ], [ -87.6707, 44.1349 ], [ -87.6705, 44.1023 ], [ -87.6742, 44.0969 ], [ -87.6835, 44.1034 ], [ -87.6838, 44.1171 ], [ -87.6941, 44.1535 ] ] ] } },
{ "type": "Feature", "properties": { "GEOID": "55101001501", "county": "Census Tract 15.01" }, "geometry": { "type": "Polygon", "coordinates": [ [ [ -87.8528, 42.8423 ], [ -87.8271, 42.8422 ], [ -87.8245, 42.8347 ], [ -87.7941, 42.8063 ], [ -87.8159, 42.8056 ], [ -87.8161, 42.7993 ], [ -87.8195, 42.7992 ], [ -87.8265, 42.8135 ], [ -87.8356, 42.8132 ], [ -87.8391, 42.8272 ], [ -87.8528, 42.8423 ] ] ] } },
{ "type": "Feature", "properties": { "GEOID": "55101000903", "county": "Census Tract 9.03" }, "geometry": { "type": "Polygon", "coordinates": [ [ [ -87.8359, 42.6678 ], [ -87.8358, 42.6968 ], [ -87.8164, 42.6969 ], [ -87.817, 42.6823 ], [ -87.8222, 42.6678 ], [ -87.8359, 42.6678 ] ] ] } },
{ "type": "Feature", "properties": { "GEOID": "55029100400", "county": "Census Tract 1004" }, "geometry": { "type": "Polygon", "coordinates": [ [ [ -87.3748, 44.9566 ], [ -87.3603, 44.9876 ], [ -87.345, 45.0033 ], [ -87.3425, 45.0123 ], [ -87.3322, 45.0156 ], [ -87.3218, 45.0317 ], [ -87.3213, 45.0382 ], [ -87.3085, 45.0445 ], [ -87.3071, 45.0509 ], [ -87.3016, 45.0542 ], [ -87.2988, 45.0537 ], [ -87.2929, 45.0463 ], [ -87.2841, 45.0465 ], [ -87.2824, 45.0576 ], [ -87.2843, 45.0637 ], [ -87.2804, 45.0754 ], [ -87.27, 45.0772 ], [ -87.2617, 45.0862 ], [ -87.2502, 45.0837 ], [ -87.2606, 45.0691 ], [ -87.2425, 45.069 ], [ -87.2285, 45.0626 ], [ -87.2232, 45.0631 ], [ -87.217, 45.0688 ], [ -87.1522, 45.0693 ], [ -87.1532, 45.1273 ], [ -87.0727, 45.1275 ], [ -87.0573, 45.1245 ], [ -87.049, 45.1087 ], [ -87.0528, 45.1014 ], [ -87.0471, 45.094 ], [ -87.048, 45.0878 ], [ -87.0523, 45.0896 ], [ -87.0574, 45.0875 ], [ -87.0653, 45.0782 ], [ -87.0697, 45.0848 ], [ -87.0811, 45.0925 ], [ -87.0858, 45.0948 ], [ -87.0927, 45.0926 ], [ -87.0963, 45.0871 ], [ -87.0961, 45.0819 ], [ -87.092, 45.0792 ], [ -87.0849, 45.0792 ], [ -87.0842, 45.0749 ], [ -87.0799, 45.0735 ], [ -87.0789, 45.0577 ], [ -87.0968, 45.0557 ], [ -87.0972, 45.0663 ], [ -87.1006, 45.0698 ], [ -87.1096, 45.0712 ], [ -87.1193, 45.0693 ], [ -87.1231, 45.066 ], [ -87.1212, 45.0583 ], [ -87.1248, 45.0561 ], [ -87.1248, 45.0422 ], [ -87.1305, 45.0366 ], [ -87.1302, 45.0312 ], [ -87.1394, 45.0126 ], [ -87.1513, 45.0098 ], [ -87.1515, 45.0258 ], [ -87.2134, 45.0253 ], [ -87.2135, 45.0325 ], [ -87.2345, 45.0325 ], [ -87.2342, 45.0253 ], [ -87.2756, 45.0253 ], [ -87.2753, 44.9812 ], [ -87.2651, 44.9819 ], [ -87.2645, 44.9666 ], [ -87.2546, 44.967 ], [ -87.2544, 44.9371 ], [ -87.368, 44.937 ], [ -87.3669, 44.9483 ], [ -87.3709, 44.9462 ], [ -87.3825, 44.946 ], [ -87.3748, 44.9566 ] ] ] } },
{ "type": "Feature", "properties": { "GEOID": "55093960800", "county": "Census Tract 9608" }, "geometry": { "type": "Polygon", "coordinates": [ [ [ -92.4972, 44.6842 ], [ -92.494, 44.6847 ], [ -92.4936, 44.6888 ], [ -92.396, 44.6887 ], [ -92.3962, 44.6749 ], [ -92.3756, 44.6742 ], [ -92.3756, 44.6789 ], [ -92.371, 44.6835 ], [ -92.3757, 44.6887 ], [ -92.3757, 44.6959 ], [ -92.3586, 44.6954 ], [ -92.3509, 44.7007 ], [ -92.3413, 44.7037 ], [ -92.3452, 44.7076 ], [ -92.3482, 44.706 ], [ -92.3586, 44.7065 ], [ -92.3568, 44.7107 ], [ -92.3645, 44.7125 ], [ -92.3636, 44.7155 ], [ -92.3714, 44.7143 ], [ -92.3707, 44.7178 ], [ -92.3758, 44.7216 ], [ -92.3755, 44.7754 ], [ -92.3541, 44.7737 ], [ -92.3439, 44.7697 ], [ -92.3435, 44.7722 ], [ -92.338, 44.7743 ], [ -92.2569, 44.7719 ], [ -92.2567, 44.6998 ], [ -92.1351, 44.6989 ], [ -92.1354, 44.5396 ], [ -92.3162, 44.541 ], [ -92.3357, 44.5538 ], [ -92.3289, 44.5615 ], [ -92.3291, 44.5698 ], [ -92.3585, 44.5756 ], [ -92.361, 44.5832 ], [ -92.3578, 44.5856 ], [ -92.3577, 44.5936 ], [ -92.3707, 44.5964 ], [ -92.372, 44.6017 ], [ -92.3756, 44.6019 ], [ -92.3754, 44.6053 ], [ -92.3802, 44.6056 ], [ -92.3806, 44.6088 ], [ -92.3856, 44.6091 ], [ -92.3857, 44.6164 ], [ -92.4228, 44.6164 ], [ -92.4266, 44.6203 ], [ -92.4437, 44.6209 ], [ -92.447, 44.6136 ], [ -92.4519, 44.6127 ], [ -92.4577, 44.6162 ], [ -92.467, 44.616 ], [ -92.4671, 44.623 ], [ -92.4772, 44.6235 ], [ -92.4774, 44.6299 ], [ -92.4832, 44.6306 ], [ -92.4775, 44.6387 ], [ -92.4776, 44.645 ], [ -92.4971, 44.6447 ], [ -92.4972, 44.6842 ] ] ] } },
{ "type": "Feature", "properties": { "GEOID": "55101000200", "county": "Census Tract 2" }, "geometry": { "type": "Polygon", "coordinates": [ [ [ -87.7894, 42.7257 ], [ -87.7785, 42.726 ], [ -87.778, 42.7189 ], [ -87.7808, 42.718 ], [ -87.7837, 42.7045 ], [ -87.7892, 42.7043 ], [ -87.7894, 42.7257 ] ] ] } },
{ "type": "Feature", "properties": { "GEOID": "55043960600", "county": "Census Tract 9606" }, "geometry": { "type": "Polygon", "coordinates": [ [ [ -90.8249, 42.7824 ], [ -90.8215, 42.7977 ], [ -90.8194, 42.7996 ], [ -90.8074, 42.8 ], [ -90.8076, 42.8199 ], [ -90.7831, 42.8332 ], [ -90.758, 42.8331 ], [ -90.7642, 42.8414 ], [ -90.7829, 42.85 ], [ -90.7868, 42.8497 ], [ -90.7755, 42.8596 ], [ -90.7348, 42.85 ], [ -90.7241, 42.8499 ], [ -90.7229, 42.8163 ], [ -90.717, 42.8229 ], [ -90.7027, 42.8303 ], [ -90.6886, 42.8268 ], [ -90.6844, 42.8338 ], [ -90.6849, 42.8649 ], [ -90.6683, 42.8775 ], [ -90.659, 42.8919 ], [ -90.6696, 42.9137 ], [ -90.669, 42.9198 ], [ -90.6539, 42.9336 ], [ -90.6478, 42.9335 ], [ -90.6422, 42.9295 ], [ -90.6371, 42.93 ], [ -90.6306, 42.9241 ], [ -90.6233, 42.9267 ], [ -90.6257, 42.9593 ], [ -90.5564, 42.9591 ], [ -90.5563, 42.9518 ], [ -90.4284, 42.9515 ], [ -90.4263, 42.7766 ], [ -90.4462, 42.7766 ], [ -90.4473, 42.7741 ], [ -90.4586, 42.7799 ], [ -90.4699, 42.777 ], [ -90.4728, 42.7782 ], [ -90.4848, 42.7725 ], [ -90.4955, 42.7556 ], [ -90.506, 42.7524 ], [ -90.5183, 42.7584 ], [ -90.5206, 42.762 ], [ -90.5834, 42.7617 ], [ -90.6001, 42.757 ], [ -90.6137, 42.7579 ], [ -90.6223, 42.7515 ], [ -90.6282, 42.7589 ], [ -90.6562, 42.7671 ], [ -90.6571, 42.7697 ], [ -90.6647, 42.7706 ], [ -90.7014, 42.7698 ], [ -90.7015, 42.7619 ], [ -90.7153, 42.7641 ], [ -90.7229, 42.7605 ], [ -90.729, 42.762 ], [ -90.7381, 42.7533 ], [ -90.7431, 42.77 ], [ -90.781, 42.7703 ], [ -90.7814, 42.7783 ], [ -90.7711, 42.7848 ], [ -90.8183, 42.7862 ], [ -90.8197, 42.7795 ], [ -90.8249, 42.7824 ] ] ] } },
{ "type": "Feature", "properties": { "GEOID": "55073001106", "county": "Census Tract 11.06" }, "geometry": { "type": "Polygon", "coordinates": [ [ [ -89.6592, 44.8584 ], [ -89.6511, 44.8658 ], [ -89.6391, 44.8675 ], [ -89.6344, 44.871 ], [ -89.6278, 44.8685 ], [ -89.6167, 44.8709 ], [ -89.6103, 44.8675 ], [ -89.5924, 44.871 ], [ -89.5924, 44.873 ], [ -89.5823, 44.8729 ], [ -89.5825, 44.8873 ], [ -89.5622, 44.8875 ], [ -89.5622, 44.9057 ], [ -89.5425, 44.9021 ], [ -89.5266, 44.9023 ], [ -89.5263, 44.9116 ], [ -89.5332, 44.9054 ], [ -89.5358, 44.9061 ], [ -89.5435, 44.9164 ], [ -89.5624, 44.9187 ], [ -89.5596, 44.9203 ], [ -89.5601, 44.9222 ], [ -89.5633, 44.9224 ], [ -89.5621, 44.9274 ], [ -89.564, 44.928 ], [ -89.556, 44.9276 ], [ -89.55, 44.9345 ], [ -89.545, 44.9322 ], [ -89.5356, 44.9353 ], [ -89.5356, 44.9372 ], [ -89.5233, 44.9422 ], [ -89.5213, 44.9455 ], [ -89.4918, 44.9457 ], [ -89.4907, 44.8584 ], [ -89.6592, 44.8584 ] ] ] } },
{ "type": "Feature", "properties": { "GEOID": "55031030102", "county": "Census Tract 301.02" }, "geometry": { "type": "Polygon", "coordinates": [ [ [ -91.7818, 46.5613 ], [ -91.7421, 46.5609 ], [ -91.7418, 46.6624 ], [ -91.6469, 46.6621 ], [ -91.6469, 46.6766 ], [ -91.6017, 46.6761 ], [ -91.5951, 46.68 ], [ -91.589, 46.6761 ], [ -91.5521, 46.6759 ], [ -91.5534, 46.5028 ], [ -91.6762, 46.5028 ], [ -91.6758, 46.4863 ], [ -91.691, 46.4935 ], [ -91.6934, 46.4968 ], [ -91.6932, 46.5077 ], [ -91.6979, 46.5078 ], [ -91.7002, 46.515 ], [ -91.7062, 46.5135 ], [ -91.7196, 46.5161 ], [ -91.7401, 46.5342 ], [ -91.7818, 46.5613 ] ] ] } },
{ "type": "Feature", "properties": { "GEOID": "55115100700", "county": "Census Tract 1007" }, "geometry": { "type": "Polygon", "coordinates": [ [ [ -89.1226, 44.9723 ], [ -89.1224, 44.9953 ], [ -89.1278, 45.0014 ], [ -89.1235, 45.0014 ], [ -89.1224, 45.0042 ], [ -89.1278, 45.0084 ], [ -89.1021, 45.0084 ], [ -89.102, 45.0242 ], [ -89.109, 45.0296 ], [ -88.9817, 45.0289 ], [ -88.9813, 44.9427 ], [ -89.0016, 44.9427 ], [ -89.0019, 44.9207 ], [ -88.9916, 44.9058 ], [ -88.9915, 44.8718 ], [ -88.9958, 44.8703 ], [ -88.9927, 44.8681 ], [ -88.9921, 44.8558 ], [ -88.9814, 44.8557 ], [ -88.976, 44.843 ], [ -88.9817, 44.8297 ], [ -88.9912, 44.8291 ], [ -88.9926, 44.822 ], [ -89.0121, 44.8218 ], [ -89.0122, 44.8118 ], [ -89.0183, 44.8087 ], [ -89.0197, 44.8037 ], [ -88.9819, 44.8041 ], [ -88.9817, 44.763 ], [ -88.9453, 44.7627 ], [ -88.9447, 44.7595 ], [ -88.935, 44.7589 ], [ -88.9358, 44.7482 ], [ -88.9301, 44.7481 ], [ -88.9303, 44.7302 ], [ -88.9409, 44.7302 ], [ -88.9411, 44.7086 ], [ -88.9666, 44.7087 ], [ -88.9664, 44.6945 ], [ -88.9713, 44.694 ], [ -88.9718, 44.6798 ], [ -89.0629, 44.6802 ], [ -89.0626, 44.6951 ], [ -89.1025, 44.6953 ], [ -89.1029, 44.7274 ], [ -89.1049, 44.7294 ], [ -89.1007, 44.7326 ], [ -89.1028, 44.7355 ], [ -89.1027, 44.8632 ], [ -89.0929, 44.8706 ], [ -89.0622, 44.8707 ], [ -89.0611, 44.8912 ], [ -89.0625, 44.8997 ], [ -89.0803, 44.8996 ], [ -89.0826, 44.911 ], [ -89.0886, 44.9132 ], [ -89.0962, 44.9131 ], [ -89.1, 44.9202 ], [ -89.0987, 44.9304 ], [ -89.0912, 44.9385 ], [ -89.0888, 44.9379 ], [ -89.086, 44.9401 ], [ -89.0899, 44.946 ], [ -89.1001, 44.9494 ], [ -89.105, 44.9474 ], [ -89.1066, 44.9488 ], [ -89.1137, 44.9434 ], [ -89.1227, 44.9434 ], [ -89.1224, 44.965 ], [ -89.1324, 44.9651 ], [ -89.1226, 44.9723 ] ] ] } },
{ "type": "Feature", "properties": { "GEOID": "55103970100", "county": "Census Tract 9701" }, "geometry": { "type": "Polygon", "coordinates": [ [ [ -90.6716, 43.5529 ], [ -90.192, 43.555 ], [ -90.1918, 43.458 ], [ -90.2172, 43.4574 ], [ -90.2265, 43.4651 ], [ -90.236, 43.4674 ], [ -90.2481, 43.4672 ], [ -90.2579, 43.4596 ], [ -90.2583, 43.4628 ], [ -90.2669, 43.4653 ], [ -90.2767, 43.459 ], [ -90.2826, 43.4597 ], [ -90.2971, 43.4695 ], [ -90.3105, 43.467 ], [ -90.3238, 43.4705 ], [ -90.349, 43.4634 ], [ -90.3585, 43.4642 ], [ -90.3579, 43.4562 ], [ -90.3624, 43.4502 ], [ -90.3618, 43.4445 ], [ -90.3691, 43.446 ], [ -90.3776, 43.4528 ], [ -90.3842, 43.4549 ], [ -90.3909, 43.4615 ], [ -90.4071, 43.4668 ], [ -90.4097, 43.4662 ], [ -90.4156, 43.4556 ], [ -90.417, 43.4464 ], [ -90.4219, 43.445 ], [ -90.4286, 43.4523 ], [ -90.4629, 43.4575 ], [ -90.4673, 43.4744 ], [ -90.4748, 43.4738 ], [ -90.4843, 43.4687 ], [ -90.5005, 43.4702 ], [ -90.5102, 43.4664 ], [ -90.5172, 43.4713 ], [ -90.5268, 43.4707 ], [ -90.5394, 43.4736 ], [ -90.5878, 43.4737 ], [ -90.5922, 43.4701 ], [ -90.5947, 43.4715 ], [ -90.6131, 43.4707 ], [ -90.6148, 43.4737 ], [ -90.6353, 43.4737 ], [ -90.6505, 43.4783 ], [ -90.6609, 43.4794 ], [ -90.669, 43.4777 ], [ -90.6716, 43.5529 ] ] ] } },
{ "type": "Feature", "properties": { "GEOID": "55125950201", "county": "Census Tract 9502.01" }, "geometry": { "type": "Polygon", "coordinates": [ [ [ -89.3904, 46.1751 ], [ -89.381, 46.1833 ], [ -89.3763, 46.1935 ], [ -89.0916, 46.1385 ], [ -89.0265, 46.1119 ], [ -89.0296, 46.106 ], [ -89.0359, 46.1049 ], [ -89.0405, 46.1014 ], [ -89.0384, 46.0928 ], [ -89.0408, 46.0901 ], [ -89.0414, 46.069 ], [ -89.0654, 46.0691 ], [ -89.0753, 46.0636 ], [ -89.0866, 46.0665 ], [ -89.0885, 46.0714 ], [ -89.097, 46.0648 ], [ -89.1144, 46.0605 ], [ -89.1256, 46.0526 ], [ -89.1404, 46.0497 ], [ -89.1528, 46.0502 ], [ -89.1556, 46.0485 ], [ -89.1629, 46.038 ], [ -89.1605, 46.0378 ], [ -89.1585, 46.0338 ], [ -89.1299, 46.0329 ], [ -89.1299, 46.0259 ], [ -89.1246, 46.0258 ], [ -89.1245, 46.0223 ], [ -89.1194, 46.0221 ], [ -89.1194, 46.0097 ], [ -89.1018, 46.0106 ], [ -89.1026, 45.9995 ], [ -89.1077, 45.9955 ], [ -89.1264, 45.9963 ], [ -89.1299, 45.9892 ], [ -89.1345, 45.9873 ], [ -89.1373, 45.9825 ], [ -89.1521, 45.9824 ], [ -89.163, 45.9715 ], [ -89.165, 45.9657 ], [ -89.1712, 45.9624 ], [ -89.176, 45.9626 ], [ -89.1769, 45.9507 ], [ -89.1854, 45.9416 ], [ -89.2027, 45.9393 ], [ -89.207, 45.9355 ], [ -89.2144, 45.9399 ], [ -89.2118, 45.9445 ], [ -89.2209, 45.9422 ], [ -89.2247, 45.9486 ], [ -89.2303, 45.9509 ], [ -89.2402, 45.9503 ], [ -89.2538, 45.9411 ], [ -89.2817, 45.9421 ], [ -89.2821, 45.9782 ], [ -89.2869, 45.9821 ], [ -89.2979, 45.9824 ], [ -89.3113, 45.9904 ], [ -89.3161, 45.9976 ], [ -89.3105, 46.0043 ], [ -89.3143, 46.0065 ], [ -89.3154, 46.011 ], [ -89.3199, 46.0116 ], [ -89.321, 46.0173 ], [ -89.3154, 46.0176 ], [ -89.3056, 46.0251 ], [ -89.305, 46.0495 ], [ -89.3029, 46.0507 ], [ -89.2825, 46.0508 ], [ -89.2742, 46.0478 ], [ -89.259, 46.0476 ], [ -89.2546, 46.0686 ], [ -89.2407, 46.0902 ], [ -89.2621, 46.0909 ], [ -89.2837, 46.0947 ], [ -89.2984, 46.0944 ], [ -89.3049, 46.0989 ], [ -89.3106, 46.1083 ], [ -89.3442, 46.1132 ], [ -89.3498, 46.1239 ], [ -89.3459, 46.1369 ], [ -89.3363, 46.1453 ], [ -89.3361, 46.1558 ], [ -89.3545, 46.1566 ], [ -89.3609, 46.1616 ], [ -89.3823, 46.1626 ], [ -89.3863, 46.1651 ], [ -89.3904, 46.1751 ] ] ] } },
{ "type": "Feature", "properties": { "GEOID": "55025011406", "county": "Census Tract 114.06" }, "geometry": { "type": "Polygon", "coordinates": [ [ [ -89.2838, 43.0845 ], [ -89.2856, 43.1042 ], [ -89.2667, 43.1036 ], [ -89.2668, 43.0849 ], [ -89.2838, 43.0845 ] ] ] } },
{ "type": "Feature", "properties": { "GEOID": "55015020304", "county": "Census Tract 203.04" }, "geometry": { "type": "Polygon", "coordinates": [ [ [ -88.3833, 44.2441 ], [ -88.3631, 44.2439 ], [ -88.3557, 44.2439 ], [ -88.363, 44.2377 ], [ -88.3833, 44.2327 ], [ -88.3833, 44.2441 ] ] ] } },
{ "type": "Feature", "properties": { "GEOID": "55109120401", "county": "Census Tract 1204.01" }, "geometry": { "type": "Polygon", "coordinates": [ [ [ -92.7922, 45.0789 ], [ -92.7449, 45.1083 ], [ -92.7396, 45.1156 ], [ -92.7457, 45.1231 ], [ -92.7521, 45.1421 ], [ -92.7491, 45.1485 ], [ -92.7524, 45.1739 ], [ -92.7649, 45.1828 ], [ -92.7671, 45.1879 ], [ -92.7621, 45.2072 ], [ -92.758, 45.2096 ], [ -92.6515, 45.2101 ], [ -92.652, 45.1228 ], [ -92.6192, 45.1227 ], [ -92.6194, 45.0789 ], [ -92.6447, 45.0788 ], [ -92.6503, 45.0825 ], [ -92.6656, 45.0825 ], [ -92.6656, 45.0889 ], [ -92.6688, 45.0933 ], [ -92.7009, 45.0933 ], [ -92.706, 45.0861 ], [ -92.7158, 45.0861 ], [ -92.7166, 45.0818 ], [ -92.723, 45.0789 ], [ -92.7713, 45.0788 ], [ -92.7715, 45.0838 ], [ -92.7747, 45.0854 ], [ -92.7868, 45.0788 ], [ -92.7922, 45.0789 ] ] ] } },
{ "type": "Feature", "properties": { "GEOID": "55109121000", "county": "Census Tract 1210" }, "geometry": { "type": "Polygon", "coordinates": [ [ [ -92.6195, 45.0357 ], [ -92.3752, 45.0355 ], [ -92.375, 44.9924 ], [ -92.3954, 44.9925 ], [ -92.3951, 44.9408 ], [ -92.4713, 44.9434 ], [ -92.4864, 44.9417 ], [ -92.5233, 44.9423 ], [ -92.5612, 44.9599 ], [ -92.6106, 44.9611 ], [ -92.6194, 44.963 ], [ -92.6195, 45.0357 ] ] ] } },
{ "type": "Feature", "properties": { "GEOID": "55127000801", "county": "Census Tract 8.01" }, "geometry": { "type": "Polygon", "coordinates": [ [ [ -88.6299, 42.6691 ], [ -88.5904, 42.6695 ], [ -88.5903, 42.6447 ], [ -88.561, 42.6465 ], [ -88.5413, 42.6559 ], [ -88.5408, 42.5975 ], [ -88.5802, 42.5973 ], [ -88.5803, 42.618 ], [ -88.5889, 42.6269 ], [ -88.6256, 42.6276 ], [ -88.6299, 42.6691 ] ] ] } },
{ "type": "Feature", "properties": { "GEOID": "55035000501", "county": "Census Tract 5.01" }, "geometry": { "type": "Polygon", "coordinates": [ [ [ -91.5145, 44.8573 ], [ -91.4645, 44.8573 ], [ -91.4727, 44.8484 ], [ -91.4761, 44.8263 ], [ -91.4806, 44.8257 ], [ -91.4952, 44.831 ], [ -91.4949, 44.8372 ], [ -91.5145, 44.8573 ] ] ] } },
{ "type": "Feature", "properties": { "GEOID": "55059000601", "county": "Census Tract 6.01" }, "geometry": { "type": "Polygon", "coordinates": [ [ [ -87.9531, 42.6696 ], [ -87.846, 42.6681 ], [ -87.8497, 42.65 ], [ -87.8458, 42.6391 ], [ -87.8584, 42.6395 ], [ -87.8583, 42.6249 ], [ -87.8773, 42.6251 ], [ -87.8778, 42.6068 ], [ -87.884, 42.5815 ], [ -87.9528, 42.5823 ], [ -87.9531, 42.6696 ] ] ] } },
{ "type": "Feature", "properties": { "GEOID": "55059001800", "county": "Census Tract 18" }, "geometry": { "type": "Polygon", "coordinates": [ [ [ -87.826, 42.5795 ], [ -87.8203, 42.5808 ], [ -87.8193, 42.5795 ], [ -87.8199, 42.5585 ], [ -87.8218, 42.5585 ], [ -87.826, 42.5795 ] ] ] } },
{ "type": "Feature", "properties": { "GEOID": "55059002100", "county": "Census Tract 21" }, "geometry": { "type": "Polygon", "coordinates": [ [ [ -87.8352, 42.5586 ], [ -87.8218, 42.5585 ], [ -87.8197, 42.5405 ], [ -87.8346, 42.5403 ], [ -87.8352, 42.5586 ] ] ] } },
{ "type": "Feature", "properties": { "GEOID": "55009001400", "county": "Census Tract 14" }, "geometry": { "type": "Polygon", "coordinates": [ [ [ -88.0109, 44.4939 ], [ -88.0014, 44.5076 ], [ -87.9904, 44.5052 ], [ -87.9919, 44.5025 ], [ -87.9874, 44.5025 ], [ -87.9946, 44.4881 ], [ -88.0109, 44.4939 ] ] ] } },
{ "type": "Feature", "properties": { "GEOID": "55071010400", "county": "Census Tract 104" }, "geometry": { "type": "Polygon", "coordinates": [ [ [ -88.0429, 44.0664 ], [ -87.9225, 44.0662 ], [ -87.9236, 44.1533 ], [ -87.8016, 44.1531 ], [ -87.8016, 43.9791 ], [ -88.0421, 43.9792 ], [ -88.0429, 44.0664 ] ] ] } },
{ "type": "Feature", "properties": { "GEOID": "55051180100", "county": "Census Tract 1801" }, "geometry": { "type": "Polygon", "coordinates": [ [ [ -90.2839, 46.4143 ], [ -90.2687, 46.4171 ], [ -90.2576, 46.4268 ], [ -90.2507, 46.4274 ], [ -90.2505, 46.4305 ], [ -90.2476, 46.4306 ], [ -90.2457, 46.4467 ], [ -90.2358, 46.4467 ], [ -90.2356, 46.4576 ], [ -90.2149, 46.4579 ], [ -90.2148, 46.4723 ], [ -90.2032, 46.472 ], [ -90.2018, 46.4762 ], [ -90.1934, 46.4725 ], [ -90.1927, 46.4686 ], [ -90.189, 46.469 ], [ -90.1933, 46.4631 ], [ -90.1894, 46.4588 ], [ -90.1783, 46.4574 ], [ -90.1779, 46.4402 ], [ -90.1704, 46.4394 ], [ -90.1678, 46.4421 ], [ -90.1577, 46.4157 ], [ -90.1589, 46.4133 ], [ -90.1969, 46.4133 ], [ -90.1965, 46.4205 ], [ -90.2067, 46.4207 ], [ -90.2074, 46.4258 ], [ -90.2197, 46.4155 ], [ -90.2392, 46.4145 ], [ -90.2444, 46.4106 ], [ -90.246, 46.4125 ], [ -90.259, 46.4133 ], [ -90.2575, 46.4058 ], [ -90.2696, 46.4016 ], [ -90.2768, 46.4017 ], [ -90.2839, 46.4143 ] ] ] } },
{ "type": "Feature", "properties": { "GEOID": "55071010100", "county": "Census Tract 101" }, "geometry": { "type": "Polygon", "coordinates": [ [ [ -87.681, 44.2405 ], [ -87.6648, 44.2405 ], [ -87.6648, 44.255 ], [ -87.6446, 44.255 ], [ -87.6442, 44.3275 ], [ -87.543, 44.3275 ], [ -87.5454, 44.3214 ], [ -87.5447, 44.3069 ], [ -87.5412, 44.2931 ], [ -87.5217, 44.26 ], [ -87.5084, 44.2297 ], [ -87.5074, 44.2108 ], [ -87.5197, 44.1799 ], [ -87.5399, 44.1597 ], [ -87.5443, 44.157 ], [ -87.5518, 44.1594 ], [ -87.5347, 44.1806 ], [ -87.5411, 44.1827 ], [ -87.5692, 44.1823 ], [ -87.5751, 44.1842 ], [ -87.5777, 44.1792 ], [ -87.5822, 44.1842 ], [ -87.5868, 44.1842 ], [ -87.5915, 44.1806 ], [ -87.606, 44.1894 ], [ -87.6088, 44.1887 ], [ -87.6065, 44.1863 ], [ -87.6202, 44.1861 ], [ -87.6201, 44.1752 ], [ -87.6432, 44.1754 ], [ -87.6491, 44.1776 ], [ -87.6493, 44.1752 ], [ -87.6414, 44.1722 ], [ -87.6402, 44.168 ], [ -87.6211, 44.1666 ], [ -87.6202, 44.1536 ], [ -87.6606, 44.1537 ], [ -87.6605, 44.2115 ], [ -87.6811, 44.2116 ], [ -87.681, 44.2405 ] ] ] } },
{ "type": "Feature", "properties": { "GEOID": "55101002800", "county": "Census Tract 28" }, "geometry": { "type": "Polygon", "coordinates": [ [ [ -88.3081, 42.7555 ], [ -88.3064, 42.8421 ], [ -88.188, 42.8428 ], [ -88.1894, 42.772 ], [ -88.199, 42.7764 ], [ -88.204, 42.775 ], [ -88.2038, 42.778 ], [ -88.209, 42.778 ], [ -88.209, 42.7796 ], [ -88.2184, 42.779 ], [ -88.2175, 42.7861 ], [ -88.2204, 42.7944 ], [ -88.2282, 42.7904 ], [ -88.2293, 42.756 ], [ -88.3081, 42.7555 ] ] ] } },
{ "type": "Feature", "properties": { "GEOID": "55033970400", "county": "Census Tract 9704" }, "geometry": { "type": "Polygon", "coordinates": [ [ [ -91.9004, 44.6839 ], [ -91.9022, 44.6937 ], [ -91.8956, 44.6963 ], [ -91.8897, 44.7038 ], [ -91.8826, 44.7041 ], [ -91.8894, 44.7127 ], [ -91.8971, 44.7168 ], [ -91.8886, 44.7254 ], [ -91.8883, 44.7376 ], [ -91.8762, 44.7378 ], [ -91.8732, 44.74 ], [ -91.873, 44.7628 ], [ -91.8871, 44.7635 ], [ -91.8884, 44.7669 ], [ -91.8931, 44.7673 ], [ -91.8912, 44.7748 ], [ -91.8931, 44.7761 ], [ -91.8935, 44.8146 ], [ -91.874, 44.8146 ], [ -91.8724, 44.826 ], [ -91.8744, 44.8509 ], [ -91.8827, 44.86 ], [ -91.8908, 44.8647 ], [ -91.8847, 44.8647 ], [ -91.8848, 44.8864 ], [ -91.8546, 44.8871 ], [ -91.8546, 44.9063 ], [ -91.8523, 44.9057 ], [ -91.8523, 44.908 ], [ -91.8548, 44.908 ], [ -91.8545, 44.9155 ], [ -91.783, 44.9149 ], [ -91.7777, 44.9121 ], [ -91.7445, 44.9107 ], [ -91.7441, 44.9288 ], [ -91.6508, 44.9286 ], [ -91.6504, 44.6836 ], [ -91.9004, 44.6839 ] ] ] } },
{ "type": "Feature", "properties": { "GEOID": "55045960400", "county": "Census Tract 9604" }, "geometry": { "type": "Polygon", "coordinates": [ [ [ -89.72, 42.6215 ], [ -89.7099, 42.625 ], [ -89.67, 42.6264 ], [ -89.6546, 42.618 ], [ -89.6525, 42.6135 ], [ -89.6415, 42.6173 ], [ -89.634, 42.6161 ], [ -89.5956, 42.597 ], [ -89.6164, 42.5963 ], [ -89.6239, 42.6029 ], [ -89.635, 42.6021 ], [ -89.6351, 42.6002 ], [ -89.6374, 42.6002 ], [ -89.6374, 42.6029 ], [ -89.6462, 42.6034 ], [ -89.68, 42.6033 ], [ -89.6838, 42.6015 ], [ -89.7037, 42.6102 ], [ -89.7131, 42.6091 ], [ -89.7201, 42.6107 ], [ -89.72, 42.6215 ] ] ] } },
{ "type": "Feature", "properties": { "GEOID": "55033970200", "county": "Census Tract 9702" }, "geometry": { "type": "Polygon", "coordinates": [ [ [ -92.1568, 45.1355 ], [ -92.1495, 45.1332 ], [ -92.1324, 45.1366 ], [ -92.123, 45.1344 ], [ -92.095, 45.1361 ], [ -92.0981, 45.1315 ], [ -92.0977, 45.1255 ], [ -92.0928, 45.1179 ], [ -92.0809, 45.1138 ], [ -92.0805, 45.106 ], [ -92.0723, 45.0968 ], [ -92.0613, 45.0893 ], [ -92.0464, 45.0882 ], [ -92.0458, 45.0796 ], [ -92.0357, 45.0776 ], [ -92.0357, 45.0603 ], [ -91.9563, 45.0601 ], [ -91.9563, 45.0671 ], [ -91.9512, 45.0693 ], [ -91.9154, 45.067 ], [ -91.9148, 45.0635 ], [ -91.8953, 45.0636 ], [ -91.8925, 45.0599 ], [ -91.8705, 45.0603 ], [ -91.8702, 45.0365 ], [ -91.8855, 45.0422 ], [ -91.8855, 45.0347 ], [ -91.8909, 45.0339 ], [ -91.8945, 45.0036 ], [ -91.8952, 44.9607 ], [ -91.9133, 44.948 ], [ -91.9245, 44.9335 ], [ -91.9554, 44.9334 ], [ -91.9554, 44.9225 ], [ -91.9655, 44.9218 ], [ -91.9894, 44.9281 ], [ -92.0064, 44.9364 ], [ -92.0347, 44.9428 ], [ -92.0349, 44.9228 ], [ -92.0503, 44.9312 ], [ -92.071, 44.9324 ], [ -92.0733, 44.934 ], [ -92.0772, 44.9327 ], [ -92.0973, 44.9351 ], [ -92.1353, 44.9338 ], [ -92.1361, 45.1214 ], [ -92.1571, 45.1216 ], [ -92.1568, 45.1355 ] ] ] } },
{ "type": "Feature", "properties": { "GEOID": "55021970700", "county": "Census Tract 9707" }, "geometry": { "type": "Polygon", "coordinates": [ [ [ -89.5571, 43.3964 ], [ -89.5306, 43.4181 ], [ -89.5043, 43.4329 ], [ -89.4984, 43.4378 ], [ -89.4934, 43.4473 ], [ -89.4881, 43.4408 ], [ -89.4763, 43.4454 ], [ -89.4732, 43.4473 ], [ -89.4732, 43.4506 ], [ -89.4671, 43.4532 ], [ -89.4663, 43.4585 ], [ -89.4466, 43.4583 ], [ -89.4339, 43.4558 ], [ -89.4084, 43.459 ], [ -89.4089, 43.4753 ], [ -89.3739, 43.4756 ], [ -89.3738, 43.461 ], [ -89.3347, 43.4664 ], [ -89.3186, 43.4665 ], [ -89.3239, 43.4603 ], [ -89.33, 43.4407 ], [ -89.3599, 43.441 ], [ -89.3591, 43.434 ], [ -89.3544, 43.4301 ], [ -89.3736, 43.4284 ], [ -89.3726, 43.3812 ], [ -89.37, 43.3771 ], [ -89.3965, 43.3776 ], [ -89.4026, 43.3824 ], [ -89.4205, 43.3807 ], [ -89.4574, 43.3926 ], [ -89.4641, 43.3927 ], [ -89.4792, 43.3884 ], [ -89.5104, 43.3885 ], [ -89.5214, 43.3899 ], [ -89.5214, 43.3921 ], [ -89.5435, 43.3881 ], [ -89.5571, 43.3964 ] ] ] } },
{ "type": "Feature", "properties": { "GEOID": "55009021302", "county": "Census Tract 213.02" }, "geometry": { "type": "Polygon", "coordinates": [ [ [ -88.1499, 44.5013 ], [ -88.1311, 44.4958 ], [ -88.1133, 44.4968 ], [ -88.1101, 44.5022 ], [ -88.1013, 44.5021 ], [ -88.0993, 44.5094 ], [ -88.0837, 44.5109 ], [ -88.0803, 44.4848 ], [ -88.0978, 44.4923 ], [ -88.0992, 44.4907 ], [ -88.0927, 44.4885 ], [ -88.0937, 44.487 ], [ -88.0864, 44.486 ], [ -88.0878, 44.4841 ], [ -88.0907, 44.485 ], [ -88.0961, 44.4779 ], [ -88.0992, 44.479 ], [ -88.097, 44.4822 ], [ -88.1155, 44.4887 ], [ -88.1297, 44.4886 ], [ -88.1297, 44.4936 ], [ -88.1499, 44.5013 ] ] ] } },
{ "type": "Feature", "properties": { "GEOID": "55055101300", "county": "Census Tract 1013" }, "geometry": { "type": "Polygon", "coordinates": [ [ [ -88.8947, 42.9235 ], [ -88.8946, 42.9479 ], [ -88.8681, 42.9503 ], [ -88.8382, 42.9485 ], [ -88.8359, 42.9775 ], [ -88.8327, 42.98 ], [ -88.8264, 42.9769 ], [ -88.821, 42.9795 ], [ -88.8179, 42.9764 ], [ -88.8367, 42.934 ], [ -88.837, 42.9283 ], [ -88.8411, 42.9289 ], [ -88.8465, 42.926 ], [ -88.8637, 42.9227 ], [ -88.8678, 42.919 ], [ -88.8733, 42.9183 ], [ -88.8808, 42.9187 ], [ -88.8947, 42.9235 ] ] ] } },
{ "type": "Feature", "properties": { "GEOID": "55133201201", "county": "Census Tract 2012.01" }, "geometry": { "type": "Polygon", "coordinates": [ [ [ -88.2079, 43.0479 ], [ -88.2058, 43.0588 ], [ -88.1979, 43.0549 ], [ -88.1909, 43.0583 ], [ -88.1834, 43.0577 ], [ -88.1663, 43.0614 ], [ -88.167, 43.0332 ], [ -88.1792, 43.0399 ], [ -88.2079, 43.0479 ] ] ] } },
{ "type": "Feature", "properties": { "GEOID": "55039041600", "county": "Census Tract 416" }, "geometry": { "type": "Polygon", "coordinates": [ [ [ -88.8857, 43.808 ], [ -88.8857, 43.8952 ], [ -88.8372, 43.895 ], [ -88.8295, 43.8815 ], [ -88.831, 43.8689 ], [ -88.8361, 43.8637 ], [ -88.8348, 43.8077 ], [ -88.8857, 43.808 ] ] ] } },
{ "type": "Feature", "properties": { "GEOID": "55025000406", "county": "Census Tract 4.06" }, "geometry": { "type": "Polygon", "coordinates": [ [ [ -89.5331, 43.0313 ], [ -89.5327, 43.0446 ], [ -89.5277, 43.0528 ], [ -89.5275, 43.0604 ], [ -89.5226, 43.0605 ], [ -89.5177, 43.0552 ], [ -89.5186, 43.0317 ], [ -89.5331, 43.0313 ] ] ] } },
{ "type": "Feature", "properties": { "GEOID": "55025012502", "county": "Census Tract 125.02" }, "geometry": { "type": "Polygon", "coordinates": [ [ [ -89.4383, 42.9144 ], [ -89.4372, 42.9505 ], [ -89.4174, 42.9504 ], [ -89.4167, 42.9653 ], [ -89.4119, 42.9723 ], [ -89.3849, 42.9707 ], [ -89.3722, 42.9719 ], [ -89.3726, 42.9622 ], [ -89.3832, 42.9429 ], [ -89.3836, 42.9288 ], [ -89.3885, 42.9112 ], [ -89.3863, 42.8998 ], [ -89.4136, 42.9 ], [ -89.4183, 42.9145 ], [ -89.4383, 42.9144 ] ] ] } },
{ "type": "Feature", "properties": { "GEOID": "55025013302", "county": "Census Tract 133.02" }, "geometry": { "type": "Polygon", "coordinates": [ [ [ -89.3719, 43.2546 ], [ -89.3679, 43.2576 ], [ -89.3677, 43.2646 ], [ -89.3634, 43.2648 ], [ -89.3629, 43.2672 ], [ -89.3457, 43.2672 ], [ -89.3411, 43.2502 ], [ -89.3402, 43.2236 ], [ -89.3478, 43.2223 ], [ -89.3474, 43.2294 ], [ -89.3516, 43.2336 ], [ -89.3557, 43.2334 ], [ -89.3575, 43.2305 ], [ -89.3626, 43.229 ], [ -89.3629, 43.2418 ], [ -89.3681, 43.2506 ], [ -89.3725, 43.2503 ], [ -89.3719, 43.2546 ] ] ] } },
{ "type": "Feature", "properties": { "GEOID": "55003950700", "county": "Census Tract 9507" }, "geometry": { "type": "Polygon", "coordinates": [ [ [ -90.9252, 45.9812 ], [ -90.9247, 46.1459 ], [ -90.9159, 46.153 ], [ -90.909, 46.164 ], [ -90.8839, 46.1593 ], [ -90.865, 46.1522 ], [ -90.8501, 46.1545 ], [ -90.6313, 46.1543 ], [ -90.6227, 46.1575 ], [ -90.6084, 46.1518 ], [ -90.5917, 46.1519 ], [ -90.5938, 46.1907 ], [ -90.5916, 46.196 ], [ -90.6048, 46.2105 ], [ -90.5832, 46.2148 ], [ -90.5861, 46.2249 ], [ -90.5827, 46.2307 ], [ -90.5836, 46.2369 ], [ -90.5589, 46.2614 ], [ -90.552, 46.2623 ], [ -90.5522, 46.2408 ], [ -90.426, 46.2405 ], [ -90.4263, 46.1541 ], [ -90.3031, 46.1548 ], [ -90.3037, 46.0966 ], [ -90.3003, 46.068 ], [ -90.3021, 45.9813 ], [ -90.9233, 45.981 ], [ -90.9252, 45.9812 ] ] ] } },
{ "type": "Feature", "properties": { "GEOID": "55025000407", "county": "Census Tract 4.07" }, "geometry": { "type": "Polygon", "coordinates": [ [ [ -89.5049, 43.0403 ], [ -89.5032, 43.0462 ], [ -89.4735, 43.046 ], [ -89.4776, 43.0392 ], [ -89.4836, 43.0392 ], [ -89.4837, 43.0319 ], [ -89.4969, 43.0318 ], [ -89.497, 43.0358 ], [ -89.5049, 43.0403 ] ] ] } },
{ "type": "Feature", "properties": { "GEOID": "55025012501", "county": "Census Tract 125.01" }, "geometry": { "type": "Polygon", "coordinates": [ [ [ -89.3885, 42.9112 ], [ -89.3836, 42.9288 ], [ -89.3832, 42.9429 ], [ -89.3732, 42.961 ], [ -89.3478, 42.9608 ], [ -89.3484, 42.9351 ], [ -89.3371, 42.935 ], [ -89.3286, 42.9316 ], [ -89.33, 42.904 ], [ -89.3507, 42.9035 ], [ -89.3475, 42.8966 ], [ -89.3771, 42.8952 ], [ -89.3756, 42.8925 ], [ -89.3863, 42.8926 ], [ -89.3885, 42.9112 ] ] ] } },
{ "type": "Feature", "properties": { "GEOID": "55025011600", "county": "Census Tract 116" }, "geometry": { "type": "Polygon", "coordinates": [ [ [ -89.2455, 43.1583 ], [ -89.2112, 43.1804 ], [ -89.214, 43.1794 ], [ -89.2108, 43.1972 ], [ -89.2111, 43.2242 ], [ -89.1864, 43.2242 ], [ -89.1865, 43.2279 ], [ -89.1666, 43.2279 ], [ -89.1662, 43.2173 ], [ -89.1713, 43.2132 ], [ -89.1663, 43.2077 ], [ -89.1667, 43.1837 ], [ -89.1867, 43.182 ], [ -89.1873, 43.1664 ], [ -89.2073, 43.1661 ], [ -89.2269, 43.1584 ], [ -89.227, 43.1621 ], [ -89.2369, 43.1618 ], [ -89.2373, 43.1583 ], [ -89.2455, 43.1583 ] ] ] } },
{ "type": "Feature", "properties": { "GEOID": "55111000500", "county": "Census Tract 5" }, "geometry": { "type": "Polygon", "coordinates": [ [ [ -89.8667, 43.4458 ], [ -89.8533, 43.4432 ], [ -89.8369, 43.4443 ], [ -89.837, 43.453 ], [ -89.8278, 43.4512 ], [ -89.8262, 43.453 ], [ -89.7936, 43.4528 ], [ -89.7936, 43.446 ], [ -89.7687, 43.4455 ], [ -89.769, 43.4383 ], [ -89.7437, 43.4382 ], [ -89.7438, 43.4454 ], [ -89.7084, 43.4454 ], [ -89.7151, 43.4527 ], [ -89.7051, 43.4527 ], [ -89.7042, 43.4491 ], [ -89.6993, 43.4458 ], [ -89.6851, 43.4456 ], [ -89.6743, 43.4482 ], [ -89.6632, 43.4463 ], [ -89.6629, 43.4417 ], [ -89.671, 43.4328 ], [ -89.646, 43.4307 ], [ -89.6306, 43.433 ], [ -89.6306, 43.4348 ], [ -89.6163, 43.4348 ], [ -89.6153, 43.4312 ], [ -89.6056, 43.4315 ], [ -89.6009, 43.4349 ], [ -89.6007, 43.3807 ], [ -89.6206, 43.3691 ], [ -89.6412, 43.3629 ], [ -89.6557, 43.3598 ], [ -89.6703, 43.3618 ], [ -89.6793, 43.3602 ], [ -89.6964, 43.3421 ], [ -89.7038, 43.3303 ], [ -89.7197, 43.3197 ], [ -89.7236, 43.3145 ], [ -89.727, 43.3003 ], [ -89.7227, 43.2931 ], [ -89.7304, 43.3003 ], [ -89.7358, 43.3148 ], [ -89.7767, 43.3148 ], [ -89.7789, 43.3109 ], [ -89.7955, 43.3111 ], [ -89.7993, 43.3064 ], [ -89.8094, 43.306 ], [ -89.8171, 43.3092 ], [ -89.8189, 43.3122 ], [ -89.8233, 43.3124 ], [ -89.8236, 43.3146 ], [ -89.8285, 43.3148 ], [ -89.8277, 43.3239 ], [ -89.8234, 43.3239 ], [ -89.8235, 43.3261 ], [ -89.8276, 43.33 ], [ -89.8282, 43.3402 ], [ -89.8346, 43.3458 ], [ -89.8329, 43.3583 ], [ -89.851, 43.3577 ], [ -89.8619, 43.3585 ], [ -89.8632, 43.3603 ], [ -89.8646, 43.3805 ], [ -89.8565, 43.3947 ], [ -89.853, 43.4272 ], [ -89.8593, 43.4384 ], [ -89.8664, 43.4423 ], [ -89.8667, 43.4458 ] ] ] } },
{ "type": "Feature", "properties": { "GEOID": "55025001402", "county": "Census Tract 14.02" }, "geometry": { "type": "Polygon", "coordinates": [ [ [ -89.4483, 43.0253 ], [ -89.4425, 43.0353 ], [ -89.4436, 43.0395 ], [ -89.4329, 43.0389 ], [ -89.4337, 43.0462 ], [ -89.4392, 43.0463 ], [ -89.4368, 43.0519 ], [ -89.4171, 43.0592 ], [ -89.404, 43.0567 ], [ -89.4002, 43.05 ], [ -89.4039, 43.0446 ], [ -89.404, 43.0386 ], [ -89.4127, 43.0265 ], [ -89.4242, 43.0266 ], [ -89.4306, 43.0233 ], [ -89.4403, 43.0261 ], [ -89.4483, 43.0253 ] ] ] } },
{ "type": "Feature", "properties": { "GEOID": "55019950100", "county": "Census Tract 9501" }, "geometry": { "type": "Polygon", "coordinates": [ [ [ -90.4341, 44.9586 ], [ -90.4338, 45.031 ], [ -90.315, 45.0338 ], [ -90.3153, 44.8877 ], [ -90.3354, 44.8877 ], [ -90.3352, 44.9048 ], [ -90.3332, 44.9067 ], [ -90.3372, 44.9082 ], [ -90.3401, 44.9143 ], [ -90.3539, 44.9204 ], [ -90.3551, 44.9254 ], [ -90.3608, 44.9304 ], [ -90.3619, 44.9365 ], [ -90.3711, 44.9448 ], [ -90.4219, 44.9442 ], [ -90.423, 44.9587 ], [ -90.4341, 44.9586 ] ] ] } },
{ "type": "Feature", "properties": { "GEOID": "55111000401", "county": "Census Tract 4.01" }, "geometry": { "type": "Polygon", "coordinates": [ [ [ -89.7734, 43.4854 ], [ -89.7654, 43.4856 ], [ -89.7636, 43.4964 ], [ -89.7487, 43.4964 ], [ -89.7477, 43.5001 ], [ -89.7387, 43.5001 ], [ -89.7387, 43.4891 ], [ -89.6392, 43.4889 ], [ -89.6424, 43.4806 ], [ -89.6579, 43.4742 ], [ -89.7689, 43.4748 ], [ -89.7734, 43.4854 ] ] ] } },
{ "type": "Feature", "properties": { "GEOID": "55129950600", "county": "Census Tract 9506" }, "geometry": { "type": "Polygon", "coordinates": [ [ [ -92.0331, 45.9314 ], [ -92.0225, 45.9194 ], [ -92.0242, 45.9126 ], [ -92.0127, 45.9133 ], [ -92.0005, 45.9091 ], [ -91.9907, 45.9095 ], [ -91.9823, 45.9064 ], [ -91.9745, 45.9004 ], [ -91.8889, 45.8995 ], [ -91.8907, 45.8909 ], [ -91.8875, 45.8435 ], [ -91.9178, 45.8434 ], [ -91.9184, 45.8218 ], [ -91.9324, 45.823 ], [ -91.9337, 45.8109 ], [ -91.9274, 45.8109 ], [ -91.9288, 45.8037 ], [ -91.9194, 45.8036 ], [ -91.9179, 45.8072 ], [ -91.8975, 45.8075 ], [ -91.8103, 45.7244 ], [ -91.7854, 45.7244 ], [ -91.7858, 45.7105 ], [ -91.8013, 45.7108 ], [ -91.8109, 45.7089 ], [ -91.8285, 45.697 ], [ -91.8392, 45.6954 ], [ -91.8702, 45.6963 ], [ -91.8654, 45.6847 ], [ -91.8721, 45.6772 ], [ -91.8694, 45.6527 ], [ -91.8757, 45.6388 ], [ -92.0314, 45.6399 ], [ -92.0331, 45.9314 ] ] ] } },
{ "type": "Feature", "properties": { "GEOID": "55105001302", "county": "Census Tract 13.02" }, "geometry": { "type": "Polygon", "coordinates": [ [ [ -88.9841, 42.6967 ], [ -88.9714, 42.7 ], [ -88.8949, 42.6988 ], [ -88.894, 42.5823 ], [ -88.9818, 42.5839 ], [ -88.9841, 42.6967 ] ] ] } },
{ "type": "Feature", "properties": { "GEOID": "55119960100", "county": "Census Tract 9601" }, "geometry": { "type": "Polygon", "coordinates": [ [ [ -90.3268, 45.2068 ], [ -90.3143, 45.2197 ], [ -90.3027, 45.2386 ], [ -90.3026, 45.2929 ], [ -90.2995, 45.3008 ], [ -90.2917, 45.3093 ], [ -90.2905, 45.3298 ], [ -90.2915, 45.3381 ], [ -90.3035, 45.3495 ], [ -90.298, 45.3808 ], [ -90.0423, 45.3819 ], [ -90.0461, 45.3403 ], [ -90.0437, 45.1202 ], [ -90.2908, 45.1212 ], [ -90.2916, 45.2068 ], [ -90.3268, 45.2068 ] ] ] } },
{ "type": "Feature", "properties": { "GEOID": "55141011400", "county": "Census Tract 114" }, "geometry": { "type": "Polygon", "coordinates": [ [ [ -89.8153, 44.3367 ], [ -89.8171, 44.391 ], [ -89.7867, 44.3911 ], [ -89.7864, 44.3623 ], [ -89.8017, 44.3623 ], [ -89.8018, 44.3515 ], [ -89.7966, 44.3515 ], [ -89.796, 44.3441 ], [ -89.7909, 44.3442 ], [ -89.7904, 44.3369 ], [ -89.8153, 44.3367 ] ] ] } },
{ "type": "Feature", "properties": { "GEOID": "55141011700", "county": "Census Tract 117" }, "geometry": { "type": "Polygon", "coordinates": [ [ [ -89.9293, 44.3035 ], [ -89.9296, 44.3221 ], [ -89.9247, 44.3221 ], [ -89.9256, 44.3474 ], [ -89.9167, 44.3474 ], [ -89.9088, 44.3438 ], [ -89.8853, 44.3439 ], [ -89.8848, 44.3657 ], [ -89.8587, 44.3657 ], [ -89.8595, 44.3586 ], [ -89.8487, 44.3399 ], [ -89.8576, 44.3343 ], [ -89.8717, 44.3336 ], [ -89.8832, 44.3356 ], [ -89.8876, 44.3327 ], [ -89.8851, 44.3202 ], [ -89.8868, 44.3158 ], [ -89.8969, 44.3089 ], [ -89.8881, 44.2928 ], [ -89.9244, 44.2929 ], [ -89.9243, 44.298 ], [ -89.9293, 44.3035 ] ] ] } },
{ "type": "Feature", "properties": { "GEOID": "55105001303", "county": "Census Tract 13.03" }, "geometry": { "type": "Polygon", "coordinates": [ [ [ -89.0052, 42.76 ], [ -88.8962, 42.7574 ], [ -88.8949, 42.6988 ], [ -88.9539, 42.6997 ], [ -88.9545, 42.7286 ], [ -88.9903, 42.7298 ], [ -88.9931, 42.7258 ], [ -89.0046, 42.7368 ], [ -89.0052, 42.76 ] ] ] } },
{ "type": "Feature", "properties": { "GEOID": "55015020306", "county": "Census Tract 203.06" }, "geometry": { "type": "Polygon", "coordinates": [ [ [ -88.4045, 44.123 ], [ -88.4045, 44.1912 ], [ -88.3235, 44.1899 ], [ -88.3232, 44.2435 ], [ -88.2436, 44.2427 ], [ -88.2453, 44.1221 ], [ -88.4045, 44.123 ] ] ] } },
{ "type": "Feature", "properties": { "GEOID": "55079021300", "county": "Census Tract 213" }, "geometry": { "type": "Polygon", "coordinates": [ [ [ -87.9485, 42.9739 ], [ -87.9291, 42.9738 ], [ -87.9292, 42.9665 ], [ -87.9486, 42.9666 ], [ -87.9485, 42.9739 ] ] ] } },
{ "type": "Feature", "properties": { "GEOID": "55079006900", "county": "Census Tract 69" }, "geometry": { "type": "Polygon", "coordinates": [ [ [ -87.9184, 43.0817 ], [ -87.905, 43.082 ], [ -87.9052, 43.0766 ], [ -87.9154, 43.0776 ], [ -87.9184, 43.0817 ] ] ] } },
{ "type": "Feature", "properties": { "GEOID": "55079120400", "county": "Census Tract 1204" }, "geometry": { "type": "Polygon", "coordinates": [ [ [ -87.9885, 42.9594 ], [ -87.9883, 42.9666 ], [ -87.9783, 42.9666 ], [ -87.9776, 42.9708 ], [ -87.9741, 42.9708 ], [ -87.9748, 42.9739 ], [ -87.9682, 42.9727 ], [ -87.9601, 42.9752 ], [ -87.957, 42.9805 ], [ -87.9533, 42.9807 ], [ -87.9561, 42.975 ], [ -87.9485, 42.9739 ], [ -87.9487, 42.9594 ], [ -87.9885, 42.9594 ] ] ] } },
{ "type": "Feature", "properties": { "GEOID": "55079170100", "county": "Census Tract 1701" }, "geometry": { "type": "Polygon", "coordinates": [ [ [ -87.8644, 42.9152 ], [ -87.8636, 42.9301 ], [ -87.8456, 42.9302 ], [ -87.8397, 42.9146 ], [ -87.8427, 42.9069 ], [ -87.8468, 42.9077 ], [ -87.8489, 42.9112 ], [ -87.8644, 42.9152 ] ] ] } },
{ "type": "Feature", "properties": { "GEOID": "55077960500", "county": "Census Tract 9605" }, "geometry": { "type": "Polygon", "coordinates": [ [ [ -89.5991, 43.7261 ], [ -89.5974, 43.8944 ], [ -89.5222, 43.8941 ], [ -89.5222, 43.902 ], [ -89.4942, 43.9014 ], [ -89.4931, 43.9177 ], [ -89.4808, 43.9161 ], [ -89.477, 43.9128 ], [ -89.4781, 43.889 ], [ -89.4756, 43.8793 ], [ -89.4831, 43.8792 ], [ -89.4825, 43.7514 ], [ -89.4848, 43.7348 ], [ -89.4815, 43.7254 ], [ -89.4835, 43.7216 ], [ -89.509, 43.7262 ], [ -89.5234, 43.7235 ], [ -89.5434, 43.7235 ], [ -89.5433, 43.7417 ], [ -89.5504, 43.7417 ], [ -89.5595, 43.738 ], [ -89.5638, 43.7281 ], [ -89.5687, 43.7266 ], [ -89.5991, 43.7261 ] ] ] } },
{ "type": "Feature", "properties": { "GEOID": "55101002702", "county": "Census Tract 27.02" }, "geometry": { "type": "Polygon", "coordinates": [ [ [ -88.3078, 42.7555 ], [ -88.2293, 42.756 ], [ -88.2288, 42.7704 ], [ -88.2135, 42.763 ], [ -88.1896, 42.7638 ], [ -88.1888, 42.6982 ], [ -88.2421, 42.6993 ], [ -88.2381, 42.7124 ], [ -88.3068, 42.7122 ], [ -88.3078, 42.7555 ] ] ] } },
{ "type": "Feature", "properties": { "GEOID": "55101000904", "county": "Census Tract 9.04" }, "geometry": { "type": "Polygon", "coordinates": [ [ [ -87.8639, 42.6685 ], [ -87.8562, 42.6829 ], [ -87.8543, 42.6975 ], [ -87.8358, 42.6968 ], [ -87.8359, 42.6678 ], [ -87.8639, 42.6685 ] ] ] } },
{ "type": "Feature", "properties": { "GEOID": "55101000400", "county": "Census Tract 4" }, "geometry": { "type": "Polygon", "coordinates": [ [ [ -87.7986, 42.7405 ], [ -87.7801, 42.7406 ], [ -87.7782, 42.734 ], [ -87.7863, 42.7333 ], [ -87.7862, 42.7282 ], [ -87.791, 42.7297 ], [ -87.7964, 42.724 ], [ -87.7986, 42.7405 ] ] ] } },
{ "type": "Feature", "properties": { "GEOID": "55109120501", "county": "Census Tract 1205.01" }, "geometry": { "type": "Polygon", "coordinates": [ [ [ -92.6193, 45.0645 ], [ -92.6192, 45.1227 ], [ -92.611, 45.1226 ], [ -92.6105, 45.1407 ], [ -92.5896, 45.1405 ], [ -92.5898, 45.1569 ], [ -92.5853, 45.1614 ], [ -92.5858, 45.1643 ], [ -92.529, 45.166 ], [ -92.5287, 45.1473 ], [ -92.5376, 45.1298 ], [ -92.5375, 45.0791 ], [ -92.578, 45.0791 ], [ -92.5978, 45.0684 ], [ -92.6007, 45.0646 ], [ -92.6193, 45.0645 ] ] ] } },
{ "type": "Feature", "properties": { "GEOID": "55049950400", "county": "Census Tract 9504" }, "geometry": { "type": "Polygon", "coordinates": [ [ [ -90.1733, 42.9819 ], [ -90.1395, 42.9817 ], [ -90.1353, 42.9804 ], [ -90.1328, 42.976 ], [ -90.1082, 42.9854 ], [ -90.1024, 42.9943 ], [ -90.0963, 42.9956 ], [ -90.0997, 42.9817 ], [ -90.0782, 42.9816 ], [ -90.0578, 42.9791 ], [ -90.0506, 42.976 ], [ -90.0448, 42.9689 ], [ -90.0452, 42.9449 ], [ -90.0533, 42.945 ], [ -90.0557, 42.9421 ], [ -90.0664, 42.9414 ], [ -90.0783, 42.9304 ], [ -90.0792, 42.9222 ], [ -90.0935, 42.9168 ], [ -90.1095, 42.9185 ], [ -90.1195, 42.9163 ], [ -90.1729, 42.9166 ], [ -90.1733, 42.9819 ] ] ] } },
{ "type": "Feature", "properties": { "GEOID": "55009021000", "county": "Census Tract 210" }, "geometry": { "type": "Polygon", "coordinates": [ [ [ -88.0511, 44.472 ], [ -88.0408, 44.4804 ], [ -88.028, 44.4755 ], [ -88.0297, 44.473 ], [ -88.0214, 44.4701 ], [ -88.0282, 44.4604 ], [ -88.0365, 44.4633 ], [ -88.0402, 44.4579 ], [ -88.0558, 44.4649 ], [ -88.0511, 44.472 ] ], [ [ -88.0418, 44.4708 ], [ -88.0333, 44.4678 ], [ -88.0318, 44.4701 ], [ -88.0393, 44.4731 ], [ -88.0418, 44.4708 ] ] ] } },
{ "type": "Feature", "properties": { "GEOID": "55079120102", "county": "Census Tract 1201.02" }, "geometry": { "type": "Polygon", "coordinates": [ [ [ -88.0691, 42.9664 ], [ -88.0686, 42.981 ], [ -88.0474, 42.9808 ], [ -88.0472, 42.9844 ], [ -88.0423, 42.9845 ], [ -88.0422, 42.9881 ], [ -88.0377, 42.9881 ], [ -88.0377, 42.9736 ], [ -88.0277, 42.9737 ], [ -88.0279, 42.9665 ], [ -88.0691, 42.9664 ] ] ] } },
{ "type": "Feature", "properties": { "GEOID": "55079187300", "county": "Census Tract 1873" }, "geometry": { "type": "Polygon", "coordinates": [ [ [ -87.9808, 42.8726 ], [ -87.98, 42.9015 ], [ -87.9504, 42.9018 ], [ -87.9513, 42.8727 ], [ -87.9808, 42.8726 ] ] ] } },
{ "type": "Feature", "properties": { "GEOID": "55079091300", "county": "Census Tract 913" }, "geometry": { "type": "Polygon", "coordinates": [ [ [ -88.0236, 43.0359 ], [ -88.0089, 43.0443 ], [ -88.0024, 43.0441 ], [ -88.0024, 43.0397 ], [ -87.9957, 43.0397 ], [ -87.9968, 43.0341 ], [ -88.0161, 43.036 ], [ -88.0162, 43.0313 ], [ -88.0236, 43.0316 ], [ -88.0236, 43.0359 ] ] ] } },
{ "type": "Feature", "properties": { "GEOID": "55017010200", "county": "Census Tract 102" }, "geometry": { "type": "Polygon", "coordinates": [ [ [ -91.4594, 44.9094 ], [ -91.4553, 44.915 ], [ -91.4575, 44.9193 ], [ -91.455, 44.9225 ], [ -91.428, 44.9218 ], [ -91.3875, 44.9316 ], [ -91.3805, 44.9208 ], [ -91.3833, 44.9168 ], [ -91.3889, 44.9148 ], [ -91.3876, 44.8572 ], [ -91.4375, 44.8574 ], [ -91.4381, 44.8712 ], [ -91.4326, 44.8752 ], [ -91.433, 44.8863 ], [ -91.4505, 44.8865 ], [ -91.4539, 44.8848 ], [ -91.4594, 44.9094 ] ] ] } },
{ "type": "Feature", "properties": { "GEOID": "55071000600", "county": "Census Tract 6" }, "geometry": { "type": "Polygon", "coordinates": [ [ [ -87.7412, 44.0663 ], [ -87.733, 44.0734 ], [ -87.7409, 44.0727 ], [ -87.7409, 44.0848 ], [ -87.7079, 44.0872 ], [ -87.7012, 44.0955 ], [ -87.6991, 44.0934 ], [ -87.6894, 44.101 ], [ -87.6888, 44.1042 ], [ -87.6835, 44.1034 ], [ -87.6834, 44.0571 ], [ -87.6855, 44.0521 ], [ -87.7011, 44.0508 ], [ -87.7036, 44.0525 ], [ -87.7265, 44.0522 ], [ -87.7308, 44.0597 ], [ -87.7282, 44.0663 ], [ -87.7412, 44.0663 ] ] ] } },
{ "type": "Feature", "properties": { "GEOID": "55057100500", "county": "Census Tract 1005" }, "geometry": { "type": "Polygon", "coordinates": [ [ [ -90.1219, 43.8072 ], [ -90.117, 43.8072 ], [ -90.1171, 43.8116 ], [ -90.1047, 43.8134 ], [ -90.0977, 43.8173 ], [ -90.0767, 43.7995 ], [ -90.074, 43.7985 ], [ -90.072, 43.8002 ], [ -90.072, 43.8035 ], [ -90.0632, 43.8035 ], [ -90.0502, 43.7897 ], [ -90.0555, 43.7885 ], [ -90.0532, 43.7836 ], [ -90.0597, 43.7756 ], [ -90.0576, 43.7695 ], [ -90.0739, 43.764 ], [ -90.0912, 43.7652 ], [ -90.0959, 43.761 ], [ -90.1072, 43.7604 ], [ -90.0918, 43.7782 ], [ -90.1117, 43.7782 ], [ -90.1117, 43.7889 ], [ -90.1217, 43.789 ], [ -90.1219, 43.8072 ] ] ] } },
{ "type": "Feature", "properties": { "GEOID": "55073000200", "county": "Census Tract 2" }, "geometry": { "type": "Polygon", "coordinates": [ [ [ -89.6325, 44.9736 ], [ -89.6041, 44.9741 ], [ -89.5939, 44.9775 ], [ -89.5935, 44.9634 ], [ -89.6178, 44.9631 ], [ -89.6191, 44.9683 ], [ -89.6317, 44.9696 ], [ -89.6325, 44.9736 ] ] ] } },
{ "type": "Feature", "properties": { "GEOID": "55073001800", "county": "Census Tract 18" }, "geometry": { "type": "Polygon", "coordinates": [ [ [ -90.0795, 44.772 ], [ -89.9641, 44.7719 ], [ -89.964, 44.8584 ], [ -89.8454, 44.8581 ], [ -89.8452, 44.8152 ], [ -89.8091, 44.8151 ], [ -89.8087, 44.7714 ], [ -89.68, 44.7717 ], [ -89.6799, 44.761 ], [ -89.6739, 44.7609 ], [ -89.673, 44.7572 ], [ -89.6698, 44.7572 ], [ -89.6636, 44.7713 ], [ -89.6609, 44.7716 ], [ -89.491, 44.7727 ], [ -89.4899, 44.6858 ], [ -90.0794, 44.6852 ], [ -90.0795, 44.772 ] ] ] } },
{ "type": "Feature", "properties": { "GEOID": "55079003100", "county": "Census Tract 31" }, "geometry": { "type": "Polygon", "coordinates": [ [ [ -87.9957, 43.0973 ], [ -87.9931, 43.1048 ], [ -87.9765, 43.1046 ], [ -87.9769, 43.0972 ], [ -87.9957, 43.0973 ] ] ] } },
{ "type": "Feature", "properties": { "GEOID": "55079004400", "county": "Census Tract 44" }, "geometry": { "type": "Polygon", "coordinates": [ [ [ -87.9174, 43.0821 ], [ -87.9171, 43.0925 ], [ -87.9166, 43.0898 ], [ -87.9079, 43.0897 ], [ -87.9077, 43.099 ], [ -87.9169, 43.1046 ], [ -87.9071, 43.104 ], [ -87.9064, 43.0978 ], [ -87.901, 43.0957 ], [ -87.8997, 43.0902 ], [ -87.8916, 43.0819 ], [ -87.9174, 43.0821 ] ] ] } },
{ "type": "Feature", "properties": { "GEOID": "55075961000", "county": "Census Tract 9610" }, "geometry": { "type": "Polygon", "coordinates": [ [ [ -88.1212, 45.0236 ], [ -88.1189, 45.1102 ], [ -88.0543, 45.1092 ], [ -88.0541, 45.1162 ], [ -88.059, 45.1178 ], [ -88.0567, 45.1819 ], [ -88.0636, 45.1824 ], [ -88.0637, 45.2109 ], [ -88.005, 45.21 ], [ -88.0032, 45.2031 ], [ -87.9761, 45.2028 ], [ -87.9743, 45.2098 ], [ -87.9706, 45.2043 ], [ -87.967, 45.2051 ], [ -87.9693, 45.2082 ], [ -87.9645, 45.2082 ], [ -87.9624, 45.1962 ], [ -87.958, 45.1949 ], [ -87.9577, 45.1922 ], [ -87.9486, 45.1934 ], [ -87.9532, 45.189 ], [ -87.9418, 45.1856 ], [ -87.9379, 45.1874 ], [ -87.9188, 45.1874 ], [ -87.9189, 45.1945 ], [ -87.8723, 45.1939 ], [ -87.8577, 45.1795 ], [ -87.8479, 45.179 ], [ -87.8481, 45.1739 ], [ -87.8217, 45.1635 ], [ -87.8259, 45.159 ], [ -87.8257, 45.1556 ], [ -87.8213, 45.1521 ], [ -87.8213, 45.1445 ], [ -87.8304, 45.1433 ], [ -87.8296, 45.1406 ], [ -87.8341, 45.1414 ], [ -87.8356, 45.1376 ], [ -87.8431, 45.135 ], [ -87.8431, 45.1248 ], [ -87.8225, 45.1248 ], [ -87.8227, 45.1066 ], [ -87.8811, 45.1067 ], [ -87.882, 45.0486 ], [ -87.943, 45.0494 ], [ -87.943, 45.0204 ], [ -88.1212, 45.0236 ] ] ] } },
{ "type": "Feature", "properties": { "GEOID": "55039042100", "county": "Census Tract 421" }, "geometry": { "type": "Polygon", "coordinates": [ [ [ -88.4042, 43.9382 ], [ -88.1616, 43.9377 ], [ -88.1606, 43.7176 ], [ -88.2807, 43.7176 ], [ -88.2825, 43.8774 ], [ -88.4035, 43.8779 ], [ -88.4042, 43.9382 ] ] ] } },
{ "type": "Feature", "properties": { "GEOID": "55039041500", "county": "Census Tract 415" }, "geometry": { "type": "Polygon", "coordinates": [ [ [ -88.8372, 43.895 ], [ -88.7648, 43.8949 ], [ -88.7655, 43.8078 ], [ -88.8348, 43.8077 ], [ -88.8361, 43.8637 ], [ -88.831, 43.8689 ], [ -88.8295, 43.8815 ], [ -88.8372, 43.895 ] ] ] } },
{ "type": "Feature", "properties": { "GEOID": "55063010700", "county": "Census Tract 107" }, "geometry": { "type": "Polygon", "coordinates": [ [ [ -91.2578, 43.7257 ], [ -91.2549, 43.7335 ], [ -91.2554, 43.7449 ], [ -91.2441, 43.7747 ], [ -91.2352, 43.7685 ], [ -91.2298, 43.7699 ], [ -91.2286, 43.7751 ], [ -91.2125, 43.7582 ], [ -91.21, 43.7589 ], [ -91.2076, 43.7621 ], [ -91.2098, 43.7705 ], [ -91.2038, 43.7702 ], [ -91.2032, 43.7798 ], [ -91.2086, 43.7798 ], [ -91.2085, 43.7834 ], [ -91.1994, 43.7886 ], [ -91.1993, 43.7907 ], [ -91.1691, 43.7974 ], [ -91.154, 43.7944 ], [ -91.1273, 43.7941 ], [ -91.1109, 43.7901 ], [ -91.1045, 43.7861 ], [ -91.0935, 43.7902 ], [ -91.0889, 43.7902 ], [ -91.0828, 43.7866 ], [ -91.0916, 43.7764 ], [ -91.1022, 43.7726 ], [ -91.1106, 43.7726 ], [ -91.1147, 43.7682 ], [ -91.1249, 43.7643 ], [ -91.1303, 43.7644 ], [ -91.1303, 43.7591 ], [ -91.1142, 43.7507 ], [ -91.1079, 43.7338 ], [ -91.0932, 43.7313 ], [ -91.0866, 43.725 ], [ -91.2578, 43.7257 ] ] ] } },
{ "type": "Feature", "properties": { "GEOID": "55055101600", "county": "Census Tract 1016" }, "geometry": { "type": "Polygon", "coordinates": [ [ [ -88.7794, 42.9162 ], [ -88.7792, 42.9125 ], [ -88.7736, 42.9131 ], [ -88.7739, 42.9088 ], [ -88.7709, 42.9069 ], [ -88.7694, 42.9101 ], [ -88.7655, 42.9091 ], [ -88.7629, 42.9143 ], [ -88.7531, 42.9144 ], [ -88.7496, 42.9111 ], [ -88.7472, 42.9137 ], [ -88.7428, 42.9141 ], [ -88.7402, 42.9098 ], [ -88.7366, 42.9118 ], [ -88.7324, 42.9101 ], [ -88.7275, 42.911 ], [ -88.7223, 42.904 ], [ -88.7158, 42.9015 ], [ -88.7149, 42.9059 ], [ -88.7017, 42.8946 ], [ -88.6895, 42.8934 ], [ -88.6745, 42.8989 ], [ -88.6686, 42.8951 ], [ -88.6682, 42.8979 ], [ -88.6633, 42.898 ], [ -88.66, 42.9016 ], [ -88.6601, 42.915 ], [ -88.6358, 42.915 ], [ -88.6357, 42.9348 ], [ -88.6064, 42.9399 ], [ -88.5925, 42.9395 ], [ -88.5597, 42.9262 ], [ -88.5421, 42.927 ], [ -88.5415, 42.843 ], [ -88.7717, 42.8428 ], [ -88.773, 42.852 ], [ -88.7751, 42.8573 ], [ -88.7772, 42.8573 ], [ -88.7776, 42.8894 ], [ -88.7741, 42.8895 ], [ -88.7768, 42.8948 ], [ -88.78, 42.9139 ], [ -88.7794, 42.9162 ] ] ] } },
{ "type": "Feature", "properties": { "GEOID": "55027961500", "county": "Census Tract 9615" }, "geometry": { "type": "Polygon", "coordinates": [ [ [ -88.5517, 43.205 ], [ -88.5397, 43.2032 ], [ -88.5431, 43.2088 ], [ -88.5384, 43.2115 ], [ -88.5435, 43.2191 ], [ -88.5361, 43.225 ], [ -88.5199, 43.2247 ], [ -88.5193, 43.2345 ], [ -88.5238, 43.2369 ], [ -88.5306, 43.254 ], [ -88.5367, 43.2542 ], [ -88.5374, 43.283 ], [ -88.5334, 43.283 ], [ -88.5333, 43.2938 ], [ -88.545, 43.3048 ], [ -88.5372, 43.3048 ], [ -88.536, 43.3148 ], [ -88.532, 43.3149 ], [ -88.5285, 43.3213 ], [ -88.5415, 43.3341 ], [ -88.5414, 43.3414 ], [ -88.5465, 43.3413 ], [ -88.5463, 43.3707 ], [ -88.4596, 43.3706 ], [ -88.4606, 43.385 ], [ -88.4508, 43.3849 ], [ -88.451, 43.3705 ], [ -88.4293, 43.3703 ], [ -88.4285, 43.3652 ], [ -88.4186, 43.3652 ], [ -88.418, 43.1947 ], [ -88.5486, 43.1963 ], [ -88.5517, 43.205 ] ] ] } },
{ "type": "Feature", "properties": { "GEOID": "55027960500", "county": "Census Tract 9605" }, "geometry": { "type": "Polygon", "coordinates": [ [ [ -89.0071, 43.5457 ], [ -89.0068, 43.633 ], [ -88.8708, 43.6333 ], [ -88.8714, 43.6044 ], [ -88.8664, 43.6044 ], [ -88.8657, 43.5768 ], [ -88.8797, 43.571 ], [ -88.9009, 43.5677 ], [ -88.902, 43.566 ], [ -88.8667, 43.5532 ], [ -88.9065, 43.5533 ], [ -88.906, 43.5329 ], [ -88.9277, 43.5375 ], [ -88.9276, 43.5459 ], [ -88.9425, 43.5459 ], [ -88.9239, 43.558 ], [ -88.9751, 43.5476 ], [ -89.0071, 43.5457 ] ] ] } },
{ "type": "Feature", "properties": { "GEOID": "55095960600", "county": "Census Tract 9606" }, "geometry": { "type": "Polygon", "coordinates": [ [ [ -92.5295, 45.4689 ], [ -92.5152, 45.4691 ], [ -92.5097, 45.4726 ], [ -92.509, 45.4834 ], [ -92.4934, 45.4834 ], [ -92.4931, 45.4799 ], [ -92.4889, 45.4799 ], [ -92.4881, 45.4693 ], [ -92.4803, 45.4709 ], [ -92.4531, 45.4689 ], [ -92.4526, 45.4717 ], [ -92.4477, 45.4724 ], [ -92.4491, 45.4689 ], [ -92.4345, 45.4686 ], [ -92.4396, 45.4755 ], [ -92.4403, 45.4836 ], [ -92.4279, 45.4835 ], [ -92.4271, 45.4817 ], [ -92.4134, 45.4799 ], [ -92.4119, 45.4823 ], [ -92.4069, 45.4828 ], [ -92.4068, 45.4972 ], [ -92.3876, 45.4975 ], [ -92.3877, 45.4837 ], [ -92.3826, 45.4785 ], [ -92.382, 45.4535 ], [ -92.4072, 45.4538 ], [ -92.4078, 45.3959 ], [ -92.4893, 45.3961 ], [ -92.4898, 45.4105 ], [ -92.5288, 45.4112 ], [ -92.5295, 45.4689 ] ] ] } },
{ "type": "Feature", "properties": { "GEOID": "55079021400", "county": "Census Tract 214" }, "geometry": { "type": "Polygon", "coordinates": [ [ [ -87.9486, 42.9666 ], [ -87.9292, 42.9665 ], [ -87.9292, 42.9593 ], [ -87.9487, 42.9594 ], [ -87.9486, 42.9666 ] ] ] } },
{ "type": "Feature", "properties": { "GEOID": "55079008600", "county": "Census Tract 86" }, "geometry": { "type": "Polygon", "coordinates": [ [ [ -87.9375, 43.0642 ], [ -87.9374, 43.0714 ], [ -87.9332, 43.0714 ], [ -87.9326, 43.0641 ], [ -87.9375, 43.0642 ] ] ] } },
{ "type": "Feature", "properties": { "GEOID": "55079018400", "county": "Census Tract 184" }, "geometry": { "type": "Polygon", "coordinates": [ [ [ -87.9111, 42.9942 ], [ -87.9004, 42.9956 ], [ -87.8969, 42.9883 ], [ -87.9093, 42.9883 ], [ -87.9111, 42.9942 ] ] ] } },
{ "type": "Feature", "properties": { "GEOID": "55079012800", "county": "Census Tract 128" }, "geometry": { "type": "Polygon", "coordinates": [ [ [ -88.0449, 43.0266 ], [ -88.047, 43.0351 ], [ -88.0314, 43.0355 ], [ -88.0316, 43.0384 ], [ -88.0219, 43.0389 ], [ -88.0236, 43.0316 ], [ -88.0172, 43.0313 ], [ -88.0173, 43.0239 ], [ -88.0449, 43.0266 ] ] ] } },
{ "type": "Feature", "properties": { "GEOID": "55079020700", "county": "Census Tract 207" }, "geometry": { "type": "Polygon", "coordinates": [ [ [ -87.8996, 42.9737 ], [ -87.8993, 42.9883 ], [ -87.8886, 42.9882 ], [ -87.8834, 42.9806 ], [ -87.8888, 42.9806 ], [ -87.8865, 42.9719 ], [ -87.8929, 42.9708 ], [ -87.8918, 42.9733 ], [ -87.8996, 42.9737 ] ] ] } },
{ "type": "Feature", "properties": { "GEOID": "55089650300", "county": "Census Tract 6503" }, "geometry": { "type": "Polygon", "coordinates": [ [ [ -88.0633, 43.2789 ], [ -88.0624, 43.3673 ], [ -87.9659, 43.3677 ], [ -87.9652, 43.3378 ], [ -87.9773, 43.3375 ], [ -87.9759, 43.3355 ], [ -87.981, 43.3247 ], [ -87.9788, 43.323 ], [ -88.0062, 43.3225 ], [ -88.004, 43.279 ], [ -88.0633, 43.2789 ] ] ] } },
{ "type": "Feature", "properties": { "GEOID": "55079160202", "county": "Census Tract 1602.02" }, "geometry": { "type": "Polygon", "coordinates": [ [ [ -87.9128, 42.8721 ], [ -87.9122, 42.8866 ], [ -87.8824, 42.8863 ], [ -87.8821, 42.8936 ], [ -87.8472, 42.8931 ], [ -87.8467, 42.8904 ], [ -87.8435, 42.8903 ], [ -87.8437, 42.8853 ], [ -87.8465, 42.8841 ], [ -87.8425, 42.8716 ], [ -87.9128, 42.8721 ] ] ] } },
{ "type": "Feature", "properties": { "GEOID": "55079000900", "county": "Census Tract 9" }, "geometry": { "type": "Polygon", "coordinates": [ [ [ -87.9657, 43.1418 ], [ -87.9652, 43.1559 ], [ -87.9575, 43.1558 ], [ -87.9603, 43.1623 ], [ -87.9508, 43.163 ], [ -87.9451, 43.1587 ], [ -87.9454, 43.1484 ], [ -87.9548, 43.1485 ], [ -87.9484, 43.1338 ], [ -87.9552, 43.1348 ], [ -87.9657, 43.1418 ] ] ] } },
{ "type": "Feature", "properties": { "GEOID": "55079012300", "county": "Census Tract 123" }, "geometry": { "type": "Polygon", "coordinates": [ [ [ -87.9652, 43.0388 ], [ -87.9654, 43.0488 ], [ -87.9576, 43.0487 ], [ -87.9577, 43.0388 ], [ -87.9652, 43.0388 ] ] ] } },
{ "type": "Feature", "properties": { "GEOID": "55079018900", "county": "Census Tract 189" }, "geometry": { "type": "Polygon", "coordinates": [ [ [ -87.9581, 42.9922 ], [ -87.958, 43.0004 ], [ -87.9554, 42.9964 ], [ -87.953, 42.9995 ], [ -87.9482, 42.9996 ], [ -87.9482, 42.9923 ], [ -87.9581, 42.9922 ] ] ] } },
{ "type": "Feature", "properties": { "GEOID": "55079002400", "county": "Census Tract 24" }, "geometry": { "type": "Polygon", "coordinates": [ [ [ -87.9611, 43.1119 ], [ -87.9465, 43.1118 ], [ -87.9437, 43.0989 ], [ -87.9458, 43.1008 ], [ -87.9568, 43.1008 ], [ -87.9569, 43.1082 ], [ -87.9611, 43.1119 ] ] ] } },
{ "type": "Feature", "properties": { "GEOID": "55097960900", "county": "Census Tract 9609" }, "geometry": { "type": "Polygon", "coordinates": [ [ [ -89.5748, 44.5148 ], [ -89.5747, 44.5235 ], [ -89.5494, 44.5233 ], [ -89.5496, 44.5196 ], [ -89.5558, 44.5195 ], [ -89.5546, 44.5159 ], [ -89.5596, 44.5158 ], [ -89.5596, 44.5138 ], [ -89.5724, 44.512 ], [ -89.5748, 44.5148 ] ] ] } },
{ "type": "Feature", "properties": { "GEOID": "55117010900", "county": "Census Tract 109" }, "geometry": { "type": "Polygon", "coordinates": [ [ [ -87.9212, 43.7184 ], [ -87.8002, 43.7177 ], [ -87.7992, 43.6304 ], [ -87.9208, 43.6311 ], [ -87.9212, 43.7184 ] ] ] } },
{ "type": "Feature", "properties": { "GEOID": "55083100300", "county": "Census Tract 1003" }, "geometry": { "type": "Polygon", "coordinates": [ [ [ -88.6801, 45.205 ], [ -88.6778, 45.3789 ], [ -88.3058, 45.3745 ], [ -88.3091, 45.259 ], [ -88.3297, 45.2597 ], [ -88.3471, 45.2395 ], [ -88.3536, 45.2391 ], [ -88.3598, 45.2341 ], [ -88.3702, 45.2303 ], [ -88.3723, 45.2208 ], [ -88.381, 45.2145 ], [ -88.3903, 45.2132 ], [ -88.4034, 45.2006 ], [ -88.4335, 45.1947 ], [ -88.4519, 45.1886 ], [ -88.4707, 45.1885 ], [ -88.4734, 45.1849 ], [ -88.503, 45.2012 ], [ -88.5049, 45.2056 ], [ -88.5195, 45.2036 ], [ -88.5331, 45.1933 ], [ -88.5352, 45.1865 ], [ -88.5284, 45.1794 ], [ -88.5333, 45.1696 ], [ -88.5254, 45.1635 ], [ -88.5245, 45.1508 ], [ -88.5197, 45.1492 ], [ -88.5242, 45.1412 ], [ -88.5211, 45.1389 ], [ -88.5331, 45.1302 ], [ -88.5392, 45.1225 ], [ -88.5495, 45.1168 ], [ -88.6412, 45.1174 ], [ -88.6382, 45.2048 ], [ -88.6801, 45.205 ] ] ] } },
{ "type": "Feature", "properties": { "GEOID": "55111001002", "county": "Census Tract 10.02" }, "geometry": { "type": "Polygon", "coordinates": [ [ [ -90.0397, 43.5274 ], [ -90.0309, 43.5347 ], [ -90.0227, 43.5325 ], [ -89.9546, 43.5327 ], [ -89.9545, 43.5248 ], [ -89.9493, 43.5178 ], [ -89.9499, 43.5044 ], [ -89.9455, 43.4965 ], [ -89.9643, 43.4965 ], [ -89.9642, 43.5037 ], [ -89.9747, 43.5038 ], [ -89.9932, 43.5106 ], [ -90.014, 43.5108 ], [ -90.0161, 43.5253 ], [ -90.0394, 43.5251 ], [ -90.0397, 43.5274 ] ] ] } },
{ "type": "Feature", "properties": { "GEOID": "55137960400", "county": "Census Tract 9604" }, "geometry": { "type": "Polygon", "coordinates": [ [ [ -89.5979, 43.9821 ], [ -89.5977, 44.1561 ], [ -89.385, 44.1558 ], [ -89.3849, 44.1444 ], [ -89.365, 44.1347 ], [ -89.3652, 44.0975 ], [ -89.3706, 44.0973 ], [ -89.3687, 44.09 ], [ -89.3633, 44.0879 ], [ -89.3652, 44.0799 ], [ -89.3634, 44.0678 ], [ -89.3665, 44.0499 ], [ -89.3794, 44.0362 ], [ -89.3855, 44.0332 ], [ -89.3856, 44.015 ], [ -89.3578, 44.0151 ], [ -89.357, 43.9898 ], [ -89.362, 43.9845 ], [ -89.3654, 43.9825 ], [ -89.5979, 43.9821 ] ] ] } },
{ "type": "Feature", "properties": { "GEOID": "55063000600", "county": "Census Tract 6" }, "geometry": { "type": "Polygon", "coordinates": [ [ [ -91.2289, 43.8128 ], [ -91.2194, 43.8188 ], [ -91.2163, 43.8237 ], [ -91.2206, 43.8312 ], [ -91.1994, 43.8281 ], [ -91.1955, 43.823 ], [ -91.1872, 43.8196 ], [ -91.1843, 43.8127 ], [ -91.1966, 43.8122 ], [ -91.2029, 43.8153 ], [ -91.2042, 43.8134 ], [ -91.2119, 43.815 ], [ -91.2142, 43.8088 ], [ -91.2281, 43.8087 ], [ -91.2289, 43.8128 ] ] ] } },
{ "type": "Feature", "properties": { "GEOID": "55059002903", "county": "Census Tract 29.03" }, "geometry": { "type": "Polygon", "coordinates": [ [ [ -88.1881, 42.5825 ], [ -88.1193, 42.5828 ], [ -88.1164, 42.5682 ], [ -88.1189, 42.5682 ], [ -88.1188, 42.5619 ], [ -88.1285, 42.5537 ], [ -88.1381, 42.5536 ], [ -88.154, 42.5426 ], [ -88.1877, 42.5389 ], [ -88.1881, 42.5825 ] ] ] } },
{ "type": "Feature", "properties": { "GEOID": "55073001600", "county": "Census Tract 16" }, "geometry": { "type": "Polygon", "coordinates": [ [ [ -89.492, 45.1194 ], [ -89.2242, 45.1186 ], [ -89.224, 44.8562 ], [ -89.4907, 44.8584 ], [ -89.492, 45.1194 ] ] ] } },
{ "type": "Feature", "properties": { "GEOID": "55079005900", "county": "Census Tract 59" }, "geometry": { "type": "Polygon", "coordinates": [ [ [ -87.9935, 43.0662 ], [ -87.992, 43.0717 ], [ -87.9786, 43.0716 ], [ -87.9787, 43.0643 ], [ -87.9892, 43.0643 ], [ -87.9892, 43.0676 ], [ -87.9935, 43.0662 ] ] ] } },
{ "type": "Feature", "properties": { "GEOID": "55019950800", "county": "Census Tract 9508" }, "geometry": { "type": "Polygon", "coordinates": [ [ [ -90.9229, 44.5098 ], [ -90.9217, 44.7124 ], [ -90.9042, 44.7138 ], [ -90.8793, 44.7361 ], [ -90.8492, 44.7317 ], [ -90.8478, 44.7348 ], [ -90.8411, 44.7373 ], [ -90.841, 44.7415 ], [ -90.7199, 44.7422 ], [ -90.7201, 44.7131 ], [ -90.5625, 44.7125 ], [ -90.5603, 44.7106 ], [ -90.5585, 44.7022 ], [ -90.5613, 44.696 ], [ -90.5666, 44.694 ], [ -90.5628, 44.691 ], [ -90.5654, 44.6909 ], [ -90.5716, 44.6815 ], [ -90.5855, 44.6744 ], [ -90.5755, 44.6598 ], [ -90.5693, 44.6591 ], [ -90.5735, 44.6545 ], [ -90.6595, 44.6544 ], [ -90.6593, 44.5647 ], [ -90.6436, 44.5593 ], [ -90.615, 44.5598 ], [ -90.6092, 44.5526 ], [ -90.6097, 44.5459 ], [ -90.6065, 44.545 ], [ -90.6047, 44.5396 ], [ -90.597, 44.5385 ], [ -90.5985, 44.5336 ], [ -90.602, 44.5322 ], [ -90.5957, 44.5302 ], [ -90.5909, 44.5289 ], [ -90.5833, 44.5324 ], [ -90.5796, 44.5293 ], [ -90.5743, 44.5288 ], [ -90.5582, 44.5358 ], [ -90.5588, 44.4658 ], [ -90.4967, 44.4659 ], [ -90.4972, 44.4226 ], [ -90.8019, 44.4224 ], [ -90.8016, 44.5097 ], [ -90.9229, 44.5098 ] ] ] } },
{ "type": "Feature", "properties": { "GEOID": "55079002700", "county": "Census Tract 27" }, "geometry": { "type": "Polygon", "coordinates": [ [ [ -87.9769, 43.0972 ], [ -87.9765, 43.1046 ], [ -87.9665, 43.1046 ], [ -87.967, 43.0969 ], [ -87.9769, 43.0972 ] ] ] } },
{ "type": "Feature", "properties": { "GEOID": "55079185600", "county": "Census Tract 1856" }, "geometry": { "type": "Polygon", "coordinates": [ [ [ -87.9199, 43.0639 ], [ -87.9096, 43.0639 ], [ -87.9097, 43.0564 ], [ -87.9185, 43.0565 ], [ -87.9199, 43.0639 ] ] ] } },
{ "type": "Feature", "properties": { "GEOID": "55079150100", "county": "Census Tract 1501" }, "geometry": { "type": "Polygon", "coordinates": [ [ [ -88.0096, 42.9016 ], [ -88.009, 42.9219 ], [ -87.9693, 42.927 ], [ -87.9691, 42.9304 ], [ -87.9494, 42.9304 ], [ -87.9504, 42.9018 ], [ -88.0096, 42.9016 ] ] ] } },
{ "type": "Feature", "properties": { "GEOID": "55133201101", "county": "Census Tract 2011.01" }, "geometry": { "type": "Polygon", "coordinates": [ [ [ -88.127, 43.0169 ], [ -88.1262, 43.0609 ], [ -88.1095, 43.0605 ], [ -88.1059, 43.0553 ], [ -88.1068, 43.0359 ], [ -88.0868, 43.0361 ], [ -88.087, 43.026 ], [ -88.1069, 43.0243 ], [ -88.107, 43.0167 ], [ -88.127, 43.0169 ] ] ] } },
{ "type": "Feature", "properties": { "GEOID": "55133200400", "county": "Census Tract 2004" }, "geometry": { "type": "Polygon", "coordinates": [ [ [ -88.1419, 43.1482 ], [ -88.0644, 43.148 ], [ -88.0656, 43.1191 ], [ -88.1351, 43.1192 ], [ -88.1348, 43.1338 ], [ -88.1423, 43.1337 ], [ -88.1419, 43.1482 ] ] ] } },
{ "type": "Feature", "properties": { "GEOID": "55133204002", "county": "Census Tract 2040.02" }, "geometry": { "type": "Polygon", "coordinates": [ [ [ -88.5415, 42.843 ], [ -88.542, 42.9309 ], [ -88.4245, 42.9304 ], [ -88.4383, 42.9153 ], [ -88.4074, 42.9151 ], [ -88.4085, 42.9078 ], [ -88.4147, 42.9004 ], [ -88.4172, 42.8898 ], [ -88.4342, 42.8533 ], [ -88.4261, 42.8426 ], [ -88.5415, 42.843 ] ] ] } },
{ "type": "Feature", "properties": { "GEOID": "55105002200", "county": "Census Tract 22" }, "geometry": { "type": "Polygon", "coordinates": [ [ [ -89.1299, 42.497 ], [ -89.1292, 42.5846 ], [ -89.0216, 42.5843 ], [ -89.0433, 42.5662 ], [ -89.04, 42.5402 ], [ -89.0794, 42.5402 ], [ -89.0796, 42.5328 ], [ -89.074, 42.5324 ], [ -89.074, 42.5296 ], [ -89.0716, 42.5296 ], [ -89.0737, 42.5246 ], [ -89.0709, 42.5225 ], [ -89.0711, 42.5108 ], [ -89.0735, 42.51 ], [ -89.071, 42.5095 ], [ -89.0708, 42.4962 ], [ -89.1299, 42.497 ] ] ] } },
{ "type": "Feature", "properties": { "GEOID": "55131420401", "county": "Census Tract 4204.01" }, "geometry": { "type": "Polygon", "coordinates": [ [ [ -88.1888, 43.4269 ], [ -88.1863, 43.4268 ], [ -88.1857, 43.4337 ], [ -88.1793, 43.434 ], [ -88.1813, 43.4307 ], [ -88.1776, 43.4307 ], [ -88.1761, 43.4278 ], [ -88.1761, 43.418 ], [ -88.1887, 43.4196 ], [ -88.1888, 43.4269 ] ] ] } },
{ "type": "Feature", "properties": { "GEOID": "55017011002", "county": "Census Tract 110.02" }, "geometry": { "type": "Polygon", "coordinates": [ [ [ -91.3885, 44.9673 ], [ -91.3888, 45.1202 ], [ -91.3427, 45.1207 ], [ -91.3314, 45.1296 ], [ -91.3206, 45.1335 ], [ -91.3102, 45.1419 ], [ -91.3012, 45.1549 ], [ -91.2904, 45.1608 ], [ -91.2788, 45.1737 ], [ -91.2788, 45.1845 ], [ -91.2815, 45.1901 ], [ -91.2768, 45.199 ], [ -91.2622, 45.1994 ], [ -91.2443, 45.2056 ], [ -91.244, 45.1892 ], [ -91.2405, 45.1838 ], [ -91.2466, 45.1686 ], [ -91.2327, 45.1624 ], [ -91.2206, 45.1642 ], [ -91.2277, 45.1563 ], [ -91.2247, 45.1519 ], [ -91.2268, 45.1501 ], [ -91.2257, 45.1422 ], [ -91.2227, 45.1407 ], [ -91.2249, 45.1385 ], [ -91.2205, 45.1376 ], [ -91.2151, 45.1323 ], [ -91.2103, 45.1331 ], [ -91.2111, 45.1217 ], [ -91.2051, 45.1131 ], [ -91.2084, 45.107 ], [ -91.2053, 45.1063 ], [ -91.2066, 45.042 ], [ -91.2165, 45.0294 ], [ -91.226, 45.0254 ], [ -91.2296, 45.0264 ], [ -91.2349, 45.0204 ], [ -91.2355, 45.0096 ], [ -91.2392, 45.009 ], [ -91.2378, 44.9878 ], [ -91.2274, 44.9879 ], [ -91.2269, 44.9728 ], [ -91.2678, 44.9733 ], [ -91.2678, 44.9804 ], [ -91.3153, 44.981 ], [ -91.3196, 44.9843 ], [ -91.3409, 44.9844 ], [ -91.3426, 44.9698 ], [ -91.3476, 44.9664 ], [ -91.385, 44.9664 ], [ -91.3885, 44.9673 ] ] ] } },
{ "type": "Feature", "properties": { "GEOID": "55139003400", "county": "Census Tract 34" }, "geometry": { "type": "Polygon", "coordinates": [ [ [ -88.4887, 44.1781 ], [ -88.4859, 44.2003 ], [ -88.4722, 44.1999 ], [ -88.4745, 44.1919 ], [ -88.47, 44.1865 ], [ -88.4701, 44.1803 ], [ -88.4744, 44.171 ], [ -88.4857, 44.171 ], [ -88.4887, 44.1781 ] ] ] } },
{ "type": "Feature", "properties": { "GEOID": "55087012602", "county": "Census Tract 126.02" }, "geometry": { "type": "Polygon", "coordinates": [ [ [ -88.7386, 44.316 ], [ -88.6161, 44.3161 ], [ -88.6158, 44.3307 ], [ -88.5975, 44.3307 ], [ -88.5972, 44.3289 ], [ -88.5565, 44.3116 ], [ -88.5574, 44.2437 ], [ -88.7398, 44.2433 ], [ -88.7386, 44.316 ] ] ] } },
{ "type": "Feature", "properties": { "GEOID": "55135100300", "county": "Census Tract 1003" }, "geometry": { "type": "Polygon", "coordinates": [ [ [ -89.2237, 44.6061 ], [ -89.1485, 44.6059 ], [ -89.1224, 44.6033 ], [ -89.1226, 44.5913 ], [ -89.1024, 44.5904 ], [ -89.1026, 44.5399 ], [ -89.1067, 44.5293 ], [ -89.1027, 44.5266 ], [ -89.1013, 44.5038 ], [ -89.1029, 44.4899 ], [ -89.108, 44.4899 ], [ -89.1075, 44.4844 ], [ -89.1011, 44.4789 ], [ -89.1027, 44.4696 ], [ -89.0961, 44.4627 ], [ -89.1019, 44.4527 ], [ -89.1026, 44.4372 ], [ -89.0931, 44.4309 ], [ -89.0898, 44.4222 ], [ -89.0923, 44.4192 ], [ -89.0937, 44.4 ], [ -89.1103, 44.4137 ], [ -89.1266, 44.4123 ], [ -89.169, 44.4197 ], [ -89.1744, 44.4223 ], [ -89.1829, 44.4222 ], [ -89.1855, 44.4174 ], [ -89.1904, 44.4174 ], [ -89.2064, 44.421 ], [ -89.2092, 44.4264 ], [ -89.2147, 44.4227 ], [ -89.2141, 44.4174 ], [ -89.2237, 44.4174 ], [ -89.2237, 44.6061 ] ] ] } },
{ "type": "Feature", "properties": { "GEOID": "55101000800", "county": "Census Tract 8" }, "geometry": { "type": "Polygon", "coordinates": [ [ [ -87.817, 42.6822 ], [ -87.8164, 42.6969 ], [ -87.7963, 42.697 ], [ -87.7948, 42.7043 ], [ -87.7837, 42.7045 ], [ -87.7949, 42.6899 ], [ -87.8059, 42.6679 ], [ -87.8222, 42.6678 ], [ -87.817, 42.6822 ] ] ] } },
{ "type": "Feature", "properties": { "GEOID": "55013971000", "county": "Census Tract 9710" }, "geometry": { "type": "Polygon", "coordinates": [ [ [ -92.8871, 45.6441 ], [ -92.8789, 45.6656 ], [ -92.8755, 45.689 ], [ -92.87, 45.6973 ], [ -92.8718, 45.6998 ], [ -92.8692, 45.7176 ], [ -92.8626, 45.7222 ], [ -92.8509, 45.7238 ], [ -92.8488, 45.7287 ], [ -92.829, 45.7337 ], [ -92.8098, 45.7442 ], [ -92.8026, 45.7519 ], [ -92.7856, 45.7634 ], [ -92.7837, 45.7596 ], [ -92.7787, 45.7595 ], [ -92.7782, 45.7625 ], [ -92.7758, 45.7606 ], [ -92.7643, 45.7624 ], [ -92.7649, 45.759 ], [ -92.7699, 45.7588 ], [ -92.7701, 45.7443 ], [ -92.7027, 45.7442 ], [ -92.7028, 45.7296 ], [ -92.6313, 45.7294 ], [ -92.6308, 45.7944 ], [ -92.6234, 45.7947 ], [ -92.6201, 45.8045 ], [ -92.6121, 45.8087 ], [ -92.5688, 45.8081 ], [ -92.569, 45.7721 ], [ -92.5277, 45.772 ], [ -92.5291, 45.6421 ], [ -92.8871, 45.6441 ] ] ] } },
{ "type": "Feature", "properties": { "GEOID": "55025011700", "county": "Census Tract 117" }, "geometry": { "type": "Polygon", "coordinates": [ [ [ -89.247, 43.1049 ], [ -89.2455, 43.1583 ], [ -89.2373, 43.1583 ], [ -89.2369, 43.1618 ], [ -89.227, 43.1621 ], [ -89.2269, 43.1584 ], [ -89.2073, 43.1661 ], [ -89.1873, 43.1664 ], [ -89.1867, 43.182 ], [ -89.1667, 43.1837 ], [ -89.1662, 43.1952 ], [ -89.1663, 43.2077 ], [ -89.1713, 43.2132 ], [ -89.1662, 43.2173 ], [ -89.1666, 43.2279 ], [ -89.1865, 43.2279 ], [ -89.1864, 43.2242 ], [ -89.2442, 43.2241 ], [ -89.2454, 43.2821 ], [ -89.1273, 43.2825 ], [ -89.1296, 43.1086 ], [ -89.1889, 43.1106 ], [ -89.2301, 43.1084 ], [ -89.247, 43.1049 ] ] ] } },
{ "type": "Feature", "properties": { "GEOID": "55029100800", "county": "Census Tract 1008" }, "geometry": { "type": "Polygon", "coordinates": [ [ [ -87.4278, 44.8212 ], [ -87.4275, 44.8517 ], [ -87.422, 44.853 ], [ -87.4001, 44.8501 ], [ -87.3901, 44.8311 ], [ -87.3855, 44.8311 ], [ -87.3825, 44.8348 ], [ -87.3766, 44.8317 ], [ -87.3668, 44.8352 ], [ -87.2751, 44.8352 ], [ -87.2826, 44.8147 ], [ -87.3048, 44.8046 ], [ -87.3073, 44.8021 ], [ -87.306, 44.7995 ], [ -87.3146, 44.7918 ], [ -87.3719, 44.7916 ], [ -87.3718, 44.7847 ], [ -87.3976, 44.7844 ], [ -87.3974, 44.821 ], [ -87.4278, 44.8212 ] ] ] } },
{ "type": "Feature", "properties": { "GEOID": "55115100600", "county": "Census Tract 1006" }, "geometry": { "type": "Polygon", "coordinates": [ [ [ -89.019, 44.8078 ], [ -89.0122, 44.8118 ], [ -89.0121, 44.8218 ], [ -88.9926, 44.822 ], [ -88.9912, 44.8291 ], [ -88.9817, 44.8297 ], [ -88.976, 44.843 ], [ -88.9814, 44.8557 ], [ -88.9921, 44.8558 ], [ -88.9927, 44.8681 ], [ -88.9958, 44.8703 ], [ -88.9915, 44.8718 ], [ -88.9916, 44.9058 ], [ -89.0019, 44.9207 ], [ -89.0016, 44.9427 ], [ -88.7356, 44.9432 ], [ -88.7362, 44.8472 ], [ -88.7138, 44.8472 ], [ -88.7121, 44.8401 ], [ -88.6928, 44.8401 ], [ -88.6927, 44.8256 ], [ -88.7125, 44.8257 ], [ -88.7113, 44.7962 ], [ -88.7363, 44.7967 ], [ -88.7362, 44.7678 ], [ -88.7748, 44.768 ], [ -88.7769, 44.7625 ], [ -88.7921, 44.7628 ], [ -88.7926, 44.7605 ], [ -88.8071, 44.7594 ], [ -88.8075, 44.768 ], [ -88.9451, 44.7682 ], [ -88.9453, 44.7627 ], [ -88.9811, 44.7627 ], [ -88.9819, 44.8041 ], [ -89.0197, 44.8037 ], [ -89.019, 44.8078 ] ] ] } },
{ "type": "Feature", "properties": { "GEOID": "55045960200", "county": "Census Tract 9602" }, "geometry": { "type": "Polygon", "coordinates": [ [ [ -89.8374, 42.692 ], [ -89.8382, 42.8574 ], [ -89.5998, 42.8573 ], [ -89.6022, 42.8535 ], [ -89.6024, 42.8235 ], [ -89.6043, 42.8239 ], [ -89.6069, 42.8139 ], [ -89.5976, 42.7989 ], [ -89.5906, 42.797 ], [ -89.5887, 42.7863 ], [ -89.5909, 42.7848 ], [ -89.6278, 42.785 ], [ -89.6281, 42.7742 ], [ -89.6265, 42.7703 ], [ -89.5995, 42.7475 ], [ -89.5987, 42.7147 ], [ -89.6023, 42.712 ], [ -89.6161, 42.7095 ], [ -89.6173, 42.696 ], [ -89.6412, 42.6941 ], [ -89.6418, 42.6904 ], [ -89.6614, 42.6905 ], [ -89.661, 42.6689 ], [ -89.6668, 42.6688 ], [ -89.6736, 42.6624 ], [ -89.6941, 42.662 ], [ -89.6923, 42.6578 ], [ -89.7015, 42.6613 ], [ -89.7042, 42.6611 ], [ -89.7057, 42.6577 ], [ -89.7218, 42.658 ], [ -89.731, 42.6812 ], [ -89.7296, 42.6941 ], [ -89.7663, 42.6943 ], [ -89.769, 42.7034 ], [ -89.7886, 42.7052 ], [ -89.7887, 42.6928 ], [ -89.8374, 42.692 ] ] ] } },
{ "type": "Feature", "properties": { "GEOID": "55025000505", "county": "Census Tract 5.05" }, "geometry": { "type": "Polygon", "coordinates": [ [ [ -89.5012, 43.0233 ], [ -89.4967, 43.0281 ], [ -89.4969, 43.0318 ], [ -89.4888, 43.0319 ], [ -89.4889, 43.023 ], [ -89.4839, 43.0235 ], [ -89.484, 43.0157 ], [ -89.4989, 43.0157 ], [ -89.4987, 43.023 ], [ -89.5012, 43.0233 ] ] ] } },
{ "type": "Feature", "properties": { "GEOID": "55095960303", "county": "Census Tract 9603.03" }, "geometry": { "type": "Polygon", "coordinates": [ [ [ -92.3876, 45.4975 ], [ -92.3673, 45.498 ], [ -92.3664, 45.5383 ], [ -92.3766, 45.5424 ], [ -92.3756, 45.5685 ], [ -92.345, 45.5681 ], [ -92.3305, 45.5635 ], [ -92.3229, 45.555 ], [ -92.3045, 45.5529 ], [ -92.3042, 45.5408 ], [ -92.2836, 45.5408 ], [ -92.2837, 45.5443 ], [ -92.2695, 45.5439 ], [ -92.2689, 45.5472 ], [ -92.2595, 45.5472 ], [ -92.2583, 45.5539 ], [ -92.155, 45.5535 ], [ -92.1561, 45.4674 ], [ -92.1765, 45.4676 ], [ -92.1768, 45.464 ], [ -92.2022, 45.4638 ], [ -92.2024, 45.4541 ], [ -92.2009, 45.4478 ], [ -92.1973, 45.4474 ], [ -92.1973, 45.4388 ], [ -92.2386, 45.4392 ], [ -92.2389, 45.4509 ], [ -92.2427, 45.4534 ], [ -92.278, 45.4536 ], [ -92.2844, 45.4511 ], [ -92.2846, 45.4684 ], [ -92.3258, 45.4685 ], [ -92.3258, 45.476 ], [ -92.3826, 45.4757 ], [ -92.3839, 45.4814 ], [ -92.3877, 45.4837 ], [ -92.3876, 45.4975 ] ] ] } },
{ "type": "Feature", "properties": { "GEOID": "55107960200", "county": "Census Tract 9602" }, "geometry": { "type": "Polygon", "coordinates": [ [ [ -91.541, 45.2921 ], [ -91.5403, 45.6376 ], [ -91.298, 45.639 ], [ -91.1871, 45.6378 ], [ -91.1823, 45.6317 ], [ -91.1869, 45.6278 ], [ -91.1903, 45.6129 ], [ -91.1945, 45.6083 ], [ -91.1944, 45.6015 ], [ -91.1977, 45.5983 ], [ -91.1964, 45.5931 ], [ -91.2019, 45.5882 ], [ -91.2207, 45.5856 ], [ -91.2243, 45.5793 ], [ -91.224, 45.5731 ], [ -91.2198, 45.5724 ], [ -91.2216, 45.5678 ], [ -91.2271, 45.5644 ], [ -91.2258, 45.5609 ], [ -91.2294, 45.5546 ], [ -91.2318, 45.5394 ], [ -91.2287, 45.5347 ], [ -91.2234, 45.5338 ], [ -91.2239, 45.5293 ], [ -91.2315, 45.5287 ], [ -91.2382, 45.5231 ], [ -91.2469, 45.5131 ], [ -91.2546, 45.4954 ], [ -91.2632, 45.4915 ], [ -91.261, 45.4869 ], [ -91.264, 45.4867 ], [ -91.2638, 45.4847 ], [ -91.2702, 45.4808 ], [ -91.2773, 45.4789 ], [ -91.2796, 45.4824 ], [ -91.296, 45.4739 ], [ -91.303, 45.4724 ], [ -91.3073, 45.4693 ], [ -91.3075, 45.4646 ], [ -91.3994, 45.4648 ], [ -91.3998, 45.3785 ], [ -91.3984, 45.3625 ], [ -91.3938, 45.3625 ], [ -91.3881, 45.3521 ], [ -91.3882, 45.3253 ], [ -91.3991, 45.3205 ], [ -91.4087, 45.3201 ], [ -91.4084, 45.3105 ], [ -91.4121, 45.3067 ], [ -91.4366, 45.3005 ], [ -91.4439, 45.2917 ], [ -91.541, 45.2921 ] ] ] } },
{ "type": "Feature", "properties": { "GEOID": "55085970900", "county": "Census Tract 9709" }, "geometry": { "type": "Polygon", "coordinates": [ [ [ -89.8495, 45.7454 ], [ -89.8429, 45.7526 ], [ -89.8427, 45.757 ], [ -89.821, 45.7691 ], [ -89.8181, 45.7732 ], [ -89.8064, 45.7764 ], [ -89.8064, 45.7953 ], [ -89.7989, 45.8025 ], [ -89.8019, 45.807 ], [ -89.8025, 45.8158 ], [ -89.7668, 45.8152 ], [ -89.7577, 45.811 ], [ -89.7459, 45.8148 ], [ -89.7369, 45.8094 ], [ -89.7351, 45.8044 ], [ -89.7294, 45.8046 ], [ -89.7257, 45.8104 ], [ -89.7253, 45.8214 ], [ -89.7132, 45.8339 ], [ -89.7056, 45.8372 ], [ -89.6992, 45.8306 ], [ -89.6891, 45.8307 ], [ -89.6879, 45.8269 ], [ -89.6913, 45.8274 ], [ -89.6954, 45.8251 ], [ -89.6956, 45.8179 ], [ -89.6733, 45.8179 ], [ -89.6737, 45.8319 ], [ -89.6629, 45.8295 ], [ -89.6482, 45.8315 ], [ -89.6371, 45.8204 ], [ -89.6284, 45.8182 ], [ -89.6001, 45.818 ], [ -89.5903, 45.8131 ], [ -89.572, 45.8135 ], [ -89.5606, 45.8176 ], [ -89.5571, 45.8279 ], [ -89.5511, 45.8319 ], [ -89.5584, 45.8219 ], [ -89.5545, 45.817 ], [ -89.5406, 45.8109 ], [ -89.5405, 45.8073 ], [ -89.535, 45.8024 ], [ -89.5404, 45.7903 ], [ -89.5471, 45.7884 ], [ -89.5461, 45.7852 ], [ -89.5508, 45.7844 ], [ -89.5567, 45.7792 ], [ -89.559, 45.7738 ], [ -89.5578, 45.7666 ], [ -89.5606, 45.7633 ], [ -89.563, 45.7656 ], [ -89.5674, 45.7637 ], [ -89.5753, 45.765 ], [ -89.5733, 45.7533 ], [ -89.5515, 45.7332 ], [ -89.5693, 45.7325 ], [ -89.5765, 45.7286 ], [ -89.5917, 45.7259 ], [ -89.604, 45.7283 ], [ -89.6294, 45.7376 ], [ -89.6415, 45.7279 ], [ -89.6467, 45.727 ], [ -89.6486, 45.7219 ], [ -89.6549, 45.7216 ], [ -89.658, 45.7173 ], [ -89.6687, 45.7222 ], [ -89.6686, 45.7268 ], [ -89.6818, 45.7217 ], [ -89.6881, 45.7225 ], [ -89.686, 45.7205 ], [ -89.6926, 45.7121 ], [ -89.6883, 45.7087 ], [ -89.6936, 45.7067 ], [ -89.7155, 45.7058 ], [ -89.7238, 45.7324 ], [ -89.7199, 45.7569 ], [ -89.7237, 45.7568 ], [ -89.7243, 45.7544 ], [ -89.7323, 45.751 ], [ -89.7331, 45.7476 ], [ -89.7383, 45.7461 ], [ -89.7345, 45.7437 ], [ -89.7331, 45.7386 ], [ -89.7403, 45.7376 ], [ -89.7481, 45.7395 ], [ -89.7485, 45.7428 ], [ -89.7512, 45.7433 ], [ -89.7566, 45.7415 ], [ -89.7591, 45.7351 ], [ -89.7617, 45.7321 ], [ -89.7663, 45.7313 ], [ -89.7666, 45.7275 ], [ -89.7736, 45.7212 ], [ -89.7753, 45.7146 ], [ -89.7941, 45.7142 ], [ -89.8007, 45.7105 ], [ -89.815, 45.7104 ], [ -89.8166, 45.7172 ], [ -89.8306, 45.7177 ], [ -89.8488, 45.7402 ], [ -89.8495, 45.7454 ] ] ] } },
{ "type": "Feature", "properties": { "GEOID": "55017011200", "county": "Census Tract 112" }, "geometry": { "type": "Polygon", "coordinates": [ [ [ -91.6664, 45.1208 ], [ -91.6661, 45.1426 ], [ -91.6234, 45.143 ], [ -91.6063, 45.1415 ], [ -91.5994, 45.1349 ], [ -91.5069, 45.1348 ], [ -91.4954, 45.1203 ], [ -91.3888, 45.1202 ], [ -91.3883, 44.9953 ], [ -91.4119, 44.995 ], [ -91.4253, 45.0038 ], [ -91.438, 45.0038 ], [ -91.438, 45.0001 ], [ -91.4517, 45.0021 ], [ -91.5698, 45.0016 ], [ -91.5798, 45.0087 ], [ -91.6511, 45.0091 ], [ -91.6515, 45.1204 ], [ -91.6664, 45.1208 ] ] ] } },
{ "type": "Feature", "properties": { "GEOID": "55009021600", "county": "Census Tract 216" }, "geometry": { "type": "Polygon", "coordinates": [ [ [ -88.2526, 44.6798 ], [ -88.231, 44.6796 ], [ -88.2312, 44.6724 ], [ -88.1312, 44.6769 ], [ -88.1298, 44.5903 ], [ -88.2452, 44.5847 ], [ -88.2428, 44.6608 ], [ -88.2524, 44.6602 ], [ -88.2526, 44.6798 ] ] ] } },
{ "type": "Feature", "properties": { "GEOID": "55119960200", "county": "Census Tract 9602" }, "geometry": { "type": "Polygon", "coordinates": [ [ [ -90.9253, 45.3793 ], [ -90.5037, 45.3772 ], [ -90.298, 45.3808 ], [ -90.3035, 45.3495 ], [ -90.2915, 45.3381 ], [ -90.2905, 45.3298 ], [ -90.2917, 45.3093 ], [ -90.2995, 45.3008 ], [ -90.3026, 45.2929 ], [ -90.3027, 45.2386 ], [ -90.3143, 45.2197 ], [ -90.3261, 45.2067 ], [ -90.4331, 45.2041 ], [ -90.5769, 45.2049 ], [ -90.5772, 45.1929 ], [ -90.5744, 45.1905 ], [ -90.5533, 45.1907 ], [ -90.5595, 45.1846 ], [ -90.5567, 45.1359 ], [ -90.5605, 45.124 ], [ -90.5685, 45.1186 ], [ -90.6375, 45.1189 ], [ -90.6378, 45.1558 ], [ -90.6735, 45.1556 ], [ -90.692, 45.1671 ], [ -90.6908, 45.1716 ], [ -90.6839, 45.171 ], [ -90.6888, 45.1743 ], [ -90.6846, 45.1776 ], [ -90.6952, 45.1844 ], [ -90.6934, 45.1857 ], [ -90.698, 45.1895 ], [ -90.696, 45.1892 ], [ -90.6965, 45.1912 ], [ -90.6894, 45.1911 ], [ -90.6847, 45.1877 ], [ -90.6772, 45.1868 ], [ -90.6649, 45.1913 ], [ -90.6557, 45.2097 ], [ -90.6727, 45.2189 ], [ -90.6779, 45.2192 ], [ -90.6817, 45.2171 ], [ -90.6936, 45.222 ], [ -90.6945, 45.2246 ], [ -90.6856, 45.2342 ], [ -90.6931, 45.2347 ], [ -90.7032, 45.2414 ], [ -90.7, 45.2417 ], [ -90.7008, 45.2771 ], [ -90.7832, 45.2781 ], [ -90.782, 45.2988 ], [ -90.8024, 45.2989 ], [ -90.8024, 45.3206 ], [ -90.8646, 45.3204 ], [ -90.8643, 45.3133 ], [ -90.9252, 45.3131 ], [ -90.9253, 45.3793 ] ] ] } },
{ "type": "Feature", "properties": { "GEOID": "55059001401", "county": "Census Tract 14.01" }, "geometry": { "type": "Polygon", "coordinates": [ [ [ -87.8764, 42.5705 ], [ -87.87, 42.5705 ], [ -87.8696, 42.5736 ], [ -87.8614, 42.5774 ], [ -87.8616, 42.5811 ], [ -87.8554, 42.581 ], [ -87.8553, 42.5732 ], [ -87.8683, 42.5663 ], [ -87.8763, 42.5665 ], [ -87.8764, 42.5705 ] ] ] } },
{ "type": "Feature", "properties": { "GEOID": "55025002402", "county": "Census Tract 24.02" }, "geometry": { "type": "Polygon", "coordinates": [ [ [ -89.3768, 43.141 ], [ -89.3631, 43.1408 ], [ -89.3629, 43.1473 ], [ -89.3546, 43.147 ], [ -89.3552, 43.1254 ], [ -89.3569, 43.1282 ], [ -89.3769, 43.1362 ], [ -89.3768, 43.141 ] ] ] } },
{ "type": "Feature", "properties": { "GEOID": "55025013000", "county": "Census Tract 130" }, "geometry": { "type": "Polygon", "coordinates": [ [ [ -89.6898, 43.1197 ], [ -89.6851, 43.1228 ], [ -89.685, 43.1435 ], [ -89.6652, 43.1441 ], [ -89.656, 43.1376 ], [ -89.6406, 43.1535 ], [ -89.6308, 43.1583 ], [ -89.6203, 43.1586 ], [ -89.6193, 43.1336 ], [ -89.6097, 43.1298 ], [ -89.6006, 43.1292 ], [ -89.601, 43.093 ], [ -89.6204, 43.0973 ], [ -89.6551, 43.0971 ], [ -89.66, 43.0951 ], [ -89.6811, 43.0971 ], [ -89.6825, 43.0941 ], [ -89.6785, 43.1063 ], [ -89.6798, 43.1118 ], [ -89.6898, 43.1121 ], [ -89.6898, 43.1197 ] ] ] } },
{ "type": "Feature", "properties": { "GEOID": "55085970603", "county": "Census Tract 9706.03" }, "geometry": { "type": "Polygon", "coordinates": [ [ [ -89.5153, 45.7306 ], [ -89.5084, 45.735 ], [ -89.5089, 45.7465 ], [ -89.4983, 45.7469 ], [ -89.4987, 45.7573 ], [ -89.4743, 45.7573 ], [ -89.469, 45.7548 ], [ -89.4673, 45.7573 ], [ -89.4496, 45.7579 ], [ -89.4475, 45.7554 ], [ -89.4434, 45.7551 ], [ -89.4392, 45.757 ], [ -89.4188, 45.7566 ], [ -89.4189, 45.743 ], [ -89.4222, 45.7413 ], [ -89.4184, 45.7255 ], [ -89.4093, 45.7252 ], [ -89.3859, 45.7193 ], [ -89.376, 45.7244 ], [ -89.3709, 45.7313 ], [ -89.372, 45.7348 ], [ -89.3678, 45.7383 ], [ -89.3678, 45.7436 ], [ -89.359, 45.7442 ], [ -89.3554, 45.7468 ], [ -89.333, 45.7463 ], [ -89.3394, 45.7355 ], [ -89.3437, 45.7022 ], [ -89.3645, 45.6879 ], [ -89.3812, 45.6726 ], [ -89.3982, 45.6658 ], [ -89.4029, 45.6592 ], [ -89.4119, 45.6573 ], [ -89.4224, 45.6492 ], [ -89.4313, 45.6523 ], [ -89.4322, 45.6474 ], [ -89.4445, 45.6503 ], [ -89.4469, 45.6554 ], [ -89.443, 45.6632 ], [ -89.4442, 45.6764 ], [ -89.4491, 45.6816 ], [ -89.4512, 45.68 ], [ -89.455, 45.6825 ], [ -89.4499, 45.6836 ], [ -89.4487, 45.6863 ], [ -89.4708, 45.6975 ], [ -89.4886, 45.6999 ], [ -89.4933, 45.7071 ], [ -89.5101, 45.7118 ], [ -89.5127, 45.7152 ], [ -89.5104, 45.7181 ], [ -89.5133, 45.7276 ], [ -89.5102, 45.7265 ], [ -89.5153, 45.7306 ] ] ] } },
{ "type": "Feature", "properties": { "GEOID": "55117010601", "county": "Census Tract 106.01" }, "geometry": { "type": "Polygon", "coordinates": [ [ [ -87.8503, 43.7183 ], [ -87.8502, 43.7396 ], [ -87.8347, 43.7329 ], [ -87.8044, 43.7323 ], [ -87.8002, 43.7348 ], [ -87.8002, 43.7261 ], [ -87.8046, 43.7205 ], [ -87.8002, 43.7177 ], [ -87.8503, 43.7183 ] ] ] } },
{ "type": "Feature", "properties": { "GEOID": "55059002000", "county": "Census Tract 20" }, "geometry": { "type": "Polygon", "coordinates": [ [ [ -87.8543, 42.5371 ], [ -87.8381, 42.5369 ], [ -87.8346, 42.5403 ], [ -87.8197, 42.5405 ], [ -87.8218, 42.5585 ], [ -87.8125, 42.5564 ], [ -87.8118, 42.5206 ], [ -87.8021, 42.4926 ], [ -87.8529, 42.4933 ], [ -87.8543, 42.5371 ] ] ] } },
{ "type": "Feature", "properties": { "GEOID": "55009020704", "county": "Census Tract 207.04" }, "geometry": { "type": "Polygon", "coordinates": [ [ [ -88.0199, 44.4529 ], [ -88.0141, 44.4593 ], [ -88.0163, 44.4611 ], [ -88.0101, 44.4615 ], [ -88.0079, 44.465 ], [ -88.0074, 44.4677 ], [ -88.0132, 44.4709 ], [ -88.0044, 44.4755 ], [ -88.0027, 44.4792 ], [ -88.0077, 44.4842 ], [ -87.9971, 44.489 ], [ -87.9899, 44.486 ], [ -87.9918, 44.4818 ], [ -87.9873, 44.4802 ], [ -87.9885, 44.4757 ], [ -87.9825, 44.4735 ], [ -87.9823, 44.4764 ], [ -87.9867, 44.4777 ], [ -87.9854, 44.4795 ], [ -87.9813, 44.4802 ], [ -87.9703, 44.4765 ], [ -87.9752, 44.4787 ], [ -87.9739, 44.4807 ], [ -87.9693, 44.479 ], [ -87.9657, 44.4719 ], [ -87.9565, 44.4712 ], [ -87.9546, 44.4718 ], [ -87.9568, 44.4734 ], [ -87.9453, 44.4734 ], [ -87.961, 44.4601 ], [ -87.9622, 44.4545 ], [ -87.9416, 44.4443 ], [ -87.9793, 44.4449 ], [ -87.9863, 44.4345 ], [ -87.9926, 44.4367 ], [ -87.994, 44.4346 ], [ -88.0014, 44.4372 ], [ -88.0, 44.4392 ], [ -88.0168, 44.445 ], [ -88.0125, 44.4465 ], [ -88.0175, 44.4495 ], [ -88.0199, 44.4529 ] ] ] } },
{ "type": "Feature", "properties": { "GEOID": "55059002500", "county": "Census Tract 25" }, "geometry": { "type": "Polygon", "coordinates": [ [ [ -87.8923, 42.5505 ], [ -87.8875, 42.5669 ], [ -87.8685, 42.5663 ], [ -87.8691, 42.5372 ], [ -87.892, 42.5376 ], [ -87.8923, 42.5505 ] ] ] } },
{ "type": "Feature", "properties": { "GEOID": "55073002301", "county": "Census Tract 23.01" }, "geometry": { "type": "Polygon", "coordinates": [ [ [ -90.1985, 44.9456 ], [ -90.1978, 45.1206 ], [ -89.9645, 45.1202 ], [ -89.9659, 45.09 ], [ -89.9607, 45.0851 ], [ -89.9602, 45.079 ], [ -89.9521, 45.0738 ], [ -89.9528, 45.0659 ], [ -89.9579, 45.0585 ], [ -89.9572, 45.0495 ], [ -89.9546, 45.0476 ], [ -89.9642, 45.0474 ], [ -89.9639, 45.0329 ], [ -90.0045, 45.033 ], [ -90.0044, 45.0181 ], [ -90.0079, 45.0166 ], [ -90.0785, 45.0172 ], [ -90.0792, 44.9453 ], [ -90.1985, 44.9456 ] ] ] } },
{ "type": "Feature", "properties": { "GEOID": "55139001803", "county": "Census Tract 18.03" }, "geometry": { "type": "Polygon", "coordinates": [ [ [ -88.6435, 44.0113 ], [ -88.6431, 44.0331 ], [ -88.6233, 44.0326 ], [ -88.615, 44.0295 ], [ -88.6001, 44.0283 ], [ -88.5825, 44.0325 ], [ -88.5821, 44.0108 ], [ -88.6435, 44.0113 ] ] ] } },
{ "type": "Feature", "properties": { "GEOID": "55111001005", "county": "Census Tract 10.05" }, "geometry": { "type": "Polygon", "coordinates": [ [ [ -90.0066, 43.5378 ], [ -90.0026, 43.5397 ], [ -89.9995, 43.5471 ], [ -89.9999, 43.5653 ], [ -89.9891, 43.5611 ], [ -89.9945, 43.5566 ], [ -89.9964, 43.5397 ], [ -89.9964, 43.5345 ], [ -89.9904, 43.5347 ], [ -89.9904, 43.5324 ], [ -90.0051, 43.5325 ], [ -90.0066, 43.5378 ] ] ] } },
{ "type": "Feature", "properties": { "GEOID": "55087012604", "county": "Census Tract 126.04" }, "geometry": { "type": "Polygon", "coordinates": [ [ [ -88.5574, 44.2437 ], [ -88.5565, 44.3116 ], [ -88.5165, 44.2903 ], [ -88.5081, 44.2873 ], [ -88.4961, 44.2871 ], [ -88.4968, 44.2441 ], [ -88.5574, 44.2437 ] ] ] } },
{ "type": "Feature", "properties": { "GEOID": "55001950201", "county": "Census Tract 9502.01" }, "geometry": { "type": "Polygon", "coordinates": [ [ [ -90.0187, 44.048 ], [ -89.9742, 44.0467 ], [ -89.9569, 44.0397 ], [ -89.8936, 44.0392 ], [ -89.8879, 44.0349 ], [ -89.8866, 44.0252 ], [ -89.748, 44.0251 ], [ -89.7477, 44.0107 ], [ -89.7377, 44.0108 ], [ -89.7375, 43.9927 ], [ -89.7423, 43.9858 ], [ -89.7389, 43.9818 ], [ -89.7919, 43.9782 ], [ -89.7978, 43.9748 ], [ -89.7977, 44.0042 ], [ -89.8076, 44.002 ], [ -89.8107, 43.998 ], [ -89.8243, 43.9985 ], [ -89.8312, 43.9929 ], [ -89.8375, 43.9916 ], [ -89.8425, 43.9815 ], [ -89.8498, 43.9815 ], [ -89.8579, 43.9784 ], [ -89.8701, 43.9792 ], [ -89.872, 43.981 ], [ -89.8776, 43.9791 ], [ -89.8834, 43.9799 ], [ -89.884, 43.978 ], [ -89.8898, 43.9777 ], [ -89.9091, 43.9689 ], [ -89.9119, 43.9703 ], [ -89.9239, 43.9672 ], [ -89.9287, 43.9689 ], [ -89.9368, 43.9663 ], [ -89.9627, 43.9663 ], [ -89.9626, 43.9792 ], [ -89.9682, 43.9916 ], [ -89.9772, 43.9975 ], [ -90.0059, 44.0084 ], [ -89.9985, 44.0225 ], [ -90.0187, 44.048 ] ] ] } },
{ "type": "Feature", "properties": { "GEOID": "55133202303", "county": "Census Tract 2023.03" }, "geometry": { "type": "Polygon", "coordinates": [ [ [ -88.2404, 42.9592 ], [ -88.239, 42.9883 ], [ -88.2241, 42.9884 ], [ -88.2257, 42.9741 ], [ -88.2231, 42.9594 ], [ -88.2404, 42.9592 ] ] ] } },
{ "type": "Feature", "properties": { "GEOID": "55127000902", "county": "Census Tract 9.02" }, "geometry": { "type": "Polygon", "coordinates": [ [ [ -88.542, 42.6977 ], [ -88.5316, 42.6879 ], [ -88.5073, 42.6525 ], [ -88.522, 42.6555 ], [ -88.522, 42.6601 ], [ -88.5327, 42.6632 ], [ -88.5413, 42.6559 ], [ -88.542, 42.6977 ] ] ] } },
{ "type": "Feature", "properties": { "GEOID": "55133201001", "county": "Census Tract 2010.01" }, "geometry": { "type": "Polygon", "coordinates": [ [ [ -88.1068, 43.0369 ], [ -88.1043, 43.0372 ], [ -88.1042, 43.0414 ], [ -88.1016, 43.0415 ], [ -88.0999, 43.0457 ], [ -88.0669, 43.0455 ], [ -88.0669, 43.0364 ], [ -88.1068, 43.0369 ] ] ] } },
{ "type": "Feature", "properties": { "GEOID": "55131470100", "county": "Census Tract 4701" }, "geometry": { "type": "Polygon", "coordinates": [ [ [ -88.1822, 43.1926 ], [ -88.1817, 43.2808 ], [ -88.0633, 43.2789 ], [ -88.0639, 43.2356 ], [ -88.1327, 43.2355 ], [ -88.1328, 43.2211 ], [ -88.1229, 43.2209 ], [ -88.1227, 43.1947 ], [ -88.1179, 43.1919 ], [ -88.1822, 43.1926 ] ] ] } },
{ "type": "Feature", "properties": { "GEOID": "55059000101", "county": "Census Tract 1.01" }, "geometry": { "type": "Polygon", "coordinates": [ [ [ -87.8273, 42.624 ], [ -87.8095, 42.6678 ], [ -87.8059, 42.6679 ], [ -87.8182, 42.6272 ], [ -87.8225, 42.6272 ], [ -87.8273, 42.624 ] ] ] } },
{ "type": "Feature", "properties": { "GEOID": "55139001700", "county": "Census Tract 17" }, "geometry": { "type": "Polygon", "coordinates": [ [ [ -88.6433, 44.0975 ], [ -88.5433, 44.0975 ], [ -88.5429, 44.054 ], [ -88.5707, 44.0537 ], [ -88.5738, 44.0596 ], [ -88.582, 44.0448 ], [ -88.643, 44.0692 ], [ -88.6433, 44.0975 ] ] ] } },
{ "type": "Feature", "properties": { "GEOID": "55133200300", "county": "Census Tract 2003" }, "geometry": { "type": "Polygon", "coordinates": [ [ [ -88.1855, 43.1102 ], [ -88.1822, 43.1926 ], [ -88.1427, 43.1921 ], [ -88.1439, 43.1627 ], [ -88.1339, 43.1629 ], [ -88.1343, 43.1484 ], [ -88.1419, 43.1482 ], [ -88.1423, 43.1337 ], [ -88.1348, 43.1338 ], [ -88.1355, 43.1046 ], [ -88.1723, 43.1046 ], [ -88.1699, 43.1063 ], [ -88.1732, 43.1083 ], [ -88.1855, 43.1102 ] ] ] } },
{ "type": "Feature", "properties": { "GEOID": "55133201505", "county": "Census Tract 2015.05" }, "geometry": { "type": "Polygon", "coordinates": [ [ [ -88.1289, 42.941 ], [ -88.1283, 42.9807 ], [ -88.1085, 42.9809 ], [ -88.109, 42.9526 ], [ -88.1289, 42.941 ] ] ] } },
{ "type": "Feature", "properties": { "GEOID": "55133201506", "county": "Census Tract 2015.06" }, "geometry": { "type": "Polygon", "coordinates": [ [ [ -88.1386, 42.9301 ], [ -88.1289, 42.935 ], [ -88.1289, 42.941 ], [ -88.109, 42.9526 ], [ -88.1085, 42.9809 ], [ -88.1026, 42.9806 ], [ -88.0884, 42.9857 ], [ -88.0892, 42.9299 ], [ -88.1386, 42.9301 ] ] ] } },
{ "type": "Feature", "properties": { "GEOID": "55075961500", "county": "Census Tract 9615" }, "geometry": { "type": "MultiPolygon", "coordinates": [ [ [ [ -87.5051, 45.0598 ], [ -87.4971, 45.0611 ], [ -87.4918, 45.0566 ], [ -87.4928, 45.0557 ], [ -87.5051, 45.0598 ] ] ], [ [ [ -87.6243, 45.0964 ], [ -87.6192, 45.1016 ], [ -87.5922, 45.0948 ], [ -87.5874, 45.0871 ], [ -87.6017, 45.0827 ], [ -87.6088, 45.0777 ], [ -87.6196, 45.0574 ], [ -87.6193, 45.0889 ], [ -87.6242, 45.0899 ], [ -87.6243, 45.0964 ] ] ] ] } },
{ "type": "Feature", "properties": { "GEOID": "55117010504", "county": "Census Tract 105.04" }, "geometry": { "type": "Polygon", "coordinates": [ [ [ -88.0413, 43.7674 ], [ -88.0212, 43.7638 ], [ -88.0212, 43.771 ], [ -88.0263, 43.7762 ], [ -88.0312, 43.7903 ], [ -88.0074, 43.7903 ], [ -88.0124, 43.8002 ], [ -88.0229, 43.8043 ], [ -87.9859, 43.8043 ], [ -87.9835, 43.8026 ], [ -87.9814, 43.7264 ], [ -87.9897, 43.7252 ], [ -87.9904, 43.718 ], [ -88.0406, 43.7176 ], [ -88.0413, 43.7674 ] ] ] } },
{ "type": "Feature", "properties": { "GEOID": "55089630202", "county": "Census Tract 6302.02" }, "geometry": { "type": "Polygon", "coordinates": [ [ [ -87.9208, 43.4047 ], [ -87.9027, 43.4098 ], [ -87.8874, 43.3995 ], [ -87.886, 43.3838 ], [ -87.8728, 43.3796 ], [ -87.8775, 43.3689 ], [ -87.9202, 43.3683 ], [ -87.9208, 43.4047 ] ] ] } },
{ "type": "Feature", "properties": { "GEOID": "55093960200", "county": "Census Tract 9602" }, "geometry": { "type": "Polygon", "coordinates": [ [ [ -92.6468, 44.7914 ], [ -92.6448, 44.8217 ], [ -92.6282, 44.8322 ], [ -92.6293, 44.8408 ], [ -92.6084, 44.8409 ], [ -92.6089, 44.8513 ], [ -92.6032, 44.8498 ], [ -92.5594, 44.8506 ], [ -92.5524, 44.8625 ], [ -92.3749, 44.8623 ], [ -92.2584, 44.8581 ], [ -92.2569, 44.7719 ], [ -92.338, 44.7743 ], [ -92.3435, 44.7722 ], [ -92.3439, 44.7697 ], [ -92.3541, 44.7737 ], [ -92.3692, 44.7753 ], [ -92.4519, 44.7759 ], [ -92.4686, 44.7814 ], [ -92.4883, 44.7718 ], [ -92.5107, 44.7742 ], [ -92.5178, 44.7718 ], [ -92.5352, 44.771 ], [ -92.5477, 44.7653 ], [ -92.5479, 44.7578 ], [ -92.5529, 44.7537 ], [ -92.5529, 44.7319 ], [ -92.5647, 44.7297 ], [ -92.5791, 44.7317 ], [ -92.6244, 44.732 ], [ -92.6395, 44.7419 ], [ -92.6397, 44.78 ], [ -92.6468, 44.7914 ] ] ] } },
{ "type": "Feature", "properties": { "GEOID": "55087011103", "county": "Census Tract 111.03" }, "geometry": { "type": "Polygon", "coordinates": [ [ [ -88.4654, 44.2924 ], [ -88.457, 44.2985 ], [ -88.436, 44.299 ], [ -88.4361, 44.2805 ], [ -88.4463, 44.281 ], [ -88.4464, 44.2878 ], [ -88.4664, 44.288 ], [ -88.4654, 44.2924 ] ] ] } },
{ "type": "Feature", "properties": { "GEOID": "55087011901", "county": "Census Tract 119.01" }, "geometry": { "type": "Polygon", "coordinates": [ [ [ -88.3333, 44.2869 ], [ -88.3331, 44.298 ], [ -88.3129, 44.2979 ], [ -88.314, 44.2858 ], [ -88.3282, 44.2835 ], [ -88.3282, 44.2868 ], [ -88.3333, 44.2869 ] ] ] } },
{ "type": "Feature", "properties": { "GEOID": "55105002602", "county": "Census Tract 26.02" }, "geometry": { "type": "Polygon", "coordinates": [ [ [ -89.0128, 42.5144 ], [ -89.0093, 42.5151 ], [ -89.012, 42.5168 ], [ -89.0041, 42.5206 ], [ -89.0052, 42.5233 ], [ -88.9975, 42.5235 ], [ -88.9912, 42.5299 ], [ -88.989, 42.5282 ], [ -88.9841, 42.5305 ], [ -88.9909, 42.5364 ], [ -88.9929, 42.5445 ], [ -88.9893, 42.5489 ], [ -88.9893, 42.5576 ], [ -88.9856, 42.5596 ], [ -88.9862, 42.5623 ], [ -88.9796, 42.5652 ], [ -88.9818, 42.5839 ], [ -88.894, 42.5823 ], [ -88.8946, 42.4941 ], [ -89.0121, 42.4961 ], [ -89.0071, 42.5027 ], [ -89.0128, 42.5144 ] ] ] } },
{ "type": "Feature", "properties": { "GEOID": "55025011103", "county": "Census Tract 111.03" }, "geometry": { "type": "Polygon", "coordinates": [ [ [ -89.4955, 43.1051 ], [ -89.4916, 43.1116 ], [ -89.4914, 43.1191 ], [ -89.4716, 43.1191 ], [ -89.4714, 43.1373 ], [ -89.4421, 43.1374 ], [ -89.4422, 43.1402 ], [ -89.4268, 43.1402 ], [ -89.4341, 43.1421 ], [ -89.4249, 43.1404 ], [ -89.4418, 43.1188 ], [ -89.4543, 43.1093 ], [ -89.4717, 43.1085 ], [ -89.4815, 43.1048 ], [ -89.4955, 43.1051 ] ] ] } },
{ "type": "Feature", "properties": { "GEOID": "55119960300", "county": "Census Tract 9603" }, "geometry": { "type": "Polygon", "coordinates": [ [ [ -90.926, 45.1193 ], [ -90.9252, 45.3131 ], [ -90.8643, 45.3133 ], [ -90.8646, 45.3204 ], [ -90.8024, 45.3206 ], [ -90.8024, 45.2989 ], [ -90.782, 45.2988 ], [ -90.7832, 45.2781 ], [ -90.7008, 45.2771 ], [ -90.7, 45.2417 ], [ -90.7032, 45.2414 ], [ -90.6931, 45.2347 ], [ -90.6856, 45.2342 ], [ -90.6945, 45.2246 ], [ -90.6936, 45.222 ], [ -90.6817, 45.2171 ], [ -90.6779, 45.2192 ], [ -90.6727, 45.2189 ], [ -90.6557, 45.2097 ], [ -90.6649, 45.1913 ], [ -90.6772, 45.1868 ], [ -90.6847, 45.1877 ], [ -90.6894, 45.1911 ], [ -90.6965, 45.1912 ], [ -90.696, 45.1892 ], [ -90.698, 45.1895 ], [ -90.6934, 45.1857 ], [ -90.6952, 45.1844 ], [ -90.6846, 45.1776 ], [ -90.6888, 45.1743 ], [ -90.6839, 45.171 ], [ -90.6908, 45.1716 ], [ -90.692, 45.1671 ], [ -90.6735, 45.1556 ], [ -90.6378, 45.1558 ], [ -90.6375, 45.1189 ], [ -90.5569, 45.1185 ], [ -90.557, 45.0311 ], [ -90.9234, 45.0311 ], [ -90.9228, 45.1193 ], [ -90.926, 45.1193 ] ] ] } },
{ "type": "Feature", "properties": { "GEOID": "55087012200", "county": "Census Tract 122" }, "geometry": { "type": "Polygon", "coordinates": [ [ [ -88.2841, 44.2785 ], [ -88.2753, 44.2826 ], [ -88.2616, 44.2778 ], [ -88.2707, 44.2756 ], [ -88.2697, 44.2722 ], [ -88.2821, 44.272 ], [ -88.2839, 44.2747 ], [ -88.282, 44.2783 ], [ -88.2841, 44.2785 ] ] ] } },
{ "type": "Feature", "properties": { "GEOID": "55125950502", "county": "Census Tract 9505.02" }, "geometry": { "type": "Polygon", "coordinates": [ [ [ -89.3009, 45.8607 ], [ -89.3005, 45.9035 ], [ -89.2928, 45.9042 ], [ -89.276, 45.9144 ], [ -89.2481, 45.913 ], [ -89.2477, 45.9174 ], [ -89.2533, 45.9175 ], [ -89.2554, 45.924 ], [ -89.2481, 45.9246 ], [ -89.244, 45.9274 ], [ -89.2423, 45.9442 ], [ -89.2488, 45.9451 ], [ -89.2402, 45.9503 ], [ -89.2296, 45.9508 ], [ -89.2247, 45.9486 ], [ -89.2209, 45.9422 ], [ -89.2118, 45.9445 ], [ -89.2144, 45.9399 ], [ -89.207, 45.9355 ], [ -89.2027, 45.9393 ], [ -89.1915, 45.9399 ], [ -89.1823, 45.9433 ], [ -89.1766, 45.9525 ], [ -89.1772, 45.9318 ], [ -89.1715, 45.9286 ], [ -89.1701, 45.9222 ], [ -89.1548, 45.9286 ], [ -89.1544, 45.9255 ], [ -89.1477, 45.9227 ], [ -89.1572, 45.912 ], [ -89.1591, 45.9065 ], [ -89.173, 45.8989 ], [ -89.1777, 45.8993 ], [ -89.1752, 45.8566 ], [ -89.258, 45.8619 ], [ -89.3009, 45.8607 ] ] ] } },
{ "type": "Feature", "properties": { "GEOID": "55125950202", "county": "Census Tract 9502.02" }, "geometry": { "type": "Polygon", "coordinates": [ [ [ -89.1772, 45.9318 ], [ -89.176, 45.9626 ], [ -89.1712, 45.9624 ], [ -89.165, 45.9657 ], [ -89.163, 45.9715 ], [ -89.1521, 45.9824 ], [ -89.1373, 45.9825 ], [ -89.1345, 45.9873 ], [ -89.1299, 45.9892 ], [ -89.1264, 45.9963 ], [ -89.1077, 45.9955 ], [ -89.1026, 45.9995 ], [ -89.1018, 46.0106 ], [ -89.1194, 46.0097 ], [ -89.1194, 46.0221 ], [ -89.1245, 46.0223 ], [ -89.1246, 46.0258 ], [ -89.1299, 46.0259 ], [ -89.1299, 46.0329 ], [ -89.1562, 46.0331 ], [ -89.1629, 46.038 ], [ -89.1528, 46.0502 ], [ -89.1404, 46.0497 ], [ -89.1256, 46.0526 ], [ -89.1144, 46.0605 ], [ -89.097, 46.0648 ], [ -89.0885, 46.0714 ], [ -89.0866, 46.0665 ], [ -89.0753, 46.0636 ], [ -89.0654, 46.0691 ], [ -89.0414, 46.069 ], [ -89.0408, 46.0901 ], [ -89.0384, 46.0928 ], [ -89.0405, 46.1014 ], [ -89.0359, 46.1049 ], [ -89.0296, 46.106 ], [ -89.0265, 46.1119 ], [ -88.9327, 46.0737 ], [ -88.9332, 45.9823 ], [ -89.0478, 45.9823 ], [ -89.0476, 45.8954 ], [ -89.1216, 45.8955 ], [ -89.173, 45.8989 ], [ -89.1591, 45.9065 ], [ -89.1572, 45.912 ], [ -89.1477, 45.9227 ], [ -89.1544, 45.9255 ], [ -89.1548, 45.9286 ], [ -89.1701, 45.9222 ], [ -89.1715, 45.9286 ], [ -89.1772, 45.9318 ] ] ] } },
{ "type": "Feature", "properties": { "GEOID": "55009020600", "county": "Census Tract 206" }, "geometry": { "type": "Polygon", "coordinates": [ [ [ -87.8875, 44.3276 ], [ -87.8872, 44.4729 ], [ -87.765, 44.4727 ], [ -87.766, 44.3272 ], [ -87.8875, 44.3276 ] ] ] } },
{ "type": "Feature", "properties": { "GEOID": "55025011800", "county": "Census Tract 118" }, "geometry": { "type": "Polygon", "coordinates": [ [ [ -89.1296, 43.1087 ], [ -89.1273, 43.2825 ], [ -89.0091, 43.2848 ], [ -89.012, 43.1109 ], [ -89.1296, 43.1087 ] ] ] } },
{ "type": "Feature", "properties": { "GEOID": "55073001204", "county": "Census Tract 12.04" }, "geometry": { "type": "Polygon", "coordinates": [ [ [ -89.7148, 44.7781 ], [ -89.6859, 44.8007 ], [ -89.6855, 44.8038 ], [ -89.6932, 44.8039 ], [ -89.6973, 44.8083 ], [ -89.6914, 44.8114 ], [ -89.6936, 44.8244 ], [ -89.6823, 44.8385 ], [ -89.6679, 44.8459 ], [ -89.6592, 44.8584 ], [ -89.6293, 44.8583 ], [ -89.6291, 44.8389 ], [ -89.6251, 44.8359 ], [ -89.6193, 44.8335 ], [ -89.6131, 44.8349 ], [ -89.6089, 44.833 ], [ -89.5922, 44.8329 ], [ -89.5824, 44.8335 ], [ -89.5822, 44.8583 ], [ -89.4907, 44.8584 ], [ -89.491, 44.7727 ], [ -89.6609, 44.7716 ], [ -89.6636, 44.7713 ], [ -89.6684, 44.7575 ], [ -89.673, 44.7572 ], [ -89.6739, 44.7609 ], [ -89.6799, 44.761 ], [ -89.68, 44.7717 ], [ -89.7147, 44.7719 ], [ -89.7148, 44.7781 ] ] ] } },
{ "type": "Feature", "properties": { "GEOID": "55087010502", "county": "Census Tract 105.02" }, "geometry": { "type": "Polygon", "coordinates": [ [ [ -88.4069, 44.2582 ], [ -88.4017, 44.26 ], [ -88.401, 44.264 ], [ -88.3908, 44.264 ], [ -88.3855, 44.2671 ], [ -88.3836, 44.2657 ], [ -88.3918, 44.2572 ], [ -88.3995, 44.2592 ], [ -88.4065, 44.2567 ], [ -88.4069, 44.2582 ] ] ] } },
{ "type": "Feature", "properties": { "GEOID": "55133204003", "county": "Census Tract 2040.03" }, "geometry": { "type": "Polygon", "coordinates": [ [ [ -88.5418, 42.9601 ], [ -88.5414, 43.0241 ], [ -88.5298, 43.0277 ], [ -88.5094, 43.0281 ], [ -88.4954, 43.0212 ], [ -88.4762, 43.0248 ], [ -88.4624, 43.0224 ], [ -88.4636, 42.9886 ], [ -88.4847, 42.9885 ], [ -88.4978, 42.9805 ], [ -88.5029, 42.9744 ], [ -88.5082, 42.9739 ], [ -88.5129, 42.9671 ], [ -88.5327, 42.9673 ], [ -88.5328, 42.96 ], [ -88.5418, 42.9601 ] ] ] } },
{ "type": "Feature", "properties": { "GEOID": "55073001401", "county": "Census Tract 14.01" }, "geometry": { "type": "Polygon", "coordinates": [ [ [ -89.7577, 45.0168 ], [ -89.7271, 45.0164 ], [ -89.7271, 44.973 ], [ -89.6711, 44.9735 ], [ -89.6709, 44.9663 ], [ -89.6812, 44.9662 ], [ -89.6811, 44.9553 ], [ -89.7311, 44.9549 ], [ -89.7418, 44.9512 ], [ -89.7424, 44.9586 ], [ -89.727, 44.9586 ], [ -89.7271, 44.9694 ], [ -89.7374, 44.973 ], [ -89.7476, 44.9732 ], [ -89.7472, 44.9877 ], [ -89.7575, 44.9877 ], [ -89.7577, 45.0168 ] ] ] } },
{ "type": "Feature", "properties": { "GEOID": "55025001606", "county": "Census Tract 16.06" }, "geometry": { "type": "Polygon", "coordinates": [ [ [ -89.4009, 43.0677 ], [ -89.4007, 43.0721 ], [ -89.3917, 43.0735 ], [ -89.3889, 43.0714 ], [ -89.3951, 43.067 ], [ -89.4009, 43.0677 ] ] ] } },
{ "type": "Feature", "properties": { "GEOID": "55001950400", "county": "Census Tract 9504" }, "geometry": { "type": "Polygon", "coordinates": [ [ [ -89.9377, 43.9663 ], [ -89.9287, 43.9689 ], [ -89.9239, 43.9672 ], [ -89.9119, 43.9703 ], [ -89.9091, 43.9689 ], [ -89.8898, 43.9777 ], [ -89.884, 43.978 ], [ -89.8834, 43.9799 ], [ -89.8776, 43.9791 ], [ -89.872, 43.981 ], [ -89.8701, 43.9792 ], [ -89.8579, 43.9784 ], [ -89.8498, 43.9815 ], [ -89.8425, 43.9815 ], [ -89.8375, 43.9916 ], [ -89.8312, 43.9929 ], [ -89.8243, 43.9985 ], [ -89.8107, 43.998 ], [ -89.8076, 44.002 ], [ -89.7977, 44.0042 ], [ -89.7978, 43.9748 ], [ -89.7919, 43.9782 ], [ -89.7774, 43.9783 ], [ -89.7578, 43.9818 ], [ -89.701, 43.982 ], [ -89.6912, 43.9837 ], [ -89.6801, 43.982 ], [ -89.5979, 43.9821 ], [ -89.5973, 43.8761 ], [ -89.6174, 43.8761 ], [ -89.6174, 43.8904 ], [ -89.6775, 43.8906 ], [ -89.6777, 43.8944 ], [ -89.7971, 43.8941 ], [ -89.7973, 43.9014 ], [ -89.8474, 43.9016 ], [ -89.8474, 43.9232 ], [ -89.9176, 43.9227 ], [ -89.9176, 43.959 ], [ -89.9376, 43.9589 ], [ -89.9377, 43.9663 ] ] ] } },
{ "type": "Feature", "properties": { "GEOID": "55009020702", "county": "Census Tract 207.02" }, "geometry": { "type": "Polygon", "coordinates": [ [ [ -88.0468, 44.4395 ], [ -88.0395, 44.4381 ], [ -88.0381, 44.4403 ], [ -88.0302, 44.4375 ], [ -88.0276, 44.4412 ], [ -88.0169, 44.4375 ], [ -88.0175, 44.4393 ], [ -88.0155, 44.4386 ], [ -88.014, 44.4406 ], [ -88.0168, 44.445 ], [ -88.0, 44.4392 ], [ -88.0014, 44.4372 ], [ -87.9863, 44.4345 ], [ -87.9793, 44.4449 ], [ -87.9278, 44.4442 ], [ -87.9277, 44.4406 ], [ -87.9193, 44.4405 ], [ -87.9249, 44.4433 ], [ -87.9204, 44.4441 ], [ -87.9124, 44.4441 ], [ -87.9129, 44.4405 ], [ -87.9074, 44.4405 ], [ -87.9073, 44.4441 ], [ -87.8871, 44.4438 ], [ -87.8875, 44.3276 ], [ -88.0092, 44.3284 ], [ -88.0092, 44.3429 ], [ -87.9885, 44.3428 ], [ -87.9886, 44.4038 ], [ -88.0045, 44.4098 ], [ -88.0108, 44.41 ], [ -88.0399, 44.4219 ], [ -88.0416, 44.4234 ], [ -88.0342, 44.4281 ], [ -88.0379, 44.4294 ], [ -88.0369, 44.4311 ], [ -88.0463, 44.4338 ], [ -88.0439, 44.4373 ], [ -88.0468, 44.4395 ] ] ] } },
{ "type": "Feature", "properties": { "GEOID": "55079019000", "county": "Census Tract 190" }, "geometry": { "type": "Polygon", "coordinates": [ [ [ -87.9778, 42.9884 ], [ -87.9776, 43.0029 ], [ -87.9757, 43.0029 ], [ -87.9776, 43.0038 ], [ -87.9685, 43.0008 ], [ -87.9685, 43.0029 ], [ -87.9579, 43.003 ], [ -87.9581, 42.9885 ], [ -87.9778, 42.9884 ] ] ] } },
{ "type": "Feature", "properties": { "GEOID": "55079130100", "county": "Census Tract 1301" }, "geometry": { "type": "Polygon", "coordinates": [ [ [ -88.0693, 42.9524 ], [ -88.0381, 42.9534 ], [ -88.0332, 42.9513 ], [ -88.0258, 42.9441 ], [ -88.0284, 42.9424 ], [ -88.0286, 42.9303 ], [ -88.0455, 42.9284 ], [ -88.0454, 42.9302 ], [ -88.0484, 42.9302 ], [ -88.0482, 42.9447 ], [ -88.0694, 42.9445 ], [ -88.0693, 42.9524 ] ] ] } },
{ "type": "Feature", "properties": { "GEOID": "55125950700", "county": "Census Tract 9507" }, "geometry": { "type": "Polygon", "coordinates": [ [ [ -89.7581, 45.9472 ], [ -89.7439, 45.9518 ], [ -89.7416, 45.9555 ], [ -89.7393, 45.9523 ], [ -89.7352, 45.9532 ], [ -89.732, 45.9612 ], [ -89.7265, 45.9605 ], [ -89.7184, 45.9634 ], [ -89.7158, 45.9607 ], [ -89.7051, 45.9599 ], [ -89.6997, 45.9708 ], [ -89.6987, 45.9825 ], [ -89.6738, 45.9988 ], [ -89.6611, 46.0101 ], [ -89.6557, 46.0076 ], [ -89.633, 46.0059 ], [ -89.6119, 45.9977 ], [ -89.572, 45.9984 ], [ -89.5578, 45.9892 ], [ -89.5472, 45.9932 ], [ -89.5319, 45.9932 ], [ -89.5316, 45.9859 ], [ -89.4981, 45.986 ], [ -89.4798, 45.995 ], [ -89.471, 45.9848 ], [ -89.4551, 45.9823 ], [ -89.4512, 45.9767 ], [ -89.4648, 45.971 ], [ -89.4677, 45.9554 ], [ -89.4881, 45.9554 ], [ -89.4874, 45.9004 ], [ -89.485, 45.8986 ], [ -89.7568, 45.8985 ], [ -89.7581, 45.9472 ] ] ] } },
{ "type": "Feature", "properties": { "GEOID": "55097961200", "county": "Census Tract 9612" }, "geometry": { "type": "Polygon", "coordinates": [ [ [ -89.7262, 44.4455 ], [ -89.7129, 44.4505 ], [ -89.6744, 44.4532 ], [ -89.6499, 44.4522 ], [ -89.6355, 44.4552 ], [ -89.6255, 44.4528 ], [ -89.6166, 44.4478 ], [ -89.6167, 44.444 ], [ -89.5765, 44.4542 ], [ -89.5442, 44.4536 ], [ -89.5413, 44.4464 ], [ -89.5188, 44.4308 ], [ -89.5243, 44.2444 ], [ -89.7248, 44.2477 ], [ -89.7262, 44.4455 ] ] ] } },
{ "type": "Feature", "properties": { "GEOID": "55055100301", "county": "Census Tract 1003.01" }, "geometry": { "type": "Polygon", "coordinates": [ [ [ -88.7729, 43.1577 ], [ -88.7729, 43.168 ], [ -88.7644, 43.1695 ], [ -88.7641, 43.1901 ], [ -88.7315, 43.1892 ], [ -88.7239, 43.1864 ], [ -88.724, 43.1762 ], [ -88.7284, 43.1764 ], [ -88.7286, 43.1707 ], [ -88.7348, 43.1697 ], [ -88.7364, 43.1648 ], [ -88.7456, 43.1629 ], [ -88.7447, 43.165 ], [ -88.7538, 43.1649 ], [ -88.7544, 43.1536 ], [ -88.7685, 43.1478 ], [ -88.7687, 43.1592 ], [ -88.7729, 43.1577 ] ] ] } },
{ "type": "Feature", "properties": { "GEOID": "55095960302", "county": "Census Tract 9603.02" }, "geometry": { "type": "Polygon", "coordinates": [ [ [ -92.5278, 45.5232 ], [ -92.5249, 45.5263 ], [ -92.5278, 45.5268 ], [ -92.528, 45.5412 ], [ -92.4579, 45.5409 ], [ -92.4579, 45.5623 ], [ -92.4446, 45.5617 ], [ -92.4383, 45.5655 ], [ -92.4292, 45.5659 ], [ -92.4255, 45.569 ], [ -92.4038, 45.5702 ], [ -92.4014, 45.5687 ], [ -92.3794, 45.5685 ], [ -92.3761, 45.5667 ], [ -92.3766, 45.5424 ], [ -92.3664, 45.5383 ], [ -92.3673, 45.498 ], [ -92.4068, 45.4972 ], [ -92.4069, 45.4828 ], [ -92.4119, 45.4823 ], [ -92.4134, 45.4799 ], [ -92.4271, 45.4817 ], [ -92.4279, 45.4835 ], [ -92.4403, 45.4836 ], [ -92.4396, 45.4755 ], [ -92.4345, 45.4686 ], [ -92.4491, 45.4689 ], [ -92.4477, 45.4724 ], [ -92.4526, 45.4717 ], [ -92.4531, 45.4689 ], [ -92.4803, 45.4709 ], [ -92.4881, 45.4693 ], [ -92.4889, 45.4799 ], [ -92.4931, 45.4799 ], [ -92.4934, 45.4834 ], [ -92.509, 45.4834 ], [ -92.5097, 45.4726 ], [ -92.5152, 45.4691 ], [ -92.5295, 45.4689 ], [ -92.5278, 45.5232 ] ] ] } },
{ "type": "Feature", "properties": { "GEOID": "55059003002", "county": "Census Tract 30.02" }, "geometry": { "type": "Polygon", "coordinates": [ [ [ -88.2746, 42.4948 ], [ -88.2687, 42.5189 ], [ -88.2565, 42.5212 ], [ -88.2477, 42.5293 ], [ -88.2562, 42.531 ], [ -88.2564, 42.5528 ], [ -88.1879, 42.5534 ], [ -88.1871, 42.496 ], [ -88.2746, 42.4948 ] ] ] } },
{ "type": "Feature", "properties": { "GEOID": "55115100300", "county": "Census Tract 1003" }, "geometry": { "type": "Polygon", "coordinates": [ [ [ -88.7363, 44.7967 ], [ -88.7113, 44.7962 ], [ -88.7125, 44.8257 ], [ -88.6927, 44.8256 ], [ -88.6928, 44.8401 ], [ -88.7121, 44.8401 ], [ -88.7138, 44.8472 ], [ -88.7362, 44.8472 ], [ -88.7362, 44.8564 ], [ -88.4892, 44.8554 ], [ -88.4886, 44.8311 ], [ -88.5002, 44.8328 ], [ -88.5035, 44.8248 ], [ -88.5224, 44.8249 ], [ -88.5294, 44.8285 ], [ -88.5448, 44.8288 ], [ -88.5607, 44.8252 ], [ -88.5667, 44.8178 ], [ -88.6044, 44.8183 ], [ -88.6049, 44.8116 ], [ -88.6102, 44.811 ], [ -88.6068, 44.8051 ], [ -88.6097, 44.791 ], [ -88.6217, 44.7912 ], [ -88.6183, 44.7806 ], [ -88.6213, 44.771 ], [ -88.6307, 44.771 ], [ -88.6423, 44.7676 ], [ -88.7362, 44.7678 ], [ -88.7363, 44.7967 ] ] ] } },
{ "type": "Feature", "properties": { "GEOID": "55101001301", "county": "Census Tract 13.01" }, "geometry": { "type": "Polygon", "coordinates": [ [ [ -87.8017, 42.7555 ], [ -87.7871, 42.7555 ], [ -87.7871, 42.7478 ], [ -87.7992, 42.7457 ], [ -87.8017, 42.7555 ] ] ] } },
{ "type": "Feature", "properties": { "GEOID": "55021970800", "county": "Census Tract 9708" }, "geometry": { "type": "Polygon", "coordinates": [ [ [ -89.727, 43.3003 ], [ -89.7236, 43.3145 ], [ -89.7197, 43.3197 ], [ -89.7038, 43.3303 ], [ -89.6964, 43.3421 ], [ -89.6793, 43.3602 ], [ -89.6703, 43.3618 ], [ -89.6557, 43.3598 ], [ -89.6206, 43.3691 ], [ -89.6147, 43.3657 ], [ -89.5992, 43.3657 ], [ -89.5904, 43.3624 ], [ -89.5447, 43.3274 ], [ -89.5168, 43.33 ], [ -89.5179, 43.3202 ], [ -89.5072, 43.3184 ], [ -89.4819, 43.3303 ], [ -89.4664, 43.3307 ], [ -89.4536, 43.3353 ], [ -89.4472, 43.3221 ], [ -89.4176, 43.2942 ], [ -89.7205, 43.2931 ], [ -89.727, 43.3003 ] ] ] } },
{ "type": "Feature", "properties": { "GEOID": "55073002000", "county": "Census Tract 20" }, "geometry": { "type": "Polygon", "coordinates": [ [ [ -90.1988, 44.7717 ], [ -90.1981, 44.8588 ], [ -89.964, 44.8584 ], [ -89.9641, 44.7719 ], [ -90.1988, 44.7717 ] ] ] } },
{ "type": "Feature", "properties": { "GEOID": "55031030101", "county": "Census Tract 301.01" }, "geometry": { "type": "Polygon", "coordinates": [ [ [ -91.9307, 46.5036 ], [ -91.9314, 46.6476 ], [ -91.9197, 46.6476 ], [ -91.9201, 46.6743 ], [ -91.9149, 46.6782 ], [ -91.9196, 46.6833 ], [ -91.8868, 46.6896 ], [ -91.8575, 46.6924 ], [ -91.8403, 46.6897 ], [ -91.82, 46.6902 ], [ -91.7901, 46.6947 ], [ -91.7497, 46.7091 ], [ -91.6455, 46.7347 ], [ -91.5907, 46.7543 ], [ -91.5743, 46.7575 ], [ -91.5514, 46.7557 ], [ -91.5521, 46.6759 ], [ -91.589, 46.6761 ], [ -91.5951, 46.68 ], [ -91.6017, 46.6761 ], [ -91.6469, 46.6766 ], [ -91.6469, 46.6621 ], [ -91.7418, 46.6624 ], [ -91.7421, 46.5609 ], [ -91.7818, 46.5613 ], [ -91.7401, 46.5342 ], [ -91.7196, 46.5161 ], [ -91.7062, 46.5135 ], [ -91.7002, 46.515 ], [ -91.6979, 46.5078 ], [ -91.6932, 46.5077 ], [ -91.6934, 46.4968 ], [ -91.691, 46.4935 ], [ -91.6758, 46.4863 ], [ -91.6757, 46.4745 ], [ -91.7161, 46.4747 ], [ -91.7178, 46.4891 ], [ -91.7384, 46.4886 ], [ -91.7386, 46.4743 ], [ -91.9257, 46.4749 ], [ -91.9257, 46.5036 ], [ -91.9307, 46.5036 ] ] ] } },
{ "type": "Feature", "properties": { "GEOID": "55079186400", "county": "Census Tract 1864" }, "geometry": { "type": "Polygon", "coordinates": [ [ [ -87.945, 43.0361 ], [ -87.9379, 43.0361 ], [ -87.9379, 43.0387 ], [ -87.9272, 43.0387 ], [ -87.9258, 43.0416 ], [ -87.9217, 43.0402 ], [ -87.9205, 43.0356 ], [ -87.9448, 43.0348 ], [ -87.945, 43.0361 ] ] ] } },
{ "type": "Feature", "properties": { "GEOID": "55095961100", "county": "Census Tract 9611" }, "geometry": { "type": "Polygon", "coordinates": [ [ [ -92.316, 45.2536 ], [ -92.3156, 45.3092 ], [ -92.2856, 45.3101 ], [ -92.2846, 45.3956 ], [ -92.1561, 45.3954 ], [ -92.1565, 45.2095 ], [ -92.2839, 45.2093 ], [ -92.2849, 45.2451 ], [ -92.2824, 45.2521 ], [ -92.316, 45.2536 ] ] ] } },
{ "type": "Feature", "properties": { "GEOID": "55025001502", "county": "Census Tract 15.02" }, "geometry": { "type": "Polygon", "coordinates": [ [ [ -89.3939, 43.0361 ], [ -89.3688, 43.0433 ], [ -89.3542, 43.0438 ], [ -89.3509, 43.0471 ], [ -89.332, 43.0469 ], [ -89.3257, 43.0441 ], [ -89.3288, 43.0413 ], [ -89.3138, 43.0429 ], [ -89.313, 43.0449 ], [ -89.3097, 43.0373 ], [ -89.3133, 43.034 ], [ -89.3231, 43.0348 ], [ -89.3296, 43.0286 ], [ -89.3296, 43.0255 ], [ -89.3454, 43.0255 ], [ -89.3473, 43.0308 ], [ -89.3524, 43.0256 ], [ -89.3649, 43.0255 ], [ -89.3648, 43.0285 ], [ -89.3746, 43.0288 ], [ -89.383, 43.0258 ], [ -89.3939, 43.0361 ] ] ] } },
{ "type": "Feature", "properties": { "GEOID": "55031030200", "county": "Census Tract 302" }, "geometry": { "type": "Polygon", "coordinates": [ [ [ -92.2919, 46.5328 ], [ -92.2913, 46.6681 ], [ -92.2874, 46.6673 ], [ -92.2862, 46.6603 ], [ -92.2744, 46.6574 ], [ -92.2706, 46.6507 ], [ -92.266, 46.651 ], [ -92.2566, 46.6587 ], [ -92.2425, 46.6492 ], [ -92.2285, 46.6529 ], [ -92.2124, 46.6499 ], [ -92.1992, 46.6577 ], [ -92.177, 46.6576 ], [ -92.1337, 46.6659 ], [ -92.1194, 46.666 ], [ -92.1113, 46.6658 ], [ -92.108, 46.6596 ], [ -92.0999, 46.6595 ], [ -92.0979, 46.6526 ], [ -92.0881, 46.6479 ], [ -92.0728, 46.6478 ], [ -92.0664, 46.6502 ], [ -92.0664, 46.6477 ], [ -91.9314, 46.6476 ], [ -91.9307, 46.5036 ], [ -91.9257, 46.5036 ], [ -91.9245, 46.4171 ], [ -92.0503, 46.4177 ], [ -92.0499, 46.5033 ], [ -92.1823, 46.5039 ], [ -92.1826, 46.5328 ], [ -92.2919, 46.5328 ] ] ] } },
{ "type": "Feature", "properties": { "GEOID": "55025010903", "county": "Census Tract 109.03" }, "geometry": { "type": "Polygon", "coordinates": [ [ [ -89.5781, 43.0311 ], [ -89.5675, 43.0311 ], [ -89.5669, 43.0457 ], [ -89.5322, 43.0458 ], [ -89.5335, 43.0161 ], [ -89.55, 43.0163 ], [ -89.563, 43.013 ], [ -89.5629, 43.0194 ], [ -89.5678, 43.0206 ], [ -89.5781, 43.0311 ] ] ] } },
{ "type": "Feature", "properties": { "GEOID": "55059001300", "county": "Census Tract 13" }, "geometry": { "type": "Polygon", "coordinates": [ [ [ -87.8842, 42.5817 ], [ -87.8824, 42.5888 ], [ -87.8557, 42.5883 ], [ -87.8554, 42.581 ], [ -87.8842, 42.5817 ] ] ] } },
{ "type": "Feature", "properties": { "GEOID": "55025013202", "county": "Census Tract 132.02" }, "geometry": { "type": "Polygon", "coordinates": [ [ [ -89.3631, 43.2813 ], [ -89.2454, 43.2821 ], [ -89.2442, 43.2241 ], [ -89.264, 43.2241 ], [ -89.2641, 43.195 ], [ -89.3618, 43.1945 ], [ -89.3626, 43.229 ], [ -89.3575, 43.2305 ], [ -89.3557, 43.2334 ], [ -89.3485, 43.2315 ], [ -89.3478, 43.2223 ], [ -89.2986, 43.2237 ], [ -89.2995, 43.2672 ], [ -89.33, 43.2669 ], [ -89.3337, 43.2625 ], [ -89.3416, 43.2639 ], [ -89.3443, 43.2671 ], [ -89.3629, 43.2672 ], [ -89.3631, 43.2813 ] ] ] } },
{ "type": "Feature", "properties": { "GEOID": "55127000701", "county": "Census Tract 7.01" }, "geometry": { "type": "Polygon", "coordinates": [ [ [ -88.6884, 42.6386 ], [ -88.6861, 42.6518 ], [ -88.6592, 42.6401 ], [ -88.6591, 42.6683 ], [ -88.6392, 42.6587 ], [ -88.6384, 42.6457 ], [ -88.6499, 42.6343 ], [ -88.6469, 42.6343 ], [ -88.6469, 42.6154 ], [ -88.649, 42.6125 ], [ -88.6691, 42.6209 ], [ -88.6784, 42.6205 ], [ -88.6786, 42.6366 ], [ -88.6884, 42.6386 ] ] ] } },
{ "type": "Feature", "properties": { "GEOID": "55109120402", "county": "Census Tract 1204.02" }, "geometry": { "type": "Polygon", "coordinates": [ [ [ -92.8029, 45.0654 ], [ -92.7923, 45.0788 ], [ -92.7868, 45.0788 ], [ -92.7747, 45.0854 ], [ -92.7715, 45.0838 ], [ -92.7713, 45.0788 ], [ -92.723, 45.0789 ], [ -92.7166, 45.0818 ], [ -92.7158, 45.0861 ], [ -92.706, 45.0861 ], [ -92.7009, 45.0933 ], [ -92.6688, 45.0933 ], [ -92.6656, 45.0889 ], [ -92.6656, 45.0825 ], [ -92.6503, 45.0825 ], [ -92.6447, 45.0788 ], [ -92.6194, 45.0789 ], [ -92.6192, 45.0179 ], [ -92.764, 45.0176 ], [ -92.7619, 45.0225 ], [ -92.7646, 45.0288 ], [ -92.7971, 45.0506 ], [ -92.8021, 45.0574 ], [ -92.8029, 45.0654 ] ] ] } },
{ "type": "Feature", "properties": { "GEOID": "55135101200", "county": "Census Tract 1012" }, "geometry": { "type": "Polygon", "coordinates": [ [ [ -88.9918, 44.3699 ], [ -88.9785, 44.3772 ], [ -88.9814, 44.379 ], [ -88.9811, 44.4065 ], [ -88.9663, 44.4025 ], [ -88.9664, 44.4106 ], [ -88.9535, 44.4115 ], [ -88.9484, 44.4138 ], [ -88.9448, 44.4201 ], [ -88.9463, 44.4237 ], [ -88.9249, 44.425 ], [ -88.9195, 44.4229 ], [ -88.8877, 44.4216 ], [ -88.8679, 44.4173 ], [ -88.8598, 44.4125 ], [ -88.8597, 44.4307 ], [ -88.8847, 44.4328 ], [ -88.8844, 44.453 ], [ -88.8792, 44.4536 ], [ -88.8791, 44.4606 ], [ -88.8492, 44.4607 ], [ -88.8488, 44.4819 ], [ -88.8387, 44.4831 ], [ -88.8379, 44.4898 ], [ -88.7977, 44.4894 ], [ -88.7975, 44.5027 ], [ -88.7472, 44.5023 ], [ -88.7472, 44.5096 ], [ -88.7371, 44.5096 ], [ -88.7367, 44.4162 ], [ -88.7416, 44.4162 ], [ -88.7424, 44.4206 ], [ -88.7562, 44.4259 ], [ -88.7631, 44.4149 ], [ -88.7701, 44.413 ], [ -88.7697, 44.4116 ], [ -88.7791, 44.4134 ], [ -88.784, 44.4107 ], [ -88.7894, 44.4005 ], [ -88.7969, 44.4032 ], [ -88.8076, 44.401 ], [ -88.8201, 44.3923 ], [ -88.8341, 44.3758 ], [ -88.8461, 44.3743 ], [ -88.8803, 44.3559 ], [ -88.8752, 44.3452 ], [ -88.8802, 44.3412 ], [ -88.8803, 44.3297 ], [ -88.9449, 44.3299 ], [ -88.972, 44.3369 ], [ -88.9719, 44.3444 ], [ -88.9767, 44.3445 ], [ -88.977, 44.3479 ], [ -88.9915, 44.3481 ], [ -88.9918, 44.3699 ] ] ] } },
{ "type": "Feature", "properties": { "GEOID": "55025011404", "county": "Census Tract 114.04" }, "geometry": { "type": "Polygon", "coordinates": [ [ [ -89.345, 43.1945 ], [ -89.2641, 43.195 ], [ -89.2652, 43.165 ], [ -89.3122, 43.1646 ], [ -89.32, 43.1753 ], [ -89.345, 43.1945 ] ] ] } },
{ "type": "Feature", "properties": { "GEOID": "55137960201", "county": "Census Tract 9602.01" }, "geometry": { "type": "Polygon", "coordinates": [ [ [ -89.2473, 44.1847 ], [ -89.247, 44.2437 ], [ -89.1336, 44.2431 ], [ -89.1336, 44.2287 ], [ -89.1388, 44.2282 ], [ -89.1385, 44.1994 ], [ -89.1337, 44.1994 ], [ -89.1331, 44.1813 ], [ -89.124, 44.181 ], [ -89.1145, 44.1776 ], [ -89.1173, 44.1557 ], [ -89.1938, 44.1557 ], [ -89.199, 44.1593 ], [ -89.2001, 44.1518 ], [ -89.2124, 44.1539 ], [ -89.229, 44.1515 ], [ -89.2293, 44.1849 ], [ -89.2473, 44.1847 ] ] ] } },
{ "type": "Feature", "properties": { "GEOID": "55079100900", "county": "Census Tract 1009" }, "geometry": { "type": "Polygon", "coordinates": [ [ [ -88.0677, 43.0028 ], [ -88.0673, 43.0164 ], [ -88.0363, 43.0164 ], [ -88.0382, 43.0026 ], [ -88.0677, 43.0028 ] ] ] } },
{ "type": "Feature", "properties": { "GEOID": "55079002000", "county": "Census Tract 20" }, "geometry": { "type": "Polygon", "coordinates": [ [ [ -87.9763, 43.112 ], [ -87.9762, 43.1193 ], [ -87.9599, 43.1192 ], [ -87.9601, 43.1119 ], [ -87.9763, 43.112 ] ] ] } },
{ "type": "Feature", "properties": { "GEOID": "55079120300", "county": "Census Tract 1203" }, "geometry": { "type": "Polygon", "coordinates": [ [ [ -87.9811, 42.9807 ], [ -87.9722, 42.9879 ], [ -87.9699, 42.9871 ], [ -87.9714, 42.9856 ], [ -87.9679, 42.9857 ], [ -87.9681, 42.9786 ], [ -87.9706, 42.9786 ], [ -87.9706, 42.9751 ], [ -87.97, 42.975 ], [ -87.97, 42.9745 ], [ -87.9682, 42.9739 ], [ -87.9704, 42.9739 ], [ -87.9735, 42.9786 ], [ -87.9756, 42.9786 ], [ -87.9756, 42.9757 ], [ -87.978, 42.9776 ], [ -87.98, 42.9765 ], [ -87.9811, 42.9807 ] ] ] } },
{ "type": "Feature", "properties": { "GEOID": "55079021000", "county": "Census Tract 210" }, "geometry": { "type": "Polygon", "coordinates": [ [ [ -87.9096, 42.9665 ], [ -87.8971, 42.9675 ], [ -87.8896, 42.9643 ], [ -87.8897, 42.9592 ], [ -87.9097, 42.9592 ], [ -87.9096, 42.9665 ] ] ] } },
{ "type": "Feature", "properties": { "GEOID": "55079035100", "county": "Census Tract 351" }, "geometry": { "type": "Polygon", "coordinates": [ [ [ -87.9082, 43.1331 ], [ -87.9012, 43.1447 ], [ -87.9005, 43.1703 ], [ -87.8815, 43.1697 ], [ -87.9014, 43.1332 ], [ -87.9082, 43.1331 ] ] ] } },
{ "type": "Feature", "properties": { "GEOID": "55027961600", "county": "Census Tract 9616" }, "geometry": { "type": "Polygon", "coordinates": [ [ [ -88.6709, 43.1978 ], [ -88.6693, 43.2116 ], [ -88.666, 43.2116 ], [ -88.6658, 43.2227 ], [ -88.6585, 43.2441 ], [ -88.6565, 43.2478 ], [ -88.649, 43.248 ], [ -88.6484, 43.2618 ], [ -88.6394, 43.2833 ], [ -88.6472, 43.2844 ], [ -88.6471, 43.2989 ], [ -88.661, 43.2993 ], [ -88.6602, 43.3136 ], [ -88.6573, 43.3144 ], [ -88.6517, 43.3233 ], [ -88.6512, 43.3428 ], [ -88.6414, 43.3426 ], [ -88.6419, 43.3533 ], [ -88.6383, 43.3536 ], [ -88.6364, 43.3642 ], [ -88.6282, 43.3673 ], [ -88.6241, 43.3784 ], [ -88.6268, 43.3833 ], [ -88.6252, 43.3847 ], [ -88.6139, 43.3811 ], [ -88.6051, 43.3822 ], [ -88.6037, 43.3856 ], [ -88.5967, 43.3856 ], [ -88.5961, 43.3711 ], [ -88.5463, 43.3707 ], [ -88.5465, 43.3413 ], [ -88.5414, 43.3414 ], [ -88.5415, 43.3341 ], [ -88.5285, 43.3213 ], [ -88.532, 43.3149 ], [ -88.536, 43.3148 ], [ -88.5372, 43.3048 ], [ -88.545, 43.3048 ], [ -88.5333, 43.2938 ], [ -88.5334, 43.283 ], [ -88.5374, 43.283 ], [ -88.5367, 43.2542 ], [ -88.5306, 43.254 ], [ -88.5238, 43.2369 ], [ -88.5193, 43.2345 ], [ -88.5199, 43.2247 ], [ -88.5361, 43.225 ], [ -88.5411, 43.2224 ], [ -88.5435, 43.2187 ], [ -88.5384, 43.2115 ], [ -88.5431, 43.2088 ], [ -88.5397, 43.2032 ], [ -88.5517, 43.205 ], [ -88.5486, 43.1963 ], [ -88.6733, 43.1971 ], [ -88.6709, 43.1978 ] ] ] } },
{ "type": "Feature", "properties": { "GEOID": "55131460101", "county": "Census Tract 4601.01" }, "geometry": { "type": "Polygon", "coordinates": [ [ [ -88.3001, 43.1931 ], [ -88.3005, 43.2813 ], [ -88.1817, 43.2808 ], [ -88.1822, 43.2507 ], [ -88.2418, 43.2512 ], [ -88.2418, 43.1932 ], [ -88.3001, 43.1931 ] ] ] } },
{ "type": "Feature", "properties": { "GEOID": "55111000800", "county": "Census Tract 8" }, "geometry": { "type": "Polygon", "coordinates": [ [ [ -90.1938, 43.1645 ], [ -90.1918, 43.2516 ], [ -90.1171, 43.2523 ], [ -90.1108, 43.2499 ], [ -90.1133, 43.246 ], [ -90.1135, 43.2208 ], [ -90.0744, 43.2223 ], [ -90.0694, 43.2151 ], [ -90.0628, 43.2128 ], [ -90.0428, 43.2163 ], [ -90.0145, 43.2158 ], [ -90.0098, 43.2173 ], [ -90.0098, 43.2268 ], [ -90.0005, 43.2362 ], [ -89.9986, 43.2444 ], [ -90.0015, 43.2545 ], [ -90.0001, 43.2667 ], [ -89.9634, 43.2571 ], [ -89.9299, 43.2541 ], [ -89.9272, 43.2595 ], [ -89.9272, 43.2782 ], [ -89.9001, 43.2735 ], [ -89.878, 43.2818 ], [ -89.8696, 43.2813 ], [ -89.8507, 43.2752 ], [ -89.8428, 43.2788 ], [ -89.7789, 43.2781 ], [ -89.7789, 43.282 ], [ -89.759, 43.2818 ], [ -89.7566, 43.271 ], [ -89.7928, 43.271 ], [ -89.7966, 43.2694 ], [ -89.8013, 43.2617 ], [ -89.8002, 43.2595 ], [ -89.7974, 43.2605 ], [ -89.7991, 43.2577 ], [ -89.7951, 43.2537 ], [ -89.7984, 43.2518 ], [ -89.7989, 43.2467 ], [ -89.8061, 43.2431 ], [ -89.8061, 43.2385 ], [ -89.813, 43.2331 ], [ -89.8179, 43.2249 ], [ -89.842, 43.2025 ], [ -89.8589, 43.1956 ], [ -89.8661, 43.1947 ], [ -89.8764, 43.1965 ], [ -89.9053, 43.188 ], [ -89.9498, 43.1934 ], [ -89.9679, 43.1921 ], [ -89.9827, 43.1956 ], [ -90.0001, 43.1946 ], [ -90.0249, 43.1833 ], [ -90.035, 43.1729 ], [ -90.0486, 43.1669 ], [ -90.0518, 43.1493 ], [ -90.0587, 43.1453 ], [ -90.0824, 43.1611 ], [ -90.0879, 43.1624 ], [ -90.1133, 43.1604 ], [ -90.1351, 43.1657 ], [ -90.159, 43.1668 ], [ -90.1833, 43.1571 ], [ -90.1873, 43.1619 ], [ -90.1938, 43.1645 ] ] ] } },
{ "type": "Feature", "properties": { "GEOID": "55139003500", "county": "Census Tract 35" }, "geometry": { "type": "Polygon", "coordinates": [ [ [ -88.4857, 44.1561 ], [ -88.4857, 44.171 ], [ -88.4649, 44.1711 ], [ -88.4637, 44.1566 ], [ -88.4814, 44.1554 ], [ -88.4857, 44.1561 ] ] ] } },
{ "type": "Feature", "properties": { "GEOID": "55109120906", "county": "Census Tract 1209.06" }, "geometry": { "type": "Polygon", "coordinates": [ [ [ -92.7739, 44.89 ], [ -92.7731, 44.9014 ], [ -92.7596, 44.9079 ], [ -92.7576, 44.9112 ], [ -92.7506, 44.9373 ], [ -92.7527, 44.9487 ], [ -92.7313, 44.9487 ], [ -92.7295, 44.9416 ], [ -92.6906, 44.942 ], [ -92.6887, 44.9347 ], [ -92.6492, 44.899 ], [ -92.6497, 44.8768 ], [ -92.6637, 44.8766 ], [ -92.665, 44.8626 ], [ -92.7691, 44.862 ], [ -92.7634, 44.8742 ], [ -92.7739, 44.89 ] ] ] } },
{ "type": "Feature", "properties": { "GEOID": "55021970401", "county": "Census Tract 9704.01" }, "geometry": { "type": "Polygon", "coordinates": [ [ [ -89.5438, 43.5918 ], [ -89.5215, 43.5883 ], [ -89.5293, 43.6018 ], [ -89.5288, 43.6069 ], [ -89.508, 43.6012 ], [ -89.4987, 43.5955 ], [ -89.4696, 43.5844 ], [ -89.4695, 43.5603 ], [ -89.4652, 43.5472 ], [ -89.475, 43.5475 ], [ -89.494, 43.5549 ], [ -89.5237, 43.558 ], [ -89.5238, 43.5623 ], [ -89.5297, 43.5623 ], [ -89.5401, 43.5661 ], [ -89.5392, 43.5768 ], [ -89.5438, 43.5771 ], [ -89.5438, 43.5918 ] ] ] } },
{ "type": "Feature", "properties": { "GEOID": "55117010200", "county": "Census Tract 102" }, "geometry": { "type": "Polygon", "coordinates": [ [ [ -87.9222, 43.8484 ], [ -87.801, 43.8483 ], [ -87.8008, 43.8048 ], [ -87.9215, 43.8049 ], [ -87.9222, 43.8484 ] ] ] } },
{ "type": "Feature", "properties": { "GEOID": "55111000903", "county": "Census Tract 9.03" }, "geometry": { "type": "Polygon", "coordinates": [ [ [ -90.3124, 43.641 ], [ -90.1765, 43.6422 ], [ -90.0859, 43.6418 ], [ -90.0943, 43.6368 ], [ -90.0939, 43.6293 ], [ -90.0881, 43.6236 ], [ -90.0901, 43.6204 ], [ -90.1175, 43.6181 ], [ -90.1251, 43.6001 ], [ -90.1345, 43.6025 ], [ -90.1385, 43.6064 ], [ -90.1393, 43.5972 ], [ -90.136, 43.5939 ], [ -90.1528, 43.5995 ], [ -90.1617, 43.6001 ], [ -90.1629, 43.6055 ], [ -90.1743, 43.6061 ], [ -90.1728, 43.6035 ], [ -90.1822, 43.5964 ], [ -90.1799, 43.5893 ], [ -90.1832, 43.5813 ], [ -90.1872, 43.58 ], [ -90.1793, 43.5514 ], [ -90.1969, 43.5576 ], [ -90.197, 43.5549 ], [ -90.3111, 43.554 ], [ -90.3124, 43.641 ] ] ] } },
{ "type": "Feature", "properties": { "GEOID": "55105002601", "county": "Census Tract 26.01" }, "geometry": { "type": "Polygon", "coordinates": [ [ [ -89.0172, 42.525 ], [ -89.0118, 42.525 ], [ -89.0112, 42.5842 ], [ -88.9818, 42.5839 ], [ -88.9796, 42.5652 ], [ -88.9862, 42.5623 ], [ -88.9856, 42.5596 ], [ -88.9893, 42.5576 ], [ -88.9893, 42.5489 ], [ -88.9929, 42.5445 ], [ -88.9909, 42.5364 ], [ -88.9841, 42.5305 ], [ -88.989, 42.5282 ], [ -88.9912, 42.5299 ], [ -88.9975, 42.5235 ], [ -89.0052, 42.5233 ], [ -89.0041, 42.5206 ], [ -89.012, 42.5168 ], [ -89.0093, 42.5151 ], [ -89.0135, 42.5138 ], [ -89.012, 42.5114 ], [ -89.0148, 42.5154 ], [ -89.0172, 42.525 ] ] ] } },
{ "type": "Feature", "properties": { "GEOID": "55105001400", "county": "Census Tract 14" }, "geometry": { "type": "Polygon", "coordinates": [ [ [ -89.0715, 42.6115 ], [ -89.0708, 42.6215 ], [ -89.0644, 42.626 ], [ -89.0621, 42.6462 ], [ -89.0567, 42.6518 ], [ -89.051, 42.6518 ], [ -89.051, 42.6499 ], [ -89.0118, 42.6496 ], [ -89.012, 42.6671 ], [ -88.9836, 42.6659 ], [ -88.9818, 42.5839 ], [ -89.0216, 42.5843 ], [ -89.0309, 42.5949 ], [ -89.038, 42.5952 ], [ -89.0492, 42.6028 ], [ -89.0601, 42.6037 ], [ -89.0628, 42.6075 ], [ -89.069, 42.6088 ], [ -89.0715, 42.6115 ] ] ] } },
{ "type": "Feature", "properties": { "GEOID": "55087012700", "county": "Census Tract 127" }, "geometry": { "type": "Polygon", "coordinates": [ [ [ -88.7386, 44.316 ], [ -88.7367, 44.4162 ], [ -88.7, 44.416 ], [ -88.7, 44.4178 ], [ -88.6923, 44.4159 ], [ -88.6925, 44.4232 ], [ -88.6874, 44.4232 ], [ -88.6875, 44.4269 ], [ -88.677, 44.4269 ], [ -88.6771, 44.4379 ], [ -88.6665, 44.438 ], [ -88.6666, 44.4599 ], [ -88.6567, 44.4598 ], [ -88.6561, 44.482 ], [ -88.646, 44.482 ], [ -88.6459, 44.4896 ], [ -88.6358, 44.4893 ], [ -88.6361, 44.5025 ], [ -88.6158, 44.5024 ], [ -88.6157, 44.3381 ], [ -88.6136, 44.3381 ], [ -88.6158, 44.336 ], [ -88.6161, 44.3161 ], [ -88.7386, 44.316 ] ] ] } },
{ "type": "Feature", "properties": { "GEOID": "55073002101", "county": "Census Tract 21.01" }, "geometry": { "type": "Polygon", "coordinates": [ [ [ -90.3162, 44.6852 ], [ -90.3158, 44.8591 ], [ -90.1981, 44.8587 ], [ -90.1985, 44.7359 ], [ -90.2038, 44.7358 ], [ -90.2007, 44.7334 ], [ -90.2054, 44.7318 ], [ -90.2107, 44.7258 ], [ -90.2185, 44.725 ], [ -90.2179, 44.7037 ], [ -90.2144, 44.7008 ], [ -90.2183, 44.6985 ], [ -90.2185, 44.6853 ], [ -90.3162, 44.6852 ] ] ] } },
{ "type": "Feature", "properties": { "GEOID": "55093960600", "county": "Census Tract 9606" }, "geometry": { "type": "Polygon", "coordinates": [ [ [ -92.7008, 44.7686 ], [ -92.6702, 44.7636 ], [ -92.6701, 44.7903 ], [ -92.6609, 44.7904 ], [ -92.6458, 44.7961 ], [ -92.6468, 44.7914 ], [ -92.6397, 44.78 ], [ -92.6395, 44.7419 ], [ -92.6279, 44.7328 ], [ -92.5791, 44.7317 ], [ -92.5647, 44.7297 ], [ -92.5529, 44.7319 ], [ -92.5344, 44.732 ], [ -92.5247, 44.7281 ], [ -92.515, 44.7318 ], [ -92.4972, 44.732 ], [ -92.4971, 44.7248 ], [ -92.4869, 44.7248 ], [ -92.4871, 44.6985 ], [ -92.494, 44.6847 ], [ -92.4972, 44.6842 ], [ -92.4971, 44.6447 ], [ -92.4776, 44.645 ], [ -92.4775, 44.6387 ], [ -92.4832, 44.6306 ], [ -92.4774, 44.6299 ], [ -92.4772, 44.6235 ], [ -92.4671, 44.623 ], [ -92.467, 44.616 ], [ -92.4577, 44.6162 ], [ -92.4519, 44.6127 ], [ -92.447, 44.6136 ], [ -92.4437, 44.6209 ], [ -92.4266, 44.6203 ], [ -92.4228, 44.6164 ], [ -92.3857, 44.6164 ], [ -92.3856, 44.6091 ], [ -92.3806, 44.6088 ], [ -92.3802, 44.6056 ], [ -92.3754, 44.6053 ], [ -92.3756, 44.6019 ], [ -92.372, 44.6017 ], [ -92.3707, 44.5964 ], [ -92.3577, 44.5936 ], [ -92.3578, 44.5856 ], [ -92.361, 44.5832 ], [ -92.3585, 44.5756 ], [ -92.3291, 44.5698 ], [ -92.3289, 44.5615 ], [ -92.3357, 44.5538 ], [ -92.3615, 44.5589 ], [ -92.389, 44.5577 ], [ -92.4151, 44.5604 ], [ -92.4264, 44.5588 ], [ -92.4373, 44.5528 ], [ -92.4589, 44.5627 ], [ -92.481, 44.5683 ], [ -92.4938, 44.5661 ], [ -92.5184, 44.5752 ], [ -92.5273, 44.5735 ], [ -92.5405, 44.5673 ], [ -92.5481, 44.5678 ], [ -92.5515, 44.5716 ], [ -92.5498, 44.5811 ], [ -92.5672, 44.6018 ], [ -92.5772, 44.605 ], [ -92.5816, 44.6009 ], [ -92.5862, 44.6001 ], [ -92.5905, 44.6059 ], [ -92.6015, 44.6121 ], [ -92.6146, 44.6117 ], [ -92.6215, 44.615 ], [ -92.6234, 44.6207 ], [ -92.6198, 44.6342 ], [ -92.6217, 44.639 ], [ -92.6321, 44.649 ], [ -92.6647, 44.6634 ], [ -92.6993, 44.6922 ], [ -92.6821, 44.7036 ], [ -92.6728, 44.7176 ], [ -92.6762, 44.7203 ], [ -92.6901, 44.7234 ], [ -92.6901, 44.7386 ], [ -92.6997, 44.7408 ], [ -92.7008, 44.7686 ] ] ] } },
{ "type": "Feature", "properties": { "GEOID": "55001950502", "county": "Census Tract 9505.02" }, "geometry": { "type": "Polygon", "coordinates": [ [ [ -89.9137, 43.8184 ], [ -89.8372, 43.8185 ], [ -89.82, 43.8307 ], [ -89.8171, 43.8368 ], [ -89.8172, 43.9015 ], [ -89.7973, 43.9014 ], [ -89.7971, 43.8941 ], [ -89.6777, 43.8944 ], [ -89.6775, 43.8906 ], [ -89.6174, 43.8904 ], [ -89.6174, 43.8761 ], [ -89.5973, 43.8761 ], [ -89.5978, 43.8252 ], [ -89.6787, 43.8254 ], [ -89.6949, 43.8325 ], [ -89.7169, 43.8326 ], [ -89.7175, 43.7309 ], [ -89.8385, 43.7311 ], [ -89.8429, 43.7575 ], [ -89.849, 43.7631 ], [ -89.8505, 43.7687 ], [ -89.8569, 43.7727 ], [ -89.8651, 43.7834 ], [ -89.8936, 43.7997 ], [ -89.9028, 43.8141 ], [ -89.9137, 43.8184 ] ] ] } },
{ "type": "Feature", "properties": { "GEOID": "55071000300", "county": "Census Tract 3" }, "geometry": { "type": "Polygon", "coordinates": [ [ [ -87.7409, 44.1096 ], [ -87.7307, 44.1096 ], [ -87.7327, 44.1333 ], [ -87.7097, 44.1312 ], [ -87.7083, 44.1535 ], [ -87.6941, 44.1535 ], [ -87.6838, 44.1171 ], [ -87.6835, 44.1034 ], [ -87.6888, 44.1042 ], [ -87.6894, 44.101 ], [ -87.6991, 44.0934 ], [ -87.7012, 44.0955 ], [ -87.7079, 44.0872 ], [ -87.7409, 44.0848 ], [ -87.7409, 44.1096 ] ] ] } },
{ "type": "Feature", "properties": { "GEOID": "55101001002", "county": "Census Tract 10.02" }, "geometry": { "type": "Polygon", "coordinates": [ [ [ -87.836, 42.7201 ], [ -87.8261, 42.7202 ], [ -87.826, 42.7082 ], [ -87.8359, 42.7071 ], [ -87.836, 42.7201 ] ] ] } },
{ "type": "Feature", "properties": { "GEOID": "55025012600", "county": "Census Tract 126" }, "geometry": { "type": "Polygon", "coordinates": [ [ [ -89.8386, 42.9447 ], [ -89.4855, 42.9434 ], [ -89.4857, 42.8564 ], [ -89.8382, 42.8574 ], [ -89.8386, 42.9447 ] ] ] } },
{ "type": "Feature", "properties": { "GEOID": "55041950300", "county": "Census Tract 9503" }, "geometry": { "type": "Polygon", "coordinates": [ [ [ -88.9534, 45.6265 ], [ -88.9462, 45.6373 ], [ -88.8207, 45.6372 ], [ -88.8205, 45.6229 ], [ -88.8001, 45.6225 ], [ -88.8001, 45.6371 ], [ -88.6659, 45.6363 ], [ -88.6745, 45.6093 ], [ -88.6762, 45.5877 ], [ -88.6726, 45.572 ], [ -88.6754, 45.5592 ], [ -88.6755, 45.4788 ], [ -88.7209, 45.4797 ], [ -88.7247, 45.4766 ], [ -88.733, 45.4773 ], [ -88.7382, 45.4961 ], [ -88.7459, 45.5001 ], [ -88.7593, 45.4949 ], [ -88.7595, 45.4913 ], [ -88.7754, 45.476 ], [ -88.7777, 45.4706 ], [ -88.7741, 45.4635 ], [ -88.7882, 45.4672 ], [ -88.7996, 45.4751 ], [ -88.8176, 45.4796 ], [ -88.8288, 45.4796 ], [ -88.8339, 45.4827 ], [ -88.8386, 45.4775 ], [ -88.8702, 45.4908 ], [ -88.8815, 45.5024 ], [ -88.8864, 45.5321 ], [ -88.8943, 45.5585 ], [ -88.8927, 45.5644 ], [ -88.9029, 45.5647 ], [ -88.9035, 45.572 ], [ -88.9462, 45.5718 ], [ -88.9512, 45.5801 ], [ -88.9534, 45.6265 ] ] ] } },
{ "type": "Feature", "properties": { "GEOID": "55073001300", "county": "Census Tract 13" }, "geometry": { "type": "Polygon", "coordinates": [ [ [ -89.7275, 44.8582 ], [ -89.727, 44.9442 ], [ -89.657, 44.9447 ], [ -89.6502, 44.9366 ], [ -89.6447, 44.9356 ], [ -89.6461, 44.9321 ], [ -89.632, 44.9202 ], [ -89.6409, 44.9118 ], [ -89.64, 44.9041 ], [ -89.624, 44.9017 ], [ -89.6215, 44.8975 ], [ -89.6355, 44.886 ], [ -89.6413, 44.87 ], [ -89.6543, 44.8639 ], [ -89.6592, 44.8584 ], [ -89.7275, 44.8582 ] ] ] } },
{ "type": "Feature", "properties": { "GEOID": "55079090100", "county": "Census Tract 901" }, "geometry": { "type": "Polygon", "coordinates": [ [ [ -88.0663, 43.089 ], [ -88.066, 43.1042 ], [ -88.0275, 43.1044 ], [ -88.0277, 43.0902 ], [ -88.0367, 43.0907 ], [ -88.037, 43.0969 ], [ -88.0348, 43.0947 ], [ -88.031, 43.0977 ], [ -88.0427, 43.0981 ], [ -88.0427, 43.0907 ], [ -88.0663, 43.089 ] ] ] } },
{ "type": "Feature", "properties": { "GEOID": "55079000201", "county": "Census Tract 2.01" }, "geometry": { "type": "Polygon", "coordinates": [ [ [ -88.0643, 43.1625 ], [ -88.0633, 43.1921 ], [ -88.0237, 43.1925 ], [ -88.0243, 43.1776 ], [ -88.0442, 43.1775 ], [ -88.0445, 43.1629 ], [ -88.0643, 43.1625 ] ] ] } },
{ "type": "Feature", "properties": { "GEOID": "55127000702", "county": "Census Tract 7.02" }, "geometry": { "type": "Polygon", "coordinates": [ [ [ -88.6591, 42.6691 ], [ -88.6299, 42.6691 ], [ -88.6256, 42.6228 ], [ -88.6398, 42.6133 ], [ -88.6449, 42.6123 ], [ -88.649, 42.6125 ], [ -88.6469, 42.6154 ], [ -88.6469, 42.6343 ], [ -88.6499, 42.6343 ], [ -88.6384, 42.6457 ], [ -88.6405, 42.6515 ], [ -88.6375, 42.6557 ], [ -88.6392, 42.6587 ], [ -88.6591, 42.6691 ] ] ] } },
{ "type": "Feature", "properties": { "GEOID": "55029100700", "county": "Census Tract 1007" }, "geometry": { "type": "Polygon", "coordinates": [ [ [ -87.3875, 44.8493 ], [ -87.3842, 44.8523 ], [ -87.381, 44.8521 ], [ -87.3806, 44.8608 ], [ -87.3433, 44.8603 ], [ -87.3466, 44.8497 ], [ -87.2675, 44.85 ], [ -87.267, 44.8472 ], [ -87.2751, 44.8352 ], [ -87.3668, 44.8352 ], [ -87.3766, 44.8317 ], [ -87.3804, 44.8323 ], [ -87.3851, 44.8389 ], [ -87.3875, 44.8493 ] ] ] } },
{ "type": "Feature", "properties": { "GEOID": "55045960300", "county": "Census Tract 9603" }, "geometry": { "type": "Polygon", "coordinates": [ [ [ -89.7305, 42.6312 ], [ -89.7297, 42.6514 ], [ -89.7262, 42.6499 ], [ -89.7218, 42.658 ], [ -89.7057, 42.6577 ], [ -89.7042, 42.6611 ], [ -89.7015, 42.6613 ], [ -89.6923, 42.6578 ], [ -89.6941, 42.662 ], [ -89.6736, 42.6624 ], [ -89.6668, 42.6688 ], [ -89.661, 42.6689 ], [ -89.6614, 42.6905 ], [ -89.6418, 42.6904 ], [ -89.6412, 42.6941 ], [ -89.6173, 42.696 ], [ -89.6161, 42.7095 ], [ -89.6023, 42.712 ], [ -89.5987, 42.7147 ], [ -89.5985, 42.7268 ], [ -89.5703, 42.7266 ], [ -89.5664, 42.7241 ], [ -89.5604, 42.7121 ], [ -89.4666, 42.712 ], [ -89.4668, 42.7248 ], [ -89.458, 42.7263 ], [ -89.4586, 42.7246 ], [ -89.4526, 42.7223 ], [ -89.4446, 42.7217 ], [ -89.4466, 42.7311 ], [ -89.4422, 42.7341 ], [ -89.4325, 42.7339 ], [ -89.4324, 42.7191 ], [ -89.3682, 42.7197 ], [ -89.3671, 42.6407 ], [ -89.3869, 42.6409 ], [ -89.3845, 42.6327 ], [ -89.4116, 42.6343 ], [ -89.4112, 42.6061 ], [ -89.4169, 42.6025 ], [ -89.4057, 42.5868 ], [ -89.4846, 42.5887 ], [ -89.5062, 42.5929 ], [ -89.5245, 42.5997 ], [ -89.5509, 42.5988 ], [ -89.5637, 42.5953 ], [ -89.59, 42.595 ], [ -89.634, 42.6161 ], [ -89.6415, 42.6173 ], [ -89.6525, 42.6135 ], [ -89.6546, 42.618 ], [ -89.67, 42.6264 ], [ -89.7099, 42.625 ], [ -89.72, 42.6215 ], [ -89.7305, 42.6312 ] ] ] } },
{ "type": "Feature", "properties": { "GEOID": "55079170600", "county": "Census Tract 1706" }, "geometry": { "type": "Polygon", "coordinates": [ [ [ -87.8696, 42.9036 ], [ -87.869, 42.9153 ], [ -87.8567, 42.9132 ], [ -87.8572, 42.9034 ], [ -87.8592, 42.9009 ], [ -87.8614, 42.9014 ], [ -87.8607, 42.8979 ], [ -87.8652, 42.8989 ], [ -87.8656, 42.9036 ], [ -87.8696, 42.9036 ] ] ] } },
{ "type": "Feature", "properties": { "GEOID": "55079004500", "county": "Census Tract 45" }, "geometry": { "type": "Polygon", "coordinates": [ [ [ -87.9271, 43.0894 ], [ -87.9172, 43.0893 ], [ -87.9174, 43.0821 ], [ -87.9273, 43.0817 ], [ -87.9271, 43.0894 ] ] ] } },
{ "type": "Feature", "properties": { "GEOID": "55079100100", "county": "Census Tract 1001" }, "geometry": { "type": "Polygon", "coordinates": [ [ [ -87.99, 43.0102 ], [ -87.9899, 43.0209 ], [ -87.9875, 43.0209 ], [ -87.9865, 43.024 ], [ -87.9825, 43.0241 ], [ -87.9821, 43.0102 ], [ -87.99, 43.0102 ] ] ] } },
{ "type": "Feature", "properties": { "GEOID": "55079185100", "county": "Census Tract 1851" }, "geometry": { "type": "Polygon", "coordinates": [ [ [ -87.8834, 42.9806 ], [ -87.8747, 42.9805 ], [ -87.8745, 42.9845 ], [ -87.8689, 42.9866 ], [ -87.8572, 42.978 ], [ -87.8477, 42.9662 ], [ -87.8699, 42.9657 ], [ -87.8834, 42.9806 ] ] ] } },
{ "type": "Feature", "properties": { "GEOID": "55081950700", "county": "Census Tract 9507" }, "geometry": { "type": "Polygon", "coordinates": [ [ [ -90.5047, 43.9574 ], [ -90.4533, 43.9823 ], [ -90.4494, 43.9924 ], [ -90.4398, 43.9975 ], [ -90.4324, 44.0046 ], [ -90.4229, 44.0059 ], [ -90.4168, 44.009 ], [ -90.4154, 44.0124 ], [ -90.4085, 44.0135 ], [ -90.4053, 44.0165 ], [ -90.3908, 44.0144 ], [ -90.3815, 44.0175 ], [ -90.3805, 44.0244 ], [ -90.3838, 44.0259 ], [ -90.3126, 44.0256 ], [ -90.3122, 43.7315 ], [ -90.4397, 43.7259 ], [ -90.4368, 43.7293 ], [ -90.4329, 43.7295 ], [ -90.4331, 43.7731 ], [ -90.4433, 43.7732 ], [ -90.4434, 43.8094 ], [ -90.4335, 43.8095 ], [ -90.4314, 43.813 ], [ -90.4417, 43.8227 ], [ -90.4739, 43.8328 ], [ -90.4741, 43.8676 ], [ -90.4809, 43.8773 ], [ -90.4815, 43.8877 ], [ -90.4907, 43.8995 ], [ -90.4955, 43.9186 ], [ -90.5026, 43.9283 ], [ -90.5047, 43.9574 ] ] ] } },
{ "type": "Feature", "properties": { "GEOID": "55127000301", "county": "Census Tract 3.01" }, "geometry": { "type": "Polygon", "coordinates": [ [ [ -88.7778, 42.7078 ], [ -88.7776, 42.8055 ], [ -88.7675, 42.8058 ], [ -88.7468, 42.8223 ], [ -88.7444, 42.817 ], [ -88.7001, 42.8172 ], [ -88.6981, 42.8426 ], [ -88.5414, 42.843 ], [ -88.543, 42.8001 ], [ -88.5529, 42.8001 ], [ -88.5744, 42.7918 ], [ -88.6469, 42.7558 ], [ -88.6766, 42.7482 ], [ -88.681, 42.7438 ], [ -88.681, 42.7358 ], [ -88.7106, 42.7264 ], [ -88.7203, 42.7211 ], [ -88.7778, 42.7078 ] ] ] } },
{ "type": "Feature", "properties": { "GEOID": "55053960400", "county": "Census Tract 9604" }, "geometry": { "type": "Polygon", "coordinates": [ [ [ -91.1662, 44.3038 ], [ -91.154, 44.3055 ], [ -91.0653, 44.3053 ], [ -91.0651, 44.2835 ], [ -91.0089, 44.2835 ], [ -91.0088, 44.2944 ], [ -91.0036, 44.2946 ], [ -91.0042, 44.3094 ], [ -91.0007, 44.3123 ], [ -91.0035, 44.3238 ], [ -90.9984, 44.3238 ], [ -90.9983, 44.3273 ], [ -90.9898, 44.3272 ], [ -90.9836, 44.3311 ], [ -90.9735, 44.3326 ], [ -90.969, 44.3352 ], [ -90.9689, 44.3382 ], [ -90.9638, 44.3387 ], [ -90.9639, 44.3619 ], [ -90.95, 44.354 ], [ -90.919, 44.3432 ], [ -90.8948, 44.3311 ], [ -90.8772, 44.319 ], [ -90.8819, 44.3214 ], [ -90.8967, 44.3208 ], [ -90.8973, 44.3062 ], [ -90.9025, 44.2988 ], [ -90.9026, 44.2926 ], [ -90.8976, 44.2883 ], [ -90.8833, 44.2843 ], [ -90.8675, 44.2843 ], [ -90.8681, 44.2748 ], [ -90.8753, 44.2683 ], [ -90.8728, 44.268 ], [ -90.8747, 44.265 ], [ -90.8708, 44.2623 ], [ -90.8726, 44.2591 ], [ -90.8675, 44.2588 ], [ -90.8657, 44.2537 ], [ -90.8707, 44.2472 ], [ -90.8744, 44.2486 ], [ -90.8734, 44.2527 ], [ -90.8802, 44.2528 ], [ -90.8818, 44.249 ], [ -90.8782, 44.2384 ], [ -90.8912, 44.2321 ], [ -90.8751, 44.2246 ], [ -90.8778, 44.2215 ], [ -90.8875, 44.223 ], [ -90.8749, 44.2157 ], [ -90.8727, 44.2109 ], [ -90.8776, 44.2087 ], [ -90.8904, 44.2097 ], [ -90.8941, 44.2082 ], [ -90.883, 44.1928 ], [ -90.8847, 44.1898 ], [ -90.8952, 44.1889 ], [ -90.9008, 44.185 ], [ -90.8926, 44.1779 ], [ -90.8934, 44.1758 ], [ -90.9009, 44.1731 ], [ -90.9083, 44.1761 ], [ -90.9183, 44.1735 ], [ -90.9153, 44.1704 ], [ -90.9029, 44.1661 ], [ -90.9046, 44.1583 ], [ -90.9257, 44.146 ], [ -90.9381, 44.1474 ], [ -90.9434, 44.1437 ], [ -90.9465, 44.1473 ], [ -90.9518, 44.1415 ], [ -90.9573, 44.1414 ], [ -90.9586, 44.1372 ], [ -90.9671, 44.1356 ], [ -90.9703, 44.1286 ], [ -90.9781, 44.1285 ], [ -90.9672, 44.12 ], [ -90.9737, 44.1166 ], [ -90.9731, 44.0709 ], [ -91.1518, 44.071 ], [ -91.1536, 44.2476 ], [ -91.1655, 44.2474 ], [ -91.1662, 44.3038 ] ] ] } },
{ "type": "Feature", "properties": { "GEOID": "55035000900", "county": "Census Tract 9" }, "geometry": { "type": "Polygon", "coordinates": [ [ [ -91.5377, 44.7914 ], [ -91.53, 44.7976 ], [ -91.5193, 44.7931 ], [ -91.4957, 44.7931 ], [ -91.4963, 44.7751 ], [ -91.5019, 44.7715 ], [ -91.5028, 44.7677 ], [ -91.5376, 44.7808 ], [ -91.5354, 44.7854 ], [ -91.5377, 44.7914 ] ] ] } },
{ "type": "Feature", "properties": { "GEOID": "55139002001", "county": "Census Tract 20.01" }, "geometry": { "type": "Polygon", "coordinates": [ [ [ -88.7848, 44.0694 ], [ -88.643, 44.0692 ], [ -88.6431, 44.0331 ], [ -88.6854, 44.0334 ], [ -88.7122, 44.0405 ], [ -88.7643, 44.0396 ], [ -88.7726, 44.0333 ], [ -88.7847, 44.0334 ], [ -88.7848, 44.0694 ] ] ] } },
{ "type": "Feature", "properties": { "GEOID": "55083100500", "county": "Census Tract 1005" }, "geometry": { "type": "Polygon", "coordinates": [ [ [ -88.5495, 45.1168 ], [ -88.5392, 45.1225 ], [ -88.5331, 45.1302 ], [ -88.5211, 45.1389 ], [ -88.5242, 45.1412 ], [ -88.5197, 45.1492 ], [ -88.5245, 45.1508 ], [ -88.5254, 45.1635 ], [ -88.5333, 45.1696 ], [ -88.5284, 45.1794 ], [ -88.5352, 45.1865 ], [ -88.5331, 45.1933 ], [ -88.5195, 45.2036 ], [ -88.5049, 45.2056 ], [ -88.503, 45.2012 ], [ -88.4734, 45.1849 ], [ -88.4707, 45.1885 ], [ -88.4519, 45.1886 ], [ -88.4335, 45.1947 ], [ -88.4034, 45.2006 ], [ -88.3903, 45.2132 ], [ -88.381, 45.2145 ], [ -88.3723, 45.2208 ], [ -88.3702, 45.2303 ], [ -88.3598, 45.2341 ], [ -88.3536, 45.2391 ], [ -88.3471, 45.2395 ], [ -88.3297, 45.2597 ], [ -88.3091, 45.259 ], [ -88.3091, 45.2016 ], [ -88.1864, 45.198 ], [ -88.1893, 45.1118 ], [ -88.1189, 45.1102 ], [ -88.1212, 45.0236 ], [ -88.2028, 45.0252 ], [ -88.2021, 45.0395 ], [ -88.2351, 45.0401 ], [ -88.2425, 45.0393 ], [ -88.2431, 45.0261 ], [ -88.2526, 45.0263 ], [ -88.2537, 45.011 ], [ -88.2565, 45.0142 ], [ -88.2717, 45.0151 ], [ -88.2706, 45.0186 ], [ -88.2794, 45.0244 ], [ -88.2993, 45.027 ], [ -88.3017, 45.0307 ], [ -88.3119, 45.0332 ], [ -88.3147, 45.0332 ], [ -88.3149, 45.0271 ], [ -88.3403, 45.0275 ], [ -88.34, 45.0418 ], [ -88.364, 45.0422 ], [ -88.3636, 45.0637 ], [ -88.3739, 45.0641 ], [ -88.3731, 45.0859 ], [ -88.3557, 45.0856 ], [ -88.3557, 45.0922 ], [ -88.3587, 45.0964 ], [ -88.3557, 45.0982 ], [ -88.3599, 45.1013 ], [ -88.3564, 45.102 ], [ -88.3589, 45.1079 ], [ -88.3566, 45.1145 ], [ -88.3754, 45.1148 ], [ -88.4048, 45.1274 ], [ -88.4244, 45.1294 ], [ -88.4183, 45.1254 ], [ -88.4223, 45.1256 ], [ -88.4283, 45.1195 ], [ -88.4324, 45.1188 ], [ -88.4373, 45.11 ], [ -88.4515, 45.1086 ], [ -88.4509, 45.0978 ], [ -88.4565, 45.0959 ], [ -88.461, 45.0993 ], [ -88.4657, 45.099 ], [ -88.4723, 45.1083 ], [ -88.4803, 45.1058 ], [ -88.4839, 45.1088 ], [ -88.4837, 45.1169 ], [ -88.5495, 45.1168 ] ] ] } },
{ "type": "Feature", "properties": { "GEOID": "55095960500", "county": "Census Tract 9605" }, "geometry": { "type": "Polygon", "coordinates": [ [ [ -92.4284, 45.3815 ], [ -92.4078, 45.3815 ], [ -92.4072, 45.4538 ], [ -92.382, 45.4535 ], [ -92.3826, 45.4757 ], [ -92.3258, 45.476 ], [ -92.3258, 45.4685 ], [ -92.2846, 45.4684 ], [ -92.2844, 45.4511 ], [ -92.278, 45.4536 ], [ -92.2427, 45.4534 ], [ -92.2389, 45.4509 ], [ -92.2386, 45.4392 ], [ -92.1973, 45.4388 ], [ -92.1973, 45.4474 ], [ -92.2009, 45.4478 ], [ -92.2024, 45.4541 ], [ -92.2022, 45.4638 ], [ -92.1768, 45.464 ], [ -92.1765, 45.4676 ], [ -92.1561, 45.4672 ], [ -92.1561, 45.3954 ], [ -92.2846, 45.3956 ], [ -92.2856, 45.3101 ], [ -92.3156, 45.3092 ], [ -92.3163, 45.2958 ], [ -92.3367, 45.2959 ], [ -92.3364, 45.3499 ], [ -92.3429, 45.35 ], [ -92.3454, 45.3464 ], [ -92.357, 45.3469 ], [ -92.3572, 45.3326 ], [ -92.3892, 45.3313 ], [ -92.3894, 45.3249 ], [ -92.3933, 45.3187 ], [ -92.3928, 45.3107 ], [ -92.3981, 45.3104 ], [ -92.4039, 45.3145 ], [ -92.4084, 45.3227 ], [ -92.4093, 45.3311 ], [ -92.4188, 45.3414 ], [ -92.4181, 45.3593 ], [ -92.4211, 45.3614 ], [ -92.4284, 45.3615 ], [ -92.4284, 45.3815 ] ] ] } },
{ "type": "Feature", "properties": { "GEOID": "55025003002", "county": "Census Tract 30.02" }, "geometry": { "type": "Polygon", "coordinates": [ [ [ -89.3165, 43.0983 ], [ -89.3167, 43.1065 ], [ -89.2856, 43.1042 ], [ -89.2858, 43.0991 ], [ -89.3165, 43.0983 ] ] ] } },
{ "type": "Feature", "properties": { "GEOID": "55031020700", "county": "Census Tract 207" }, "geometry": { "type": "Polygon", "coordinates": [ [ [ -92.2057, 46.7025 ], [ -92.1933, 46.7112 ], [ -92.1891, 46.7175 ], [ -92.1743, 46.7172 ], [ -92.1673, 46.7199 ], [ -92.1487, 46.7151 ], [ -92.14, 46.7206 ], [ -92.1141, 46.7204 ], [ -92.114, 46.6716 ], [ -92.1113, 46.6658 ], [ -92.1337, 46.6659 ], [ -92.177, 46.6576 ], [ -92.2016, 46.6567 ], [ -92.2055, 46.6647 ], [ -92.2041, 46.6669 ], [ -92.1925, 46.6767 ], [ -92.1814, 46.6802 ], [ -92.1761, 46.6863 ], [ -92.1765, 46.6902 ], [ -92.1831, 46.6952 ], [ -92.1985, 46.6961 ], [ -92.2052, 46.6983 ], [ -92.2057, 46.7025 ] ] ] } },
{ "type": "Feature", "properties": { "GEOID": "55075961300", "county": "Census Tract 9613" }, "geometry": { "type": "Polygon", "coordinates": [ [ [ -87.7246, 45.1211 ], [ -87.7027, 45.1212 ], [ -87.6641, 45.1054 ], [ -87.6612, 45.1091 ], [ -87.6599, 45.1075 ], [ -87.6514, 45.1086 ], [ -87.6482, 45.1064 ], [ -87.6315, 45.1062 ], [ -87.6265, 45.1032 ], [ -87.6312, 45.0999 ], [ -87.6388, 45.0995 ], [ -87.6389, 45.0943 ], [ -87.6603, 45.0824 ], [ -87.6606, 45.0863 ], [ -87.6914, 45.0854 ], [ -87.6923, 45.0999 ], [ -87.7231, 45.1001 ], [ -87.7246, 45.1211 ] ] ] } },
{ "type": "Feature", "properties": { "GEOID": "55129950200", "county": "Census Tract 9502" }, "geometry": { "type": "Polygon", "coordinates": [ [ [ -92.0507, 45.9839 ], [ -92.0504, 46.0771 ], [ -92.0457, 46.0764 ], [ -92.0428, 46.0779 ], [ -92.0455, 46.0793 ], [ -92.042, 46.0808 ], [ -92.0384, 46.0769 ], [ -92.026, 46.0765 ], [ -92.0217, 46.072 ], [ -92.0166, 46.0723 ], [ -92.0168, 46.0698 ], [ -92.0132, 46.0712 ], [ -92.0035, 46.0682 ], [ -91.9954, 46.0704 ], [ -91.9945, 46.0677 ], [ -91.9885, 46.0681 ], [ -91.9867, 46.0612 ], [ -91.9831, 46.0612 ], [ -91.9828, 46.0592 ], [ -91.9705, 46.0533 ], [ -91.9658, 46.0526 ], [ -91.9659, 46.0564 ], [ -91.9354, 46.0558 ], [ -91.9344, 46.0525 ], [ -91.9257, 46.0525 ], [ -91.9169, 46.0469 ], [ -91.8968, 46.0576 ], [ -91.8805, 46.0604 ], [ -91.8722, 46.0648 ], [ -91.8705, 46.0735 ], [ -91.8627, 46.0809 ], [ -91.8613, 46.0855 ], [ -91.8509, 46.0909 ], [ -91.8509, 46.0671 ], [ -91.8481, 46.0636 ], [ -91.8322, 46.0637 ], [ -91.8214, 46.0672 ], [ -91.8195, 46.0631 ], [ -91.8214, 46.0445 ], [ -91.8153, 46.0164 ], [ -91.818, 45.9834 ], [ -91.7883, 45.9835 ], [ -91.7865, 45.9104 ], [ -91.7639, 45.9104 ], [ -91.7631, 45.865 ], [ -91.7591, 45.8632 ], [ -91.7583, 45.857 ], [ -91.8204, 45.8571 ], [ -91.848, 45.8593 ], [ -91.8879, 45.8579 ], [ -91.8907, 45.8909 ], [ -91.8889, 45.8995 ], [ -91.9724, 45.9 ], [ -91.9907, 45.9095 ], [ -92.0005, 45.9091 ], [ -92.0127, 45.9133 ], [ -92.0242, 45.9126 ], [ -92.0225, 45.9194 ], [ -92.0331, 45.9314 ], [ -92.0334, 45.9838 ], [ -92.0507, 45.9839 ] ] ] } },
{ "type": "Feature", "properties": { "GEOID": "55097960701", "county": "Census Tract 9607.01" }, "geometry": { "type": "Polygon", "coordinates": [ [ [ -89.5493, 44.4818 ], [ -89.4887, 44.4836 ], [ -89.4883, 44.4326 ], [ -89.5086, 44.4322 ], [ -89.5107, 44.4253 ], [ -89.5413, 44.4464 ], [ -89.5493, 44.4818 ] ] ] } },
{ "type": "Feature", "properties": { "GEOID": "55117010400", "county": "Census Tract 104" }, "geometry": { "type": "Polygon", "coordinates": [ [ [ -88.1623, 43.8915 ], [ -88.042, 43.8917 ], [ -88.041, 43.8045 ], [ -88.0229, 43.8043 ], [ -88.0124, 43.8002 ], [ -88.0074, 43.7903 ], [ -88.0312, 43.7903 ], [ -88.0263, 43.7762 ], [ -88.0212, 43.771 ], [ -88.0212, 43.7638 ], [ -88.0413, 43.7674 ], [ -88.0406, 43.7176 ], [ -88.1606, 43.7176 ], [ -88.1623, 43.8915 ] ] ] } },
{ "type": "Feature", "properties": { "GEOID": "55055100700", "county": "Census Tract 1007" }, "geometry": { "type": "Polygon", "coordinates": [ [ [ -88.9002, 43.0514 ], [ -88.866, 43.0511 ], [ -88.8663, 43.062 ], [ -88.8629, 43.0702 ], [ -88.8623, 43.085 ], [ -88.8598, 43.087 ], [ -88.6583, 43.0843 ], [ -88.6645, 43.0756 ], [ -88.6633, 43.0485 ], [ -88.6559, 43.0378 ], [ -88.6455, 43.0111 ], [ -88.6601, 43.0112 ], [ -88.7005, 43.0214 ], [ -88.726, 43.0236 ], [ -88.7644, 43.0371 ], [ -88.7733, 43.0374 ], [ -88.7735, 43.0319 ], [ -88.8076, 43.0319 ], [ -88.8064, 43.0366 ], [ -88.8307, 43.0383 ], [ -88.8324, 43.0299 ], [ -88.8402, 43.0248 ], [ -88.8408, 43.0202 ], [ -88.8351, 43.019 ], [ -88.8381, 43.0136 ], [ -88.8477, 43.0128 ], [ -88.8557, 43.0085 ], [ -88.8707, 43.0219 ], [ -88.8839, 43.0283 ], [ -88.9002, 43.0514 ] ] ] } },
{ "type": "Feature", "properties": { "GEOID": "55027960700", "county": "Census Tract 9607" }, "geometry": { "type": "Polygon", "coordinates": [ [ [ -88.8643, 43.4893 ], [ -88.8494, 43.4891 ], [ -88.8492, 43.4921 ], [ -88.8385, 43.4913 ], [ -88.8349, 43.4866 ], [ -88.8291, 43.4881 ], [ -88.8148, 43.4871 ], [ -88.8153, 43.4662 ], [ -88.8296, 43.4662 ], [ -88.8347, 43.4676 ], [ -88.8347, 43.4698 ], [ -88.8396, 43.4698 ], [ -88.8395, 43.4606 ], [ -88.8581, 43.4616 ], [ -88.8598, 43.4807 ], [ -88.8556, 43.4806 ], [ -88.8643, 43.4893 ] ] ] } },
{ "type": "Feature", "properties": { "GEOID": "55079185900", "county": "Census Tract 1859" }, "geometry": { "type": "Polygon", "coordinates": [ [ [ -87.9377, 43.0563 ], [ -87.927, 43.0565 ], [ -87.9271, 43.0513 ], [ -87.9377, 43.0514 ], [ -87.9377, 43.0563 ] ] ] } },
{ "type": "Feature", "properties": { "GEOID": "55069960800", "county": "Census Tract 9608" }, "geometry": { "type": "Polygon", "coordinates": [ [ [ -89.7656, 45.2025 ], [ -89.753, 45.196 ], [ -89.756, 45.2067 ], [ -89.7641, 45.2121 ], [ -89.7617, 45.214 ], [ -89.7349, 45.2056 ], [ -89.7342, 45.1924 ], [ -89.727, 45.1919 ], [ -89.7142, 45.1868 ], [ -89.7138, 45.1925 ], [ -89.7087, 45.1924 ], [ -89.7084, 45.1824 ], [ -89.7042, 45.1824 ], [ -89.7054, 45.1768 ], [ -89.7021, 45.1768 ], [ -89.7, 45.1796 ], [ -89.683, 45.1795 ], [ -89.6837, 45.1744 ], [ -89.6931, 45.1634 ], [ -89.7086, 45.1634 ], [ -89.7088, 45.1736 ], [ -89.7189, 45.1712 ], [ -89.7237, 45.1731 ], [ -89.7308, 45.17 ], [ -89.7338, 45.1661 ], [ -89.7343, 45.1708 ], [ -89.7546, 45.1707 ], [ -89.7548, 45.1779 ], [ -89.7599, 45.1779 ], [ -89.7596, 45.1923 ], [ -89.7647, 45.1924 ], [ -89.7656, 45.2025 ] ] ] } },
{ "type": "Feature", "properties": { "GEOID": "55009021303", "county": "Census Tract 213.03" }, "geometry": { "type": "Polygon", "coordinates": [ [ [ -88.0867, 44.4569 ], [ -88.0791, 44.4707 ], [ -88.0812, 44.4951 ], [ -88.0651, 44.4894 ], [ -88.0568, 44.5016 ], [ -88.0514, 44.4997 ], [ -88.0537, 44.4964 ], [ -88.0453, 44.4935 ], [ -88.042, 44.4965 ], [ -88.0435, 44.4945 ], [ -88.0377, 44.4925 ], [ -88.0453, 44.4927 ], [ -88.0404, 44.4901 ], [ -88.0418, 44.4879 ], [ -88.0345, 44.4852 ], [ -88.0511, 44.472 ], [ -88.0578, 44.4621 ], [ -88.071, 44.4661 ], [ -88.079, 44.4572 ], [ -88.0867, 44.4569 ] ] ] } },
{ "type": "Feature", "properties": { "GEOID": "55009020502", "county": "Census Tract 205.02" }, "geometry": { "type": "Polygon", "coordinates": [ [ [ -88.1054, 44.5424 ], [ -88.0992, 44.5466 ], [ -88.098, 44.5451 ], [ -88.0971, 44.5469 ], [ -88.085, 44.5469 ], [ -88.0823, 44.5486 ], [ -88.0819, 44.554 ], [ -88.074, 44.5545 ], [ -88.0787, 44.5625 ], [ -88.0785, 44.5909 ], [ -88.0164, 44.5921 ], [ -88.0149, 44.5855 ], [ -88.0207, 44.5844 ], [ -88.0204, 44.5804 ], [ -88.038, 44.5761 ], [ -88.0495, 44.5656 ], [ -88.0396, 44.5593 ], [ -88.053, 44.54 ], [ -88.0668, 44.5448 ], [ -88.0768, 44.5301 ], [ -88.1054, 44.5424 ] ] ] } },
{ "type": "Feature", "properties": { "GEOID": "55133202901", "county": "Census Tract 2029.01" }, "geometry": { "type": "Polygon", "coordinates": [ [ [ -88.2166, 43.0319 ], [ -88.2064, 43.0446 ], [ -88.2009, 43.046 ], [ -88.1792, 43.0399 ], [ -88.172, 43.0345 ], [ -88.187, 43.0277 ], [ -88.2128, 43.0234 ], [ -88.213, 43.0312 ], [ -88.2166, 43.0319 ] ] ] } },
{ "type": "Feature", "properties": { "GEOID": "55071005400", "county": "Census Tract 54" }, "geometry": { "type": "Polygon", "coordinates": [ [ [ -87.6201, 44.1224 ], [ -87.6202, 44.1637 ], [ -87.6164, 44.1668 ], [ -87.6044, 44.1693 ], [ -87.602, 44.1631 ], [ -87.5944, 44.1649 ], [ -87.594, 44.1618 ], [ -87.5864, 44.1598 ], [ -87.5765, 44.1496 ], [ -87.5689, 44.1451 ], [ -87.5649, 44.1466 ], [ -87.5628, 44.1445 ], [ -87.6009, 44.1317 ], [ -87.6201, 44.1224 ] ] ] } },
{ "type": "Feature", "properties": { "GEOID": "55127001000", "county": "Census Tract 10" }, "geometry": { "type": "Polygon", "coordinates": [ [ [ -88.5413, 42.6559 ], [ -88.5327, 42.6632 ], [ -88.522, 42.6601 ], [ -88.522, 42.6555 ], [ -88.5073, 42.6525 ], [ -88.5189, 42.67 ], [ -88.3059, 42.6687 ], [ -88.3056, 42.5817 ], [ -88.3334, 42.5831 ], [ -88.3931, 42.5815 ], [ -88.405, 42.5894 ], [ -88.4267, 42.6134 ], [ -88.4573, 42.617 ], [ -88.4711, 42.629 ], [ -88.4774, 42.6255 ], [ -88.4781, 42.6193 ], [ -88.5409, 42.6192 ], [ -88.5413, 42.6559 ] ] ] } },
{ "type": "Feature", "properties": { "GEOID": "55063010203", "county": "Census Tract 102.03" }, "geometry": { "type": "Polygon", "coordinates": [ [ [ -91.3507, 43.9397 ], [ -91.3493, 43.9443 ], [ -91.346, 43.9435 ], [ -91.3433, 43.9453 ], [ -91.3415, 43.9582 ], [ -91.338, 43.9598 ], [ -91.3309, 43.958 ], [ -91.292, 43.941 ], [ -91.2573, 43.9161 ], [ -91.2669, 43.9143 ], [ -91.2799, 43.9168 ], [ -91.3186, 43.9383 ], [ -91.3113, 43.9328 ], [ -91.3239, 43.9394 ], [ -91.3237, 43.9367 ], [ -91.3274, 43.9379 ], [ -91.3327, 43.9428 ], [ -91.3311, 43.9406 ], [ -91.3379, 43.9388 ], [ -91.3376, 43.9357 ], [ -91.3433, 43.9398 ], [ -91.3454, 43.9399 ], [ -91.3449, 43.9377 ], [ -91.3507, 43.9397 ] ] ] } },
{ "type": "Feature", "properties": { "GEOID": "55035000802", "county": "Census Tract 8.02" }, "geometry": { "type": "Polygon", "coordinates": [ [ [ -91.5019, 44.7715 ], [ -91.4963, 44.7751 ], [ -91.4962, 44.7856 ], [ -91.4858, 44.7857 ], [ -91.4846, 44.779 ], [ -91.4783, 44.7789 ], [ -91.4783, 44.7821 ], [ -91.4682, 44.7823 ], [ -91.4682, 44.7711 ], [ -91.4593, 44.7712 ], [ -91.4589, 44.7659 ], [ -91.4917, 44.7655 ], [ -91.5028, 44.7677 ], [ -91.5019, 44.7715 ] ] ] } },
{ "type": "Feature", "properties": { "GEOID": "55009001000", "county": "Census Tract 10" }, "geometry": { "type": "Polygon", "coordinates": [ [ [ -88.0238, 44.4985 ], [ -88.0184, 44.5152 ], [ -88.0113, 44.5217 ], [ -88.0037, 44.5148 ], [ -87.9981, 44.514 ], [ -87.9988, 44.5106 ], [ -88.0077, 44.5137 ], [ -88.0105, 44.5123 ], [ -88.0208, 44.4974 ], [ -88.0238, 44.4985 ] ] ] } },
{ "type": "Feature", "properties": { "GEOID": "55077960100", "county": "Census Tract 9601" }, "geometry": { "type": "Polygon", "coordinates": [ [ [ -89.5979, 43.9821 ], [ -89.1686, 43.9828 ], [ -89.1682, 43.8947 ], [ -89.1875, 43.8947 ], [ -89.1883, 43.8915 ], [ -89.2103, 43.8906 ], [ -89.219, 43.887 ], [ -89.2297, 43.8891 ], [ -89.2454, 43.8888 ], [ -89.2521, 43.8918 ], [ -89.2834, 43.8893 ], [ -89.3011, 43.8943 ], [ -89.3021, 43.898 ], [ -89.3122, 43.8979 ], [ -89.3113, 43.8906 ], [ -89.3072, 43.887 ], [ -89.311, 43.8867 ], [ -89.3119, 43.8904 ], [ -89.3388, 43.8905 ], [ -89.3471, 43.8945 ], [ -89.348, 43.8977 ], [ -89.3614, 43.8978 ], [ -89.3607, 43.9013 ], [ -89.3703, 43.9014 ], [ -89.3704, 43.9087 ], [ -89.3913, 43.9043 ], [ -89.4005, 43.8982 ], [ -89.4189, 43.8977 ], [ -89.428, 43.9027 ], [ -89.4414, 43.9043 ], [ -89.4545, 43.8963 ], [ -89.4778, 43.8989 ], [ -89.477, 43.9128 ], [ -89.4823, 43.9166 ], [ -89.4931, 43.9177 ], [ -89.4942, 43.9014 ], [ -89.5222, 43.902 ], [ -89.5222, 43.8941 ], [ -89.5974, 43.8944 ], [ -89.5979, 43.9821 ] ] ] } },
{ "type": "Feature", "properties": { "GEOID": "55069960700", "county": "Census Tract 9607" }, "geometry": { "type": "Polygon", "coordinates": [ [ [ -89.8056, 45.2414 ], [ -89.8008, 45.2531 ], [ -89.7952, 45.2593 ], [ -89.7957, 45.2721 ], [ -89.7905, 45.2773 ], [ -89.7942, 45.2868 ], [ -89.7933, 45.3002 ], [ -89.785, 45.3129 ], [ -89.7835, 45.3201 ], [ -89.7767, 45.3237 ], [ -89.765, 45.3361 ], [ -89.7636, 45.3419 ], [ -89.7553, 45.3465 ], [ -89.7336, 45.3472 ], [ -89.7252, 45.3523 ], [ -89.5488, 45.3505 ], [ -89.5484, 45.2684 ], [ -89.5433, 45.2683 ], [ -89.5441, 45.2668 ], [ -89.5602, 45.2525 ], [ -89.5762, 45.2493 ], [ -89.5986, 45.2208 ], [ -89.6394, 45.2028 ], [ -89.6415, 45.1924 ], [ -89.678, 45.1922 ], [ -89.683, 45.1948 ], [ -89.6883, 45.1926 ], [ -89.6883, 45.1944 ], [ -89.6934, 45.1904 ], [ -89.6934, 45.1924 ], [ -89.7138, 45.1925 ], [ -89.7142, 45.1868 ], [ -89.727, 45.1919 ], [ -89.7342, 45.1924 ], [ -89.7349, 45.2056 ], [ -89.7617, 45.214 ], [ -89.7641, 45.2121 ], [ -89.7862, 45.2132 ], [ -89.786, 45.2186 ], [ -89.7986, 45.2247 ], [ -89.8046, 45.2337 ], [ -89.8056, 45.2414 ] ] ] } },
{ "type": "Feature", "properties": { "GEOID": "55131420105", "county": "Census Tract 4201.05" }, "geometry": { "type": "Polygon", "coordinates": [ [ [ -88.2011, 43.455 ], [ -88.1955, 43.4569 ], [ -88.1817, 43.454 ], [ -88.1616, 43.4549 ], [ -88.1614, 43.4268 ], [ -88.1761, 43.4267 ], [ -88.1776, 43.4307 ], [ -88.1813, 43.4307 ], [ -88.1793, 43.434 ], [ -88.1907, 43.4342 ], [ -88.1908, 43.4414 ], [ -88.1866, 43.4413 ], [ -88.1944, 43.4513 ], [ -88.2011, 43.455 ] ] ] } },
{ "type": "Feature", "properties": { "GEOID": "55039041700", "county": "Census Tract 417" }, "geometry": { "type": "Polygon", "coordinates": [ [ [ -88.886, 43.6335 ], [ -88.8857, 43.808 ], [ -88.6449, 43.8077 ], [ -88.6442, 43.72 ], [ -88.7651, 43.7203 ], [ -88.7654, 43.6331 ], [ -88.886, 43.6335 ] ] ] } },
{ "type": "Feature", "properties": { "GEOID": "55127001503", "county": "Census Tract 15.03" }, "geometry": { "type": "Polygon", "coordinates": [ [ [ -88.4537, 42.6122 ], [ -88.4483, 42.613 ], [ -88.447, 42.6152 ], [ -88.4267, 42.6134 ], [ -88.4091, 42.5942 ], [ -88.4237, 42.5916 ], [ -88.4386, 42.5918 ], [ -88.4386, 42.5954 ], [ -88.4341, 42.5954 ], [ -88.4537, 42.6122 ] ] ] } },
{ "type": "Feature", "properties": { "GEOID": "55127001608", "county": "Census Tract 16.08" }, "geometry": { "type": "Polygon", "coordinates": [ [ [ -88.6192, 42.5457 ], [ -88.5997, 42.5456 ], [ -88.5969, 42.5601 ], [ -88.5803, 42.56 ], [ -88.578, 42.5531 ], [ -88.5803, 42.5449 ], [ -88.5888, 42.5398 ], [ -88.5893, 42.5336 ], [ -88.5803, 42.5311 ], [ -88.5848, 42.5311 ], [ -88.5847, 42.5253 ], [ -88.5796, 42.5093 ], [ -88.6189, 42.5095 ], [ -88.6192, 42.5457 ] ] ] } },
{ "type": "Feature", "properties": { "GEOID": "55101001102", "county": "Census Tract 11.02" }, "geometry": { "type": "Polygon", "coordinates": [ [ [ -87.846, 42.7371 ], [ -87.8283, 42.735 ], [ -87.8212, 42.7317 ], [ -87.8203, 42.7253 ], [ -87.843, 42.7261 ], [ -87.8452, 42.721 ], [ -87.846, 42.7371 ] ] ] } },
{ "type": "Feature", "properties": { "GEOID": "55133202500", "county": "Census Tract 2025" }, "geometry": { "type": "Polygon", "coordinates": [ [ [ -88.2218, 43.003 ], [ -88.2216, 43.0119 ], [ -88.21, 43.014 ], [ -88.1864, 43.014 ], [ -88.187, 42.9998 ], [ -88.1994, 43.003 ], [ -88.2014, 42.9965 ], [ -88.2099, 42.9984 ], [ -88.2166, 43.003 ], [ -88.2218, 43.003 ] ] ] } },
{ "type": "Feature", "properties": { "GEOID": "55133202400", "county": "Census Tract 2024" }, "geometry": { "type": "Polygon", "coordinates": [ [ [ -88.2272, 42.9884 ], [ -88.2268, 43.003 ], [ -88.2166, 43.003 ], [ -88.2099, 42.9984 ], [ -88.2014, 42.9965 ], [ -88.1937, 42.9878 ], [ -88.2064, 42.9863 ], [ -88.2151, 42.9886 ], [ -88.2272, 42.9884 ] ] ] } },
{ "type": "Feature", "properties": { "GEOID": "55133201701", "county": "Census Tract 2017.01" }, "geometry": { "type": "Polygon", "coordinates": [ [ [ -88.1603, 42.9156 ], [ -88.1589, 42.93 ], [ -88.1467, 42.9299 ], [ -88.122, 42.9184 ], [ -88.1139, 42.917 ], [ -88.1294, 42.9084 ], [ -88.1494, 42.9017 ], [ -88.1603, 42.9156 ] ] ] } },
{ "type": "Feature", "properties": { "GEOID": "55017010100", "county": "Census Tract 101" }, "geometry": { "type": "Polygon", "coordinates": [ [ [ -91.5145, 44.8573 ], [ -91.511, 44.8643 ], [ -91.5008, 44.8673 ], [ -91.4977, 44.8802 ], [ -91.4934, 44.8835 ], [ -91.4782, 44.8859 ], [ -91.4558, 44.8827 ], [ -91.4505, 44.8865 ], [ -91.433, 44.8863 ], [ -91.4326, 44.8752 ], [ -91.4381, 44.8712 ], [ -91.4375, 44.8574 ], [ -91.5145, 44.8573 ] ] ] } },
{ "type": "Feature", "properties": { "GEOID": "55067960400", "county": "Census Tract 9604" }, "geometry": { "type": "Polygon", "coordinates": [ [ [ -89.2243, 45.1117 ], [ -89.2085, 45.1148 ], [ -89.2054, 45.1186 ], [ -89.2047, 45.1166 ], [ -89.1951, 45.1165 ], [ -89.1943, 45.1185 ], [ -89.1159, 45.1181 ], [ -89.1158, 45.1255 ], [ -89.0645, 45.1252 ], [ -89.0643, 45.1322 ], [ -89.0537, 45.1326 ], [ -89.0523, 45.1616 ], [ -89.0727, 45.162 ], [ -89.0727, 45.1839 ], [ -89.0521, 45.1834 ], [ -89.0507, 45.2002 ], [ -89.0191, 45.2091 ], [ -89.0192, 45.2043 ], [ -88.9781, 45.2043 ], [ -88.9779, 45.2185 ], [ -88.9661, 45.2188 ], [ -88.9614, 45.2187 ], [ -88.9491, 45.2136 ], [ -88.9478, 45.1978 ], [ -88.9383, 45.1956 ], [ -88.9378, 45.1902 ], [ -88.9278, 45.189 ], [ -88.928, 45.1827 ], [ -88.9117, 45.1827 ], [ -88.9118, 45.1792 ], [ -88.9069, 45.179 ], [ -88.9075, 45.1682 ], [ -88.8076, 45.1679 ], [ -88.8034, 45.1699 ], [ -88.8018, 45.1671 ], [ -88.8064, 45.1615 ], [ -88.8012, 45.1589 ], [ -88.8038, 45.1549 ], [ -88.8016, 45.1519 ], [ -88.8049, 45.1505 ], [ -88.7981, 45.1436 ], [ -88.802, 45.137 ], [ -88.7962, 45.1349 ], [ -88.8009, 45.1322 ], [ -88.8002, 45.1292 ], [ -88.7943, 45.1266 ], [ -88.7977, 45.1241 ], [ -88.7856, 45.1177 ], [ -88.9825, 45.118 ], [ -88.9817, 45.0289 ], [ -89.2238, 45.0292 ], [ -89.2243, 45.1117 ] ] ] } },
{ "type": "Feature", "properties": { "GEOID": "55029100300", "county": "Census Tract 1003" }, "geometry": { "type": "MultiPolygon", "coordinates": [ [ [ [ -87.213, 45.1791 ], [ -87.2071, 45.18 ], [ -87.2072, 45.1776 ], [ -87.2121, 45.177 ], [ -87.213, 45.1791 ] ] ], [ [ [ -87.2617, 45.0863 ], [ -87.2575, 45.1216 ], [ -87.2503, 45.1312 ], [ -87.244, 45.1276 ], [ -87.2394, 45.1281 ], [ -87.2429, 45.1494 ], [ -87.2387, 45.1597 ], [ -87.2339, 45.1627 ], [ -87.2377, 45.1682 ], [ -87.2312, 45.1729 ], [ -87.2209, 45.1735 ], [ -87.2248, 45.1679 ], [ -87.2221, 45.1645 ], [ -87.2116, 45.1659 ], [ -87.1946, 45.1624 ], [ -87.1872, 45.1503 ], [ -87.1786, 45.1484 ], [ -87.1698, 45.1529 ], [ -87.1751, 45.1731 ], [ -87.1672, 45.1836 ], [ -87.1574, 45.1867 ], [ -87.1517, 45.1847 ], [ -87.1481, 45.186 ], [ -87.1463, 45.1919 ], [ -87.133, 45.1928 ], [ -87.1237, 45.1899 ], [ -87.12, 45.1911 ], [ -87.1196, 45.2002 ], [ -87.0919, 45.2004 ], [ -87.0912, 45.1857 ], [ -87.1119, 45.1857 ], [ -87.1119, 45.1637 ], [ -87.1324, 45.1636 ], [ -87.1325, 45.1273 ], [ -87.1532, 45.1273 ], [ -87.1522, 45.0693 ], [ -87.217, 45.0688 ], [ -87.2232, 45.0631 ], [ -87.2285, 45.0626 ], [ -87.2425, 45.069 ], [ -87.2606, 45.0691 ], [ -87.2502, 45.0837 ], [ -87.2617, 45.0863 ] ] ], [ [ [ -87.2687, 45.1592 ], [ -87.2647, 45.1613 ], [ -87.2622, 45.1608 ], [ -87.2636, 45.1571 ], [ -87.2683, 45.1571 ], [ -87.2687, 45.1592 ] ] ], [ [ [ -87.3775, 45.1839 ], [ -87.3744, 45.1894 ], [ -87.3752, 45.1982 ], [ -87.3692, 45.1982 ], [ -87.3646, 45.2028 ], [ -87.3597, 45.1977 ], [ -87.3527, 45.198 ], [ -87.3457, 45.2022 ], [ -87.3439, 45.2076 ], [ -87.3351, 45.2112 ], [ -87.3323, 45.2064 ], [ -87.3376, 45.2024 ], [ -87.3351, 45.1955 ], [ -87.3386, 45.1758 ], [ -87.3326, 45.1609 ], [ -87.377, 45.1782 ], [ -87.3775, 45.1839 ] ] ] ] } },
{ "type": "Feature", "properties": { "GEOID": "55085970604", "county": "Census Tract 9706.04" }, "geometry": { "type": "Polygon", "coordinates": [ [ [ -89.5753, 45.765 ], [ -89.5674, 45.7637 ], [ -89.563, 45.7656 ], [ -89.5606, 45.7633 ], [ -89.5578, 45.7666 ], [ -89.559, 45.7738 ], [ -89.5567, 45.7792 ], [ -89.5508, 45.7844 ], [ -89.5461, 45.7852 ], [ -89.5471, 45.7884 ], [ -89.5413, 45.7893 ], [ -89.5389, 45.7968 ], [ -89.5351, 45.7999 ], [ -89.5406, 45.8109 ], [ -89.5545, 45.817 ], [ -89.5584, 45.8219 ], [ -89.5495, 45.8356 ], [ -89.5368, 45.839 ], [ -89.5264, 45.8448 ], [ -89.5212, 45.8515 ], [ -89.5215, 45.8576 ], [ -89.5305, 45.8649 ], [ -89.5288, 45.8712 ], [ -89.5331, 45.8722 ], [ -89.5266, 45.8786 ], [ -89.5305, 45.8825 ], [ -89.5315, 45.893 ], [ -89.538, 45.8986 ], [ -89.3625, 45.899 ], [ -89.3005, 45.9015 ], [ -89.3009, 45.8607 ], [ -89.2907, 45.8601 ], [ -89.3065, 45.8296 ], [ -89.3199, 45.8208 ], [ -89.3193, 45.7844 ], [ -89.3272, 45.7731 ], [ -89.3273, 45.751 ], [ -89.333, 45.7463 ], [ -89.3554, 45.7468 ], [ -89.359, 45.7442 ], [ -89.3678, 45.7436 ], [ -89.3678, 45.7383 ], [ -89.372, 45.7348 ], [ -89.3709, 45.7313 ], [ -89.376, 45.7244 ], [ -89.3859, 45.7193 ], [ -89.4093, 45.7252 ], [ -89.4184, 45.7255 ], [ -89.4222, 45.7413 ], [ -89.4189, 45.743 ], [ -89.4188, 45.7566 ], [ -89.4392, 45.757 ], [ -89.4434, 45.7551 ], [ -89.4475, 45.7554 ], [ -89.4496, 45.7579 ], [ -89.4673, 45.7573 ], [ -89.469, 45.7548 ], [ -89.4743, 45.7573 ], [ -89.4987, 45.7573 ], [ -89.4983, 45.7469 ], [ -89.5089, 45.7465 ], [ -89.5084, 45.735 ], [ -89.5169, 45.7322 ], [ -89.5489, 45.7327 ], [ -89.5564, 45.736 ], [ -89.5716, 45.7512 ], [ -89.575, 45.7569 ], [ -89.5753, 45.765 ] ] ] } },
{ "type": "Feature", "properties": { "GEOID": "55025001604", "county": "Census Tract 16.04" }, "geometry": { "type": "Polygon", "coordinates": [ [ [ -89.3974, 43.0749 ], [ -89.3973, 43.077 ], [ -89.3905, 43.0795 ], [ -89.387, 43.0769 ], [ -89.3899, 43.0748 ], [ -89.3974, 43.0749 ] ] ] } },
{ "type": "Feature", "properties": { "GEOID": "55043961200", "county": "Census Tract 9612" }, "geometry": { "type": "Polygon", "coordinates": [ [ [ -90.6614, 42.5676 ], [ -90.6498, 42.5713 ], [ -90.6431, 42.5789 ], [ -90.6349, 42.5819 ], [ -90.6304, 42.5809 ], [ -90.6225, 42.5862 ], [ -90.609, 42.5903 ], [ -90.6009, 42.5881 ], [ -90.5398, 42.5876 ], [ -90.5355, 42.5949 ], [ -90.4259, 42.5948 ], [ -90.4264, 42.5071 ], [ -90.6428, 42.5085 ], [ -90.636, 42.5154 ], [ -90.636, 42.5187 ], [ -90.644, 42.5399 ], [ -90.6541, 42.5499 ], [ -90.6614, 42.5676 ] ] ] } },
{ "type": "Feature", "properties": { "GEOID": "55027961400", "county": "Census Tract 9614" }, "geometry": { "type": "Polygon", "coordinates": [ [ [ -88.6484, 43.3993 ], [ -88.6445, 43.4062 ], [ -88.6476, 43.4086 ], [ -88.6478, 43.4137 ], [ -88.6391, 43.4204 ], [ -88.6323, 43.4207 ], [ -88.63, 43.424 ], [ -88.6358, 43.4286 ], [ -88.6324, 43.4359 ], [ -88.6216, 43.4372 ], [ -88.6217, 43.4427 ], [ -88.6067, 43.4367 ], [ -88.6068, 43.4442 ], [ -88.619, 43.4472 ], [ -88.6231, 43.4516 ], [ -88.6222, 43.4561 ], [ -88.6137, 43.4584 ], [ -88.5615, 43.4578 ], [ -88.5611, 43.4654 ], [ -88.5558, 43.4751 ], [ -88.5459, 43.464 ], [ -88.546, 43.4794 ], [ -88.5214, 43.4789 ], [ -88.5213, 43.4928 ], [ -88.5316, 43.4936 ], [ -88.5129, 43.5144 ], [ -88.49, 43.5151 ], [ -88.4899, 43.5004 ], [ -88.4801, 43.5004 ], [ -88.48, 43.486 ], [ -88.4005, 43.4859 ], [ -88.4015, 43.3701 ], [ -88.4184, 43.3702 ], [ -88.4186, 43.3652 ], [ -88.4285, 43.3652 ], [ -88.4293, 43.3703 ], [ -88.451, 43.3705 ], [ -88.4508, 43.3849 ], [ -88.4606, 43.385 ], [ -88.4596, 43.3706 ], [ -88.5961, 43.3711 ], [ -88.5967, 43.3856 ], [ -88.6037, 43.3856 ], [ -88.6051, 43.3822 ], [ -88.6139, 43.3811 ], [ -88.6252, 43.3847 ], [ -88.6292, 43.3813 ], [ -88.6367, 43.3826 ], [ -88.634, 43.3918 ], [ -88.64, 43.3974 ], [ -88.6484, 43.3993 ] ] ] } },
{ "type": "Feature", "properties": { "GEOID": "55079009800", "county": "Census Tract 98" }, "geometry": { "type": "Polygon", "coordinates": [ [ [ -87.9576, 43.0564 ], [ -87.9575, 43.0643 ], [ -87.9541, 43.0643 ], [ -87.9531, 43.0606 ], [ -87.95, 43.0624 ], [ -87.95, 43.0564 ], [ -87.9576, 43.0564 ] ] ] } },
{ "type": "Feature", "properties": { "GEOID": "55087010602", "county": "Census Tract 106.02" }, "geometry": { "type": "Polygon", "coordinates": [ [ [ -88.3835, 44.2586 ], [ -88.3551, 44.2585 ], [ -88.354, 44.2438 ], [ -88.366, 44.2439 ], [ -88.3835, 44.2586 ] ] ] } },
{ "type": "Feature", "properties": { "GEOID": "55137960202", "county": "Census Tract 9602.02" }, "geometry": { "type": "Polygon", "coordinates": [ [ [ -89.2773, 44.0757 ], [ -89.2773, 44.0836 ], [ -89.2702, 44.0882 ], [ -89.2735, 44.0927 ], [ -89.2673, 44.0954 ], [ -89.257, 44.105 ], [ -89.2582, 44.1153 ], [ -89.266, 44.1186 ], [ -89.2572, 44.1218 ], [ -89.2533, 44.1255 ], [ -89.2569, 44.1411 ], [ -89.2573, 44.156 ], [ -89.2545, 44.1582 ], [ -89.2525, 44.1558 ], [ -89.2291, 44.1557 ], [ -89.229, 44.1515 ], [ -89.2124, 44.1539 ], [ -89.2001, 44.1518 ], [ -89.199, 44.1593 ], [ -89.1938, 44.1557 ], [ -89.1173, 44.1557 ], [ -89.1174, 44.1486 ], [ -89.0771, 44.1486 ], [ -89.0772, 44.1557 ], [ -89.0511, 44.1558 ], [ -89.0488, 44.1627 ], [ -89.0199, 44.1637 ], [ -89.0168, 44.1631 ], [ -89.0118, 44.1461 ], [ -89.0086, 44.1458 ], [ -89.0068, 44.1412 ], [ -88.9952, 44.1374 ], [ -88.9973, 44.1342 ], [ -89.0011, 44.1337 ], [ -89.0013, 44.1245 ], [ -89.0066, 44.1197 ], [ -89.008, 44.1121 ], [ -89.0066, 44.0691 ], [ -89.0389, 44.069 ], [ -89.0411, 44.0631 ], [ -89.0531, 44.0628 ], [ -89.0781, 44.0695 ], [ -89.0876, 44.0782 ], [ -89.0883, 44.0763 ], [ -89.1427, 44.0763 ], [ -89.142, 44.069 ], [ -89.1622, 44.069 ], [ -89.1739, 44.0725 ], [ -89.1834, 44.0727 ], [ -89.1848, 44.069 ], [ -89.1903, 44.0701 ], [ -89.1963, 44.0678 ], [ -89.223, 44.0689 ], [ -89.2301, 44.0714 ], [ -89.2331, 44.075 ], [ -89.2383, 44.0759 ], [ -89.2773, 44.0757 ] ] ] } },
{ "type": "Feature", "properties": { "GEOID": "55015020500", "county": "Census Tract 205" }, "geometry": { "type": "Polygon", "coordinates": [ [ [ -88.2368, 44.0002 ], [ -88.2368, 44.122 ], [ -88.1513, 44.1209 ], [ -88.1506, 44.0663 ], [ -88.1437, 44.0663 ], [ -88.1427, 44.0007 ], [ -88.2368, 44.0002 ] ] ] } },
{ "type": "Feature", "properties": { "GEOID": "55079001100", "county": "Census Tract 11" }, "geometry": { "type": "Polygon", "coordinates": [ [ [ -87.9857, 43.1339 ], [ -87.9534, 43.1354 ], [ -87.9519, 43.1265 ], [ -87.9633, 43.1266 ], [ -87.9635, 43.1192 ], [ -87.9812, 43.1193 ], [ -87.981, 43.1297 ], [ -87.9857, 43.1339 ] ] ] } },
{ "type": "Feature", "properties": { "GEOID": "55047100400", "county": "Census Tract 1004" }, "geometry": { "type": "Polygon", "coordinates": [ [ [ -89.0473, 43.8175 ], [ -89.0313, 43.8257 ], [ -89.0175, 43.8262 ], [ -89.0172, 43.8369 ], [ -89.0072, 43.837 ], [ -89.0068, 43.8727 ], [ -88.9867, 43.8734 ], [ -88.9867, 43.8879 ], [ -88.9562, 43.8878 ], [ -88.9561, 43.8842 ], [ -88.9461, 43.8839 ], [ -88.9464, 43.8954 ], [ -88.8857, 43.8952 ], [ -88.8853, 43.7571 ], [ -88.9554, 43.757 ], [ -88.9562, 43.8173 ], [ -88.9593, 43.8241 ], [ -88.9821, 43.8243 ], [ -89.0071, 43.8114 ], [ -89.0351, 43.8118 ], [ -89.0367, 43.8082 ], [ -89.04, 43.8084 ], [ -89.0416, 43.811 ], [ -89.0473, 43.8109 ], [ -89.0473, 43.8175 ] ] ] } },
{ "type": "Feature", "properties": { "GEOID": "55005000900", "county": "Census Tract 9" }, "geometry": { "type": "Polygon", "coordinates": [ [ [ -92.1565, 45.2095 ], [ -92.1564, 45.3742 ], [ -92.1457, 45.3743 ], [ -92.146, 45.3672 ], [ -92.0946, 45.367 ], [ -92.0946, 45.3742 ], [ -92.0537, 45.3742 ], [ -92.0536, 45.388 ], [ -92.033, 45.3879 ], [ -92.033, 45.3951 ], [ -92.0058, 45.3966 ], [ -91.9994, 45.3949 ], [ -91.9562, 45.3946 ], [ -91.9482, 45.3966 ], [ -91.9456, 45.3935 ], [ -91.9407, 45.3926 ], [ -91.9343, 45.3944 ], [ -91.9098, 45.3942 ], [ -91.9096, 45.3662 ], [ -91.8791, 45.3662 ], [ -91.8791, 45.3799 ], [ -91.8586, 45.3798 ], [ -91.8574, 45.3779 ], [ -91.839, 45.3832 ], [ -91.834, 45.3814 ], [ -91.8245, 45.3834 ], [ -91.8253, 45.3814 ], [ -91.8224, 45.3795 ], [ -91.8121, 45.3772 ], [ -91.8093, 45.3788 ], [ -91.8067, 45.377 ], [ -91.8055, 45.3794 ], [ -91.787, 45.3794 ], [ -91.7886, 45.2586 ], [ -91.7776, 45.2589 ], [ -91.778, 45.2444 ], [ -91.7691, 45.2445 ], [ -91.7676, 45.2409 ], [ -91.7625, 45.2409 ], [ -91.7632, 45.2119 ], [ -91.7683, 45.2119 ], [ -91.7683, 45.2083 ], [ -92.1565, 45.2095 ] ] ] } },
{ "type": "Feature", "properties": { "GEOID": "55025011506", "county": "Census Tract 115.06" }, "geometry": { "type": "Polygon", "coordinates": [ [ [ -89.2675, 43.1613 ], [ -89.2494, 43.176 ], [ -89.2213, 43.1832 ], [ -89.2136, 43.1833 ], [ -89.214, 43.1794 ], [ -89.2112, 43.1809 ], [ -89.2657, 43.1477 ], [ -89.2675, 43.1613 ] ] ] } },
{ "type": "Feature", "properties": { "GEOID": "55025012100", "county": "Census Tract 121" }, "geometry": { "type": "Polygon", "coordinates": [ [ [ -89.2504, 42.889 ], [ -89.2471, 42.8891 ], [ -89.2455, 42.8862 ], [ -89.2307, 42.8851 ], [ -89.2306, 42.8751 ], [ -89.2102, 42.8757 ], [ -89.21, 42.8825 ], [ -89.1861, 42.8825 ], [ -89.1861, 42.8969 ], [ -89.1907, 42.8973 ], [ -89.1904, 42.909 ], [ -89.178, 42.9043 ], [ -89.171, 42.9043 ], [ -89.1715, 42.9337 ], [ -89.0131, 42.9353 ], [ -89.0136, 42.8476 ], [ -89.2503, 42.8459 ], [ -89.2504, 42.889 ] ] ] } },
{ "type": "Feature", "properties": { "GEOID": "55001950501", "county": "Census Tract 9505.01" }, "geometry": { "type": "Polygon", "coordinates": [ [ [ -89.9839, 43.9137 ], [ -89.9764, 43.9197 ], [ -89.9591, 43.9201 ], [ -89.9521, 43.9242 ], [ -89.9515, 43.9295 ], [ -89.9563, 43.9407 ], [ -89.9553, 43.9553 ], [ -89.9627, 43.9663 ], [ -89.9377, 43.9663 ], [ -89.9376, 43.9589 ], [ -89.9176, 43.959 ], [ -89.9176, 43.9227 ], [ -89.8474, 43.9232 ], [ -89.8474, 43.9016 ], [ -89.8172, 43.9015 ], [ -89.8173, 43.8337 ], [ -89.82, 43.8307 ], [ -89.8372, 43.8185 ], [ -89.9137, 43.8184 ], [ -89.9223, 43.8385 ], [ -89.9612, 43.864 ], [ -89.9639, 43.8716 ], [ -89.963, 43.8834 ], [ -89.9706, 43.8934 ], [ -89.9786, 43.8992 ], [ -89.9839, 43.9137 ] ] ] } },
{ "type": "Feature", "properties": { "GEOID": "55017010700", "county": "Census Tract 107" }, "geometry": { "type": "Polygon", "coordinates": [ [ [ -91.3876, 44.8572 ], [ -91.3889, 44.9148 ], [ -91.3833, 44.9168 ], [ -91.3805, 44.9208 ], [ -91.3578, 44.9202 ], [ -91.3578, 44.9226 ], [ -91.3476, 44.9225 ], [ -91.3461, 44.9334 ], [ -91.3332, 44.9309 ], [ -91.3305, 44.928 ], [ -91.3281, 44.9319 ], [ -91.3407, 44.9378 ], [ -91.3368, 44.937 ], [ -91.3347, 44.9417 ], [ -91.3295, 44.9439 ], [ -91.3238, 44.953 ], [ -91.3224, 44.9621 ], [ -91.3137, 44.9667 ], [ -91.3129, 44.97 ], [ -91.3177, 44.9755 ], [ -91.3248, 44.9784 ], [ -91.3421, 44.9775 ], [ -91.3409, 44.9844 ], [ -91.3196, 44.9843 ], [ -91.3153, 44.981 ], [ -91.2678, 44.9804 ], [ -91.2677, 44.9538 ], [ -91.2629, 44.945 ], [ -91.2679, 44.9445 ], [ -91.2678, 44.9297 ], [ -91.2577, 44.9297 ], [ -91.2573, 44.914 ], [ -91.2578, 44.9006 ], [ -91.2677, 44.9003 ], [ -91.267, 44.857 ], [ -91.3876, 44.8572 ] ] ] } },
{ "type": "Feature", "properties": { "GEOID": "55009002003", "county": "Census Tract 20.03" }, "geometry": { "type": "Polygon", "coordinates": [ [ [ -87.9453, 44.4734 ], [ -87.9368, 44.5011 ], [ -87.9218, 44.5009 ], [ -87.9124, 44.5075 ], [ -87.8996, 44.5042 ], [ -87.8872, 44.4953 ], [ -87.8872, 44.4729 ], [ -87.9453, 44.4734 ] ] ] } },
{ "type": "Feature", "properties": { "GEOID": "55137960100", "county": "Census Tract 9601" }, "geometry": { "type": "Polygon", "coordinates": [ [ [ -89.1385, 44.1994 ], [ -89.1388, 44.2282 ], [ -89.1336, 44.2287 ], [ -89.1336, 44.2431 ], [ -88.8867, 44.2426 ], [ -88.886, 44.069 ], [ -88.9512, 44.0691 ], [ -88.9517, 44.0835 ], [ -88.9562, 44.0835 ], [ -88.959, 44.0861 ], [ -88.9678, 44.0837 ], [ -88.9648, 44.083 ], [ -88.9641, 44.0742 ], [ -88.9576, 44.073 ], [ -88.9593, 44.0685 ], [ -88.9638, 44.0683 ], [ -88.9637, 44.0652 ], [ -88.9694, 44.0625 ], [ -88.977, 44.0616 ], [ -88.9781, 44.0576 ], [ -88.9816, 44.0572 ], [ -88.9835, 44.0537 ], [ -88.9915, 44.0539 ], [ -88.9905, 44.0589 ], [ -88.9944, 44.0593 ], [ -89.0066, 44.0691 ], [ -89.008, 44.1121 ], [ -89.0066, 44.1197 ], [ -89.0013, 44.1245 ], [ -89.0011, 44.1337 ], [ -88.9973, 44.1342 ], [ -88.9952, 44.1374 ], [ -89.0068, 44.1412 ], [ -89.0086, 44.1458 ], [ -89.0118, 44.1461 ], [ -89.0168, 44.1631 ], [ -89.0488, 44.1627 ], [ -89.0511, 44.1558 ], [ -89.0772, 44.1557 ], [ -89.0771, 44.1486 ], [ -89.1174, 44.1486 ], [ -89.1145, 44.1776 ], [ -89.124, 44.181 ], [ -89.1331, 44.1813 ], [ -89.1337, 44.1994 ], [ -89.1385, 44.1994 ] ] ] } },
{ "type": "Feature", "properties": { "GEOID": "55023960600", "county": "Census Tract 9606" }, "geometry": { "type": "Polygon", "coordinates": [ [ [ -91.1755, 43.044 ], [ -91.1656, 43.0446 ], [ -91.1525, 43.0489 ], [ -91.1492, 43.049 ], [ -91.149, 43.0456 ], [ -91.1327, 43.0466 ], [ -91.1354, 43.0479 ], [ -91.1342, 43.0504 ], [ -91.1382, 43.0504 ], [ -91.1382, 43.0521 ], [ -91.1051, 43.0565 ], [ -91.095, 43.0621 ], [ -91.0834, 43.0627 ], [ -91.0781, 43.0676 ], [ -91.067, 43.0649 ], [ -91.0671, 43.0626 ], [ -91.072, 43.0601 ], [ -91.073, 43.0537 ], [ -91.0953, 43.0441 ], [ -91.1006, 43.038 ], [ -91.1021, 43.0239 ], [ -91.1147, 43.0286 ], [ -91.125, 43.0266 ], [ -91.128, 43.0286 ], [ -91.1357, 43.0274 ], [ -91.1313, 43.0132 ], [ -91.1312, 42.9995 ], [ -91.1365, 42.9989 ], [ -91.1568, 42.9882 ], [ -91.1755, 43.044 ] ] ] } },
{ "type": "Feature", "properties": { "GEOID": "55051180300", "county": "Census Tract 1803" }, "geometry": { "type": "Polygon", "coordinates": [ [ [ -90.3046, 46.1399 ], [ -90.3032, 46.1537 ], [ -90.2937, 46.1569 ], [ -90.2892, 46.1553 ], [ -90.2852, 46.1598 ], [ -90.2855, 46.1684 ], [ -90.2762, 46.1796 ], [ -90.2768, 46.1884 ], [ -90.2733, 46.1924 ], [ -90.2768, 46.1971 ], [ -90.2748, 46.1987 ], [ -90.277, 46.2035 ], [ -90.2717, 46.2093 ], [ -90.2677, 46.2202 ], [ -90.2595, 46.2225 ], [ -90.2572, 46.2203 ], [ -90.2503, 46.2219 ], [ -90.2436, 46.2189 ], [ -90.2427, 46.2152 ], [ -90.2313, 46.2131 ], [ -90.2234, 46.2192 ], [ -90.2153, 46.22 ], [ -90.1995, 46.226 ], [ -90.1909, 46.2251 ], [ -90.1835, 46.2301 ], [ -90.1722, 46.2289 ], [ -90.1581, 46.2316 ], [ -90.1451, 46.2301 ], [ -90.1505, 46.2687 ], [ -90.1557, 46.2857 ], [ -90.1547, 46.3775 ], [ -90.1758, 46.3931 ], [ -90.1822, 46.4132 ], [ -90.1589, 46.4133 ], [ -90.1529, 46.4013 ], [ -90.1468, 46.3991 ], [ -90.1444, 46.3903 ], [ -90.1322, 46.3812 ], [ -90.1339, 46.3718 ], [ -90.1229, 46.3636 ], [ -90.1168, 46.3551 ], [ -90.1175, 46.3495 ], [ -90.1235, 46.3465 ], [ -90.118, 46.3414 ], [ -90.1205, 46.3368 ], [ -89.9292, 46.2997 ], [ -89.9288, 45.982 ], [ -90.3021, 45.9813 ], [ -90.3003, 46.068 ], [ -90.3046, 46.1399 ] ] ] } },
{ "type": "Feature", "properties": { "GEOID": "55009940006", "county": "Census Tract 9400.06" }, "geometry": { "type": "Polygon", "coordinates": [ [ [ -88.1915, 44.3569 ], [ -88.1904, 44.486 ], [ -88.1848, 44.4913 ], [ -88.1701, 44.4876 ], [ -88.1701, 44.4985 ], [ -88.1744, 44.4988 ], [ -88.1757, 44.5011 ], [ -88.1702, 44.5073 ], [ -88.1685, 44.5145 ], [ -88.1645, 44.5163 ], [ -88.165, 44.5192 ], [ -88.1591, 44.5223 ], [ -88.1512, 44.5183 ], [ -88.1499, 44.5005 ], [ -88.1297, 44.4936 ], [ -88.1297, 44.4886 ], [ -88.1155, 44.4887 ], [ -88.097, 44.4822 ], [ -88.1024, 44.4741 ], [ -88.1208, 44.4742 ], [ -88.1223, 44.4778 ], [ -88.1246, 44.4742 ], [ -88.1702, 44.4731 ], [ -88.1703, 44.4587 ], [ -88.15, 44.4588 ], [ -88.1502, 44.4311 ], [ -88.1361, 44.43 ], [ -88.1482, 44.4178 ], [ -88.1371, 44.4122 ], [ -88.1537, 44.3968 ], [ -88.1235, 44.3787 ], [ -88.139, 44.3675 ], [ -88.1441, 44.3572 ], [ -88.1871, 44.357 ], [ -88.1859, 44.3583 ], [ -88.1915, 44.3569 ] ] ] } },
{ "type": "Feature", "properties": { "GEOID": "55103970500", "county": "Census Tract 9705" }, "geometry": { "type": "Polygon", "coordinates": [ [ [ -90.6668, 43.1718 ], [ -90.6662, 43.2916 ], [ -90.6504, 43.2907 ], [ -90.6495, 43.2857 ], [ -90.6454, 43.2843 ], [ -90.6358, 43.2846 ], [ -90.6346, 43.2899 ], [ -90.6283, 43.2904 ], [ -90.6256, 43.2926 ], [ -90.591, 43.2936 ], [ -90.5742, 43.2821 ], [ -90.5687, 43.2842 ], [ -90.5634, 43.2827 ], [ -90.5556, 43.2848 ], [ -90.5378, 43.2847 ], [ -90.525, 43.2812 ], [ -90.5229, 43.2832 ], [ -90.5237, 43.2988 ], [ -90.4989, 43.3109 ], [ -90.4919, 43.3088 ], [ -90.4877, 43.3002 ], [ -90.4703, 43.3 ], [ -90.47, 43.3029 ], [ -90.4645, 43.3039 ], [ -90.4534, 43.3148 ], [ -90.4539, 43.3222 ], [ -90.4301, 43.3215 ], [ -90.4269, 43.3197 ], [ -90.422, 43.3034 ], [ -90.4084, 43.3028 ], [ -90.4048, 43.3077 ], [ -90.3887, 43.3153 ], [ -90.3784, 43.3145 ], [ -90.3763, 43.3098 ], [ -90.3611, 43.3102 ], [ -90.3593, 43.3079 ], [ -90.3507, 43.3073 ], [ -90.3497, 43.2899 ], [ -90.3419, 43.2878 ], [ -90.3362, 43.2886 ], [ -90.3308, 43.2826 ], [ -90.3174, 43.2784 ], [ -90.313, 43.2742 ], [ -90.3062, 43.2805 ], [ -90.3026, 43.2782 ], [ -90.2913, 43.2786 ], [ -90.2913, 43.2804 ], [ -90.2669, 43.2824 ], [ -90.2492, 43.2791 ], [ -90.2445, 43.2734 ], [ -90.2381, 43.2712 ], [ -90.2221, 43.2712 ], [ -90.2108, 43.2766 ], [ -90.2087, 43.2812 ], [ -90.2019, 43.2862 ], [ -90.192, 43.2857 ], [ -90.1926, 43.1665 ], [ -90.1938, 43.1645 ], [ -90.2209, 43.1742 ], [ -90.242, 43.1892 ], [ -90.2601, 43.1977 ], [ -90.2807, 43.1943 ], [ -90.2925, 43.2069 ], [ -90.2998, 43.2083 ], [ -90.3216, 43.2072 ], [ -90.3355, 43.2097 ], [ -90.3526, 43.2096 ], [ -90.4087, 43.2002 ], [ -90.4204, 43.2018 ], [ -90.4393, 43.1996 ], [ -90.4795, 43.2035 ], [ -90.5059, 43.2089 ], [ -90.5204, 43.2067 ], [ -90.5298, 43.2075 ], [ -90.5454, 43.2115 ], [ -90.5581, 43.2067 ], [ -90.5757, 43.2047 ], [ -90.5889, 43.2007 ], [ -90.6086, 43.1854 ], [ -90.6425, 43.1787 ], [ -90.6566, 43.1718 ], [ -90.6668, 43.1718 ] ] ] } },
{ "type": "Feature", "properties": { "GEOID": "55137960800", "county": "Census Tract 9608" }, "geometry": { "type": "Polygon", "coordinates": [ [ [ -89.3855, 44.0332 ], [ -89.3794, 44.0362 ], [ -89.3654, 44.0525 ], [ -89.3633, 44.0879 ], [ -89.3687, 44.09 ], [ -89.3706, 44.0973 ], [ -89.3652, 44.0975 ], [ -89.365, 44.1347 ], [ -89.3849, 44.1444 ], [ -89.385, 44.1558 ], [ -89.2573, 44.1558 ], [ -89.2533, 44.1255 ], [ -89.2572, 44.1218 ], [ -89.266, 44.1186 ], [ -89.2582, 44.1153 ], [ -89.257, 44.105 ], [ -89.2673, 44.0954 ], [ -89.2735, 44.0927 ], [ -89.2702, 44.0882 ], [ -89.2773, 44.0836 ], [ -89.2773, 44.0757 ], [ -89.2572, 44.0757 ], [ -89.2572, 44.0721 ], [ -89.263, 44.0721 ], [ -89.2673, 44.0685 ], [ -89.2598, 44.0651 ], [ -89.2623, 44.0562 ], [ -89.2544, 44.0538 ], [ -89.2472, 44.0473 ], [ -89.2461, 44.0206 ], [ -89.2507, 44.0208 ], [ -89.2545, 44.0092 ], [ -89.2443, 43.9995 ], [ -89.2433, 43.9825 ], [ -89.3653, 43.9825 ], [ -89.357, 43.9898 ], [ -89.3578, 44.0151 ], [ -89.3856, 44.015 ], [ -89.3855, 44.0332 ] ] ] } },
{ "type": "Feature", "properties": { "GEOID": "55123960200", "county": "Census Tract 9602" }, "geometry": { "type": "Polygon", "coordinates": [ [ [ -90.79, 43.6653 ], [ -90.7804, 43.6684 ], [ -90.7804, 43.6733 ], [ -90.776, 43.6787 ], [ -90.7763, 43.6832 ], [ -90.7848, 43.6846 ], [ -90.7851, 43.6904 ], [ -90.7803, 43.6921 ], [ -90.7798, 43.7001 ], [ -90.7703, 43.7041 ], [ -90.7705, 43.7256 ], [ -90.6071, 43.726 ], [ -90.607, 43.7296 ], [ -90.5872, 43.7295 ], [ -90.5872, 43.7258 ], [ -90.508, 43.7258 ], [ -90.533, 43.7158 ], [ -90.5324, 43.7086 ], [ -90.5288, 43.7044 ], [ -90.536, 43.704 ], [ -90.5452, 43.7069 ], [ -90.5571, 43.6918 ], [ -90.5659, 43.6882 ], [ -90.5596, 43.6837 ], [ -90.5506, 43.6844 ], [ -90.5488, 43.6789 ], [ -90.5356, 43.6693 ], [ -90.5459, 43.6594 ], [ -90.5585, 43.6561 ], [ -90.5641, 43.651 ], [ -90.5635, 43.6451 ], [ -90.5582, 43.6457 ], [ -90.5418, 43.6418 ], [ -90.5421, 43.631 ], [ -90.5461, 43.6212 ], [ -90.5352, 43.6103 ], [ -90.533, 43.6032 ], [ -90.5398, 43.5973 ], [ -90.539, 43.5867 ], [ -90.5595, 43.5851 ], [ -90.5493, 43.5743 ], [ -90.5351, 43.5733 ], [ -90.5341, 43.5695 ], [ -90.5291, 43.5673 ], [ -90.5156, 43.5673 ], [ -90.5181, 43.5623 ], [ -90.527, 43.5528 ], [ -90.6716, 43.5529 ], [ -90.6716, 43.5488 ], [ -90.6735, 43.5488 ], [ -90.6775, 43.5529 ], [ -90.6861, 43.5541 ], [ -90.6858, 43.5598 ], [ -90.6971, 43.5595 ], [ -90.7014, 43.5635 ], [ -90.7061, 43.5639 ], [ -90.7061, 43.566 ], [ -90.7099, 43.5661 ], [ -90.7126, 43.5543 ], [ -90.7254, 43.5548 ], [ -90.7369, 43.5579 ], [ -90.7452, 43.5503 ], [ -90.7488, 43.5547 ], [ -90.751, 43.5538 ], [ -90.7606, 43.5584 ], [ -90.7661, 43.5744 ], [ -90.7734, 43.5813 ], [ -90.7697, 43.5888 ], [ -90.7788, 43.597 ], [ -90.7781, 43.6022 ], [ -90.7813, 43.6022 ], [ -90.7798, 43.6094 ], [ -90.7835, 43.6173 ], [ -90.7755, 43.6226 ], [ -90.7778, 43.6265 ], [ -90.7727, 43.6326 ], [ -90.7724, 43.6381 ], [ -90.7779, 43.643 ], [ -90.7764, 43.6564 ], [ -90.7853, 43.6585 ], [ -90.79, 43.6653 ] ] ] } },
{ "type": "Feature", "properties": { "GEOID": "55079009700", "county": "Census Tract 97" }, "geometry": { "type": "Polygon", "coordinates": [ [ [ -87.9576, 43.0564 ], [ -87.9476, 43.0564 ], [ -87.9477, 43.0514 ], [ -87.9576, 43.0515 ], [ -87.9576, 43.0564 ] ] ] } },
{ "type": "Feature", "properties": { "GEOID": "55059000501", "county": "Census Tract 5.01" }, "geometry": { "type": "Polygon", "coordinates": [ [ [ -87.8358, 42.6124 ], [ -87.8349, 42.6315 ], [ -87.8274, 42.6241 ], [ -87.8259, 42.6133 ], [ -87.8358, 42.6124 ] ] ] } },
{ "type": "Feature", "properties": { "GEOID": "55133203106", "county": "Census Tract 2031.06" }, "geometry": { "type": "Polygon", "coordinates": [ [ [ -88.2859, 43.0204 ], [ -88.2509, 43.0214 ], [ -88.2503, 43.0133 ], [ -88.286, 43.0131 ], [ -88.2859, 43.0204 ] ] ] } },
{ "type": "Feature", "properties": { "GEOID": "55079004600", "county": "Census Tract 46" }, "geometry": { "type": "Polygon", "coordinates": [ [ [ -87.937, 43.0896 ], [ -87.9271, 43.0894 ], [ -87.9273, 43.0817 ], [ -87.9372, 43.0824 ], [ -87.937, 43.0896 ] ] ] } },
{ "type": "Feature", "properties": { "GEOID": "55141011300", "county": "Census Tract 113" }, "geometry": { "type": "Polygon", "coordinates": [ [ [ -89.8595, 44.3586 ], [ -89.8587, 44.3657 ], [ -89.8526, 44.3704 ], [ -89.8458, 44.371 ], [ -89.8334, 44.3871 ], [ -89.8261, 44.3919 ], [ -89.821, 44.3882 ], [ -89.8171, 44.3882 ], [ -89.816, 44.3429 ], [ -89.8333, 44.3376 ], [ -89.8443, 44.3485 ], [ -89.85, 44.3454 ], [ -89.8595, 44.3586 ] ] ] } },
{ "type": "Feature", "properties": { "GEOID": "55009010202", "county": "Census Tract 102.02" }, "geometry": { "type": "Polygon", "coordinates": [ [ [ -88.1176, 44.4148 ], [ -88.1066, 44.4254 ], [ -88.1069, 44.4307 ], [ -88.1118, 44.4307 ], [ -88.1, 44.4382 ], [ -88.0897, 44.4527 ], [ -88.0764, 44.4481 ], [ -88.0734, 44.4433 ], [ -88.0754, 44.4377 ], [ -88.0993, 44.4162 ], [ -88.1176, 44.4148 ] ] ] } },
{ "type": "Feature", "properties": { "GEOID": "55025011104", "county": "Census Tract 111.04" }, "geometry": { "type": "Polygon", "coordinates": [ [ [ -89.5202, 43.1406 ], [ -89.4923, 43.1414 ], [ -89.4916, 43.1336 ], [ -89.4716, 43.1337 ], [ -89.4716, 43.1191 ], [ -89.4914, 43.1191 ], [ -89.4916, 43.1116 ], [ -89.4955, 43.1051 ], [ -89.4971, 43.1056 ], [ -89.5096, 43.1115 ], [ -89.5202, 43.1406 ] ] ] } },
{ "type": "Feature", "properties": { "GEOID": "55057100400", "county": "Census Tract 1004" }, "geometry": { "type": "Polygon", "coordinates": [ [ [ -90.2116, 43.9055 ], [ -90.1725, 43.8943 ], [ -90.1522, 43.8853 ], [ -90.1526, 43.9087 ], [ -90.0725, 43.9086 ], [ -90.0724, 43.8977 ], [ -90.0108, 43.8976 ], [ -90.0107, 43.8841 ], [ -90.0157, 43.8619 ], [ -89.9955, 43.8619 ], [ -89.9956, 43.8582 ], [ -89.9802, 43.8583 ], [ -89.9757, 43.8661 ], [ -89.9724, 43.8625 ], [ -89.9606, 43.8635 ], [ -89.9223, 43.8385 ], [ -89.9137, 43.8184 ], [ -89.9028, 43.8141 ], [ -89.8898, 43.7967 ], [ -89.8651, 43.7834 ], [ -89.8569, 43.7727 ], [ -89.8505, 43.7687 ], [ -89.849, 43.7631 ], [ -89.8506, 43.7671 ], [ -89.8779, 43.7675 ], [ -89.8778, 43.7735 ], [ -89.8857, 43.7709 ], [ -89.889, 43.7723 ], [ -89.8956, 43.7689 ], [ -89.9029, 43.7711 ], [ -89.9079, 43.7685 ], [ -89.9095, 43.7709 ], [ -89.9156, 43.768 ], [ -89.916, 43.7699 ], [ -89.9187, 43.7696 ], [ -89.9207, 43.7674 ], [ -89.9229, 43.7711 ], [ -89.9279, 43.7711 ], [ -89.9294, 43.7747 ], [ -89.9402, 43.7758 ], [ -89.9506, 43.7849 ], [ -89.9578, 43.7843 ], [ -89.9547, 43.7867 ], [ -89.9585, 43.7875 ], [ -89.9658, 43.7834 ], [ -89.9681, 43.7847 ], [ -89.9715, 43.7832 ], [ -89.9759, 43.7796 ], [ -89.9817, 43.7826 ], [ -89.9853, 43.782 ], [ -89.9853, 43.78 ], [ -89.987, 43.7813 ], [ -89.9927, 43.7796 ], [ -89.9961, 43.7815 ], [ -89.9976, 43.7794 ], [ -90.0008, 43.7853 ], [ -90.0071, 43.7884 ], [ -90.0101, 43.7882 ], [ -90.0087, 43.7863 ], [ -90.0148, 43.7882 ], [ -90.0216, 43.786 ], [ -90.0205, 43.7872 ], [ -90.0308, 43.7907 ], [ -90.0411, 43.7889 ], [ -90.042, 43.7924 ], [ -90.0502, 43.7897 ], [ -90.0632, 43.8035 ], [ -90.072, 43.8035 ], [ -90.072, 43.8002 ], [ -90.074, 43.7985 ], [ -90.0767, 43.7995 ], [ -90.0949, 43.8155 ], [ -90.0995, 43.817 ], [ -90.099, 43.8238 ], [ -90.1077, 43.8251 ], [ -90.1083, 43.8272 ], [ -90.1054, 43.8277 ], [ -90.1088, 43.83 ], [ -90.1123, 43.8293 ], [ -90.1128, 43.8317 ], [ -90.1059, 43.8361 ], [ -90.1118, 43.8374 ], [ -90.1079, 43.8369 ], [ -90.1093, 43.8393 ], [ -90.1142, 43.8387 ], [ -90.1134, 43.8407 ], [ -90.1191, 43.8443 ], [ -90.1254, 43.8522 ], [ -90.1218, 43.8531 ], [ -90.1222, 43.856 ], [ -90.129, 43.8604 ], [ -90.1323, 43.8591 ], [ -90.1363, 43.8644 ], [ -90.1411, 43.8654 ], [ -90.1411, 43.8676 ], [ -90.1432, 43.867 ], [ -90.1459, 43.8697 ], [ -90.1572, 43.869 ], [ -90.1604, 43.8661 ], [ -90.1662, 43.8672 ], [ -90.1707, 43.8585 ], [ -90.1914, 43.862 ], [ -90.2114, 43.8621 ], [ -90.2116, 43.9055 ] ] ] } },
{ "type": "Feature", "properties": { "GEOID": "55133200801", "county": "Census Tract 2008.01" }, "geometry": { "type": "Polygon", "coordinates": [ [ [ -88.2058, 43.0642 ], [ -88.1927, 43.0815 ], [ -88.201, 43.1047 ], [ -88.1857, 43.1047 ], [ -88.1855, 43.1102 ], [ -88.1732, 43.1083 ], [ -88.1699, 43.1063 ], [ -88.1782, 43.0955 ], [ -88.1753, 43.0919 ], [ -88.1648, 43.0903 ], [ -88.1605, 43.0863 ], [ -88.1623, 43.0773 ], [ -88.1656, 43.0756 ], [ -88.1587, 43.068 ], [ -88.1639, 43.0614 ], [ -88.1834, 43.0577 ], [ -88.1909, 43.0583 ], [ -88.1979, 43.0549 ], [ -88.2058, 43.0588 ], [ -88.2058, 43.0642 ] ] ] } },
{ "type": "Feature", "properties": { "GEOID": "55025000501", "county": "Census Tract 5.01" }, "geometry": { "type": "Polygon", "coordinates": [ [ [ -89.4842, 43.03 ], [ -89.4836, 43.0392 ], [ -89.4776, 43.0392 ], [ -89.4735, 43.0464 ], [ -89.4587, 43.0394 ], [ -89.4599, 43.0315 ], [ -89.4688, 43.0237 ], [ -89.4803, 43.0261 ], [ -89.4842, 43.03 ] ] ] } },
{ "type": "Feature", "properties": { "GEOID": "55133204301", "county": "Census Tract 2043.01" }, "geometry": { "type": "Polygon", "coordinates": [ [ [ -88.4993, 43.1094 ], [ -88.4997, 43.1432 ], [ -88.4606, 43.1427 ], [ -88.4613, 43.1067 ], [ -88.475, 43.1048 ], [ -88.4993, 43.1094 ] ] ] } },
{ "type": "Feature", "properties": { "GEOID": "55055100400", "county": "Census Tract 1004" }, "geometry": { "type": "Polygon", "coordinates": [ [ [ -89.0121, 43.1107 ], [ -89.0088, 43.1977 ], [ -88.7722, 43.1977 ], [ -88.7724, 43.19 ], [ -88.7641, 43.1901 ], [ -88.7644, 43.1695 ], [ -88.7729, 43.168 ], [ -88.7729, 43.1577 ], [ -88.7889, 43.1346 ], [ -88.789, 43.1098 ], [ -88.7906, 43.1062 ], [ -88.7943, 43.106 ], [ -88.7955, 43.096 ], [ -88.8052, 43.0912 ], [ -88.8057, 43.0859 ], [ -88.8899, 43.0874 ], [ -88.9612, 43.1103 ], [ -89.0121, 43.1107 ] ] ] } },
{ "type": "Feature", "properties": { "GEOID": "55131420200", "county": "Census Tract 4202" }, "geometry": { "type": "Polygon", "coordinates": [ [ [ -88.2111, 43.4272 ], [ -88.1888, 43.4269 ], [ -88.1887, 43.4196 ], [ -88.1811, 43.4195 ], [ -88.181, 43.3977 ], [ -88.2009, 43.398 ], [ -88.2011, 43.4198 ], [ -88.2111, 43.4226 ], [ -88.2111, 43.4272 ] ] ] } },
{ "type": "Feature", "properties": { "GEOID": "55133202902", "county": "Census Tract 2029.02" }, "geometry": { "type": "Polygon", "coordinates": [ [ [ -88.2005, 43.0139 ], [ -88.2002, 43.0259 ], [ -88.187, 43.0277 ], [ -88.172, 43.0345 ], [ -88.167, 43.0332 ], [ -88.1664, 43.0172 ], [ -88.1717, 43.0143 ], [ -88.2005, 43.0139 ] ] ] } },
{ "type": "Feature", "properties": { "GEOID": "55069960400", "county": "Census Tract 9604" }, "geometry": { "type": "Polygon", "coordinates": [ [ [ -90.0461, 45.3403 ], [ -90.0422, 45.375 ], [ -90.0427, 45.454 ], [ -89.984, 45.453 ], [ -89.9742, 45.4564 ], [ -89.9623, 45.4533 ], [ -89.8577, 45.4549 ], [ -89.7956, 45.4534 ], [ -89.7957, 45.4451 ], [ -89.779, 45.4481 ], [ -89.7494, 45.4429 ], [ -89.7493, 45.4464 ], [ -89.7435, 45.4466 ], [ -89.7387, 45.4443 ], [ -89.7386, 45.4373 ], [ -89.7362, 45.4357 ], [ -89.7297, 45.4359 ], [ -89.7258, 45.4337 ], [ -89.7198, 45.4359 ], [ -89.7128, 45.4293 ], [ -89.7088, 45.4282 ], [ -89.701, 45.4299 ], [ -89.6964, 45.427 ], [ -89.6978, 45.4185 ], [ -89.7082, 45.4073 ], [ -89.7085, 45.3907 ], [ -89.7152, 45.3903 ], [ -89.7201, 45.3861 ], [ -89.7286, 45.3707 ], [ -89.7273, 45.3522 ], [ -89.7336, 45.3472 ], [ -89.7511, 45.3476 ], [ -89.7624, 45.343 ], [ -89.7697, 45.331 ], [ -89.7835, 45.3201 ], [ -89.785, 45.3129 ], [ -89.7933, 45.3002 ], [ -89.7942, 45.2868 ], [ -89.7905, 45.2773 ], [ -89.7957, 45.2721 ], [ -89.7952, 45.2593 ], [ -89.8042, 45.2452 ], [ -89.8046, 45.2337 ], [ -89.7986, 45.2247 ], [ -89.786, 45.2186 ], [ -89.7862, 45.2132 ], [ -89.7689, 45.213 ], [ -89.7572, 45.2084 ], [ -89.753, 45.196 ], [ -89.7656, 45.2025 ], [ -89.7799, 45.2032 ], [ -89.7812, 45.2091 ], [ -89.7862, 45.2075 ], [ -89.7856, 45.1996 ], [ -89.7969, 45.1996 ], [ -89.7967, 45.1199 ], [ -90.0437, 45.1202 ], [ -90.0461, 45.3403 ] ] ] } },
{ "type": "Feature", "properties": { "GEOID": "55035000402", "county": "Census Tract 4.02" }, "geometry": { "type": "Polygon", "coordinates": [ [ [ -91.4684, 44.8073 ], [ -91.434, 44.8073 ], [ -91.4275, 44.8037 ], [ -91.4196, 44.8037 ], [ -91.3836, 44.7963 ], [ -91.3839, 44.7938 ], [ -91.376, 44.7874 ], [ -91.4067, 44.7928 ], [ -91.4378, 44.7955 ], [ -91.4614, 44.7949 ], [ -91.4682, 44.8001 ], [ -91.4684, 44.8073 ] ] ] } },
{ "type": "Feature", "properties": { "GEOID": "55059002603", "county": "Census Tract 26.03" }, "geometry": { "type": "Polygon", "coordinates": [ [ [ -87.953, 42.5823 ], [ -87.9224, 42.582 ], [ -87.9255, 42.567 ], [ -87.9528, 42.5675 ], [ -87.953, 42.5823 ] ] ] } },
{ "type": "Feature", "properties": { "GEOID": "55009020900", "county": "Census Tract 209" }, "geometry": { "type": "Polygon", "coordinates": [ [ [ -88.0408, 44.4804 ], [ -88.0339, 44.4855 ], [ -88.0246, 44.4804 ], [ -88.0212, 44.4852 ], [ -88.0032, 44.4789 ], [ -88.0044, 44.4755 ], [ -88.0078, 44.4744 ], [ -88.0164, 44.4774 ], [ -88.0214, 44.4701 ], [ -88.0297, 44.473 ], [ -88.028, 44.4755 ], [ -88.0408, 44.4804 ] ] ] } },
{ "type": "Feature", "properties": { "GEOID": "55079101100", "county": "Census Tract 1011" }, "geometry": { "type": "Polygon", "coordinates": [ [ [ -88.0472, 42.9844 ], [ -88.0469, 43.0026 ], [ -88.0382, 43.0026 ], [ -88.0383, 42.9881 ], [ -88.0422, 42.9881 ], [ -88.0423, 42.9845 ], [ -88.0472, 42.9844 ] ] ] } },
{ "type": "Feature", "properties": { "GEOID": "55133203000", "county": "Census Tract 2030" }, "geometry": { "type": "Polygon", "coordinates": [ [ [ -88.2559, 43.0321 ], [ -88.2559, 43.0467 ], [ -88.2456, 43.0462 ], [ -88.227, 43.0491 ], [ -88.2111, 43.0487 ], [ -88.2009, 43.046 ], [ -88.2089, 43.0418 ], [ -88.2281, 43.0148 ], [ -88.2316, 43.0168 ], [ -88.2358, 43.0132 ], [ -88.2455, 43.0322 ], [ -88.2559, 43.0321 ] ] ] } },
{ "type": "Feature", "properties": { "GEOID": "55079009000", "county": "Census Tract 90" }, "geometry": { "type": "Polygon", "coordinates": [ [ [ -87.9647, 43.0565 ], [ -87.9646, 43.0643 ], [ -87.9575, 43.0643 ], [ -87.9576, 43.0564 ], [ -87.9647, 43.0565 ] ] ] } },
{ "type": "Feature", "properties": { "GEOID": "55079000600", "county": "Census Tract 6" }, "geometry": { "type": "Polygon", "coordinates": [ [ [ -88.0253, 43.1413 ], [ -88.0055, 43.1414 ], [ -88.0053, 43.1487 ], [ -87.9854, 43.1485 ], [ -87.9846, 43.1339 ], [ -88.0254, 43.1341 ], [ -88.0253, 43.1413 ] ] ] } },
{ "type": "Feature", "properties": { "GEOID": "55083101200", "county": "Census Tract 1012" }, "geometry": { "type": "Polygon", "coordinates": [ [ [ -88.2482, 44.8527 ], [ -88.2452, 44.9395 ], [ -88.1243, 44.9367 ], [ -88.1263, 44.8665 ], [ -88.1233, 44.8639 ], [ -88.126, 44.8618 ], [ -88.1221, 44.856 ], [ -88.1446, 44.8582 ], [ -88.1469, 44.8503 ], [ -88.2283, 44.8523 ], [ -88.2282, 44.8597 ], [ -88.2417, 44.8534 ], [ -88.2482, 44.8527 ] ] ] } },
{ "type": "Feature", "properties": { "GEOID": "55079003600", "county": "Census Tract 36" }, "geometry": { "type": "Polygon", "coordinates": [ [ [ -87.9895, 43.0881 ], [ -87.9894, 43.0973 ], [ -87.9769, 43.0972 ], [ -87.9771, 43.088 ], [ -87.9895, 43.0881 ] ] ] } },
{ "type": "Feature", "properties": { "GEOID": "55133204501", "county": "Census Tract 2045.01" }, "geometry": { "type": "Polygon", "coordinates": [ [ [ -88.5383, 43.1511 ], [ -88.5358, 43.196 ], [ -88.3992, 43.194 ], [ -88.4009, 43.1421 ], [ -88.4997, 43.1432 ], [ -88.4997, 43.1519 ], [ -88.5026, 43.1505 ], [ -88.5383, 43.1511 ] ] ] } }
]
}
